{
"type": "FeatureCollection",
"name": "atlanta_detected_decay",
"crs": { "type": "name", "properties": { "name": "urn:ogc:def:crs:OGC:1.3:CRS84" } },
"xy_coordinate_resolution": 1e-05,
"features": [
{ "type": "Feature", "properties": { "city": "Atlanta", "view": "detected", "cls": "decay", "area_km2": 0.0054 }, "geometry": { "type": "Polygon", "coordinates": [ [ [ -84.35077, 33.88214 ], [ -84.3498, 33.88204 ], [ -84.34988, 33.8815 ], [ -84.35085, 33.8816 ], [ -84.35077, 33.88214 ] ] ] } },
{ "type": "Feature", "properties": { "city": "Atlanta", "view": "detected", "cls": "decay", "area_km2": 0.0315 }, "geometry": { "type": "Polygon", "coordinates": [ [ [ -84.3952, 33.88662 ], [ -84.39422, 33.88653 ], [ -84.39426, 33.88626 ], [ -84.39361, 33.88619 ], [ -84.39337, 33.88563 ], [ -84.3924, 33.88553 ], [ -84.39215, 33.88496 ], [ -84.39248, 33.885 ], [ -84.39252, 33.88473 ], [ -84.39414, 33.88489 ], [ -84.3941, 33.88516 ], [ -84.39475, 33.88523 ], [ -84.39499, 33.88579 ], [ -84.39531, 33.88582 ], [ -84.3952, 33.88662 ] ] ] } },
{ "type": "Feature", "properties": { "city": "Atlanta", "view": "detected", "cls": "decay", "area_km2": 0.0027 }, "geometry": { "type": "Polygon", "coordinates": [ [ [ -84.40475, 33.88434 ], [ -84.40378, 33.88424 ], [ -84.40382, 33.88398 ], [ -84.40479, 33.88408 ], [ -84.40475, 33.88434 ] ] ] } },
{ "type": "Feature", "properties": { "city": "Atlanta", "view": "detected", "cls": "decay", "area_km2": 0.0063 }, "geometry": { "type": "Polygon", "coordinates": [ [ [ -84.35291, 33.87884 ], [ -84.35227, 33.87877 ], [ -84.35231, 33.8785 ], [ -84.35198, 33.87847 ], [ -84.35206, 33.87794 ], [ -84.35271, 33.878 ], [ -84.35267, 33.87827 ], [ -84.35299, 33.8783 ], [ -84.35291, 33.87884 ] ] ] } },
{ "type": "Feature", "properties": { "city": "Atlanta", "view": "detected", "cls": "decay", "area_km2": 0.0081 }, "geometry": { "type": "Polygon", "coordinates": [ [ [ -84.40381, 33.88181 ], [ -84.4032, 33.88148 ], [ -84.40332, 33.88068 ], [ -84.40397, 33.88075 ], [ -84.40393, 33.88101 ], [ -84.40426, 33.88105 ], [ -84.40418, 33.88158 ], [ -84.40385, 33.88155 ], [ -84.40381, 33.88181 ] ] ] } },
{ "type": "Feature", "properties": { "city": "Atlanta", "view": "detected", "cls": "decay", "area_km2": 0.0072 }, "geometry": { "type": "Polygon", "coordinates": [ [ [ -84.36036, 33.87526 ], [ -84.36004, 33.87523 ], [ -84.3602, 33.87416 ], [ -84.36084, 33.87423 ], [ -84.36109, 33.87479 ], [ -84.3604, 33.87499 ], [ -84.36036, 33.87526 ] ] ] } },
{ "type": "Feature", "properties": { "city": "Atlanta", "view": "detected", "cls": "decay", "area_km2": 0.0252 }, "geometry": { "type": "Polygon", "coordinates": [ [ [ -84.36608, 33.87665 ], [ -84.36547, 33.87632 ], [ -84.36559, 33.87552 ], [ -84.36526, 33.87549 ], [ -84.36546, 33.87415 ], [ -84.36514, 33.87412 ], [ -84.36522, 33.87359 ], [ -84.36587, 33.87365 ], [ -84.36603, 33.87475 ], [ -84.36636, 33.87479 ], [ -84.36628, 33.87532 ], [ -84.3666, 33.87535 ], [ -84.36644, 33.87642 ], [ -84.36612, 33.87638 ], [ -84.36608, 33.87665 ] ] ] } },
{ "type": "Feature", "properties": { "city": "Atlanta", "view": "detected", "cls": "decay", "area_km2": 0.0135 }, "geometry": { "type": "Polygon", "coordinates": [ [ [ -84.42763, 33.8788 ], [ -84.42698, 33.87874 ], [ -84.42702, 33.87847 ], [ -84.4254, 33.87831 ], [ -84.42544, 33.87804 ], [ -84.42678, 33.8779 ], [ -84.42682, 33.87764 ], [ -84.42746, 33.8777 ], [ -84.42763, 33.8788 ] ] ] } },
{ "type": "Feature", "properties": { "city": "Atlanta", "view": "detected", "cls": "decay", "area_km2": 0.0459 }, "geometry": { "type": "Polygon", "coordinates": [ [ [ -84.42926, 33.88113 ], [ -84.42828, 33.88103 ], [ -84.42804, 33.88046 ], [ -84.42772, 33.88043 ], [ -84.42791, 33.8791 ], [ -84.4286, 33.8789 ], [ -84.42864, 33.87863 ], [ -84.42832, 33.8786 ], [ -84.4284, 33.87807 ], [ -84.42807, 33.87803 ], [ -84.42815, 33.8775 ], [ -84.4288, 33.87757 ], [ -84.42872, 33.8781 ], [ -84.42905, 33.87813 ], [ -84.42901, 33.8784 ], [ -84.42998, 33.8785 ], [ -84.4299, 33.87903 ], [ -84.42957, 33.879 ], [ -84.42926, 33.88113 ] ] ] } },
{ "type": "Feature", "properties": { "city": "Atlanta", "view": "detected", "cls": "decay", "area_km2": 0.0108 }, "geometry": { "type": "Polygon", "coordinates": [ [ [ -84.41085, 33.87657 ], [ -84.40955, 33.87644 ], [ -84.40963, 33.87591 ], [ -84.40995, 33.87594 ], [ -84.40999, 33.87567 ], [ -84.41097, 33.87577 ], [ -84.41121, 33.87634 ], [ -84.41089, 33.8763 ], [ -84.41085, 33.87657 ] ] ] } },
{ "type": "Feature", "properties": { "city": "Atlanta", "view": "detected", "cls": "decay", "area_km2": 0.0054 }, "geometry": { "type": "Polygon", "coordinates": [ [ [ -84.42815, 33.8775 ], [ -84.4275, 33.87744 ], [ -84.42762, 33.87664 ], [ -84.42827, 33.8767 ], [ -84.42815, 33.8775 ] ] ] } },
{ "type": "Feature", "properties": { "city": "Atlanta", "view": "detected", "cls": "decay", "area_km2": 0.0153 }, "geometry": { "type": "Polygon", "coordinates": [ [ [ -84.36542, 33.87226 ], [ -84.36509, 33.87222 ], [ -84.36529, 33.87089 ], [ -84.36562, 33.87092 ], [ -84.36582, 33.86959 ], [ -84.36651, 33.86939 ], [ -84.36631, 33.87072 ], [ -84.36598, 33.87069 ], [ -84.36586, 33.87149 ], [ -84.36554, 33.87146 ], [ -84.36542, 33.87226 ] ] ] } },
{ "type": "Feature", "properties": { "city": "Atlanta", "view": "detected", "cls": "decay", "area_km2": 0.0117 }, "geometry": { "type": "Polygon", "coordinates": [ [ [ -84.36148, 33.86996 ], [ -84.36083, 33.8699 ], [ -84.36087, 33.86963 ], [ -84.36055, 33.8696 ], [ -84.36063, 33.86907 ], [ -84.36095, 33.8691 ], [ -84.36099, 33.86883 ], [ -84.36197, 33.86893 ], [ -84.36185, 33.86973 ], [ -84.36152, 33.8697 ], [ -84.36148, 33.86996 ] ] ] } },
{ "type": "Feature", "properties": { "city": "Atlanta", "view": "detected", "cls": "decay", "area_km2": 0.0369 }, "geometry": { "type": "Polygon", "coordinates": [ [ [ -84.35107, 33.86918 ], [ -84.3501, 33.86908 ], [ -84.34985, 33.86852 ], [ -84.34953, 33.86848 ], [ -84.34965, 33.86768 ], [ -84.34997, 33.86772 ], [ -84.35001, 33.86745 ], [ -84.35066, 33.86752 ], [ -84.3507, 33.86725 ], [ -84.35167, 33.86735 ], [ -84.35192, 33.86791 ], [ -84.35224, 33.86795 ], [ -84.35212, 33.86875 ], [ -84.35147, 33.86868 ], [ -84.35107, 33.86918 ] ] ] } },
{ "type": "Feature", "properties": { "city": "Atlanta", "view": "detected", "cls": "decay", "area_km2": 0.0135 }, "geometry": { "type": "Polygon", "coordinates": [ [ [ -84.35411, 33.86868 ], [ -84.35346, 33.86861 ], [ -84.35362, 33.86755 ], [ -84.35394, 33.86758 ], [ -84.35398, 33.86731 ], [ -84.35366, 33.86728 ], [ -84.3537, 33.86701 ], [ -84.35435, 33.86708 ], [ -84.35451, 33.86818 ], [ -84.35484, 33.86821 ], [ -84.3548, 33.86848 ], [ -84.35415, 33.86841 ], [ -84.35411, 33.86868 ] ] ] } },
{ "type": "Feature", "properties": { "city": "Atlanta", "view": "detected", "cls": "decay", "area_km2": 0.0027 }, "geometry": { "type": "Polygon", "coordinates": [ [ [ -84.42238, 33.87205 ], [ -84.42173, 33.87199 ], [ -84.42181, 33.87145 ], [ -84.42242, 33.87179 ], [ -84.42238, 33.87205 ] ] ] } },
{ "type": "Feature", "properties": { "city": "Atlanta", "view": "detected", "cls": "decay", "area_km2": 0.0045 }, "geometry": { "type": "Polygon", "coordinates": [ [ [ -84.35657, 33.86541 ], [ -84.3556, 33.86531 ], [ -84.35568, 33.86478 ], [ -84.35633, 33.86484 ], [ -84.35657, 33.86541 ] ] ] } },
{ "type": "Feature", "properties": { "city": "Atlanta", "view": "detected", "cls": "decay", "area_km2": 0.0036 }, "geometry": { "type": "Polygon", "coordinates": [ [ [ -84.38283, 33.86806 ], [ -84.38218, 33.868 ], [ -84.38222, 33.86773 ], [ -84.38254, 33.86777 ], [ -84.38258, 33.8675 ], [ -84.38323, 33.86756 ], [ -84.38319, 33.86783 ], [ -84.38287, 33.8678 ], [ -84.38283, 33.86806 ] ] ] } },
{ "type": "Feature", "properties": { "city": "Atlanta", "view": "detected", "cls": "decay", "area_km2": 0.0117 }, "geometry": { "type": "Polygon", "coordinates": [ [ [ -84.40844, 33.87065 ], [ -84.40714, 33.87052 ], [ -84.40795, 33.86952 ], [ -84.40828, 33.86955 ], [ -84.40824, 33.86982 ], [ -84.40888, 33.86988 ], [ -84.4088, 33.87041 ], [ -84.40848, 33.87038 ], [ -84.40844, 33.87065 ] ] ] } },
{ "type": "Feature", "properties": { "city": "Atlanta", "view": "detected", "cls": "decay", "area_km2": 0.0153 }, "geometry": { "type": "Polygon", "coordinates": [ [ [ -84.40483, 33.87055 ], [ -84.40419, 33.87049 ], [ -84.40431, 33.86969 ], [ -84.40499, 33.86949 ], [ -84.40507, 33.86896 ], [ -84.40572, 33.86902 ], [ -84.40564, 33.86955 ], [ -84.40597, 33.86959 ], [ -84.40593, 33.86985 ], [ -84.40524, 33.87005 ], [ -84.4052, 33.87032 ], [ -84.40487, 33.87029 ], [ -84.40483, 33.87055 ] ] ] } },
{ "type": "Feature", "properties": { "city": "Atlanta", "view": "detected", "cls": "decay", "area_km2": 0.0045 }, "geometry": { "type": "Polygon", "coordinates": [ [ [ -84.38615, 33.86786 ], [ -84.38554, 33.86753 ], [ -84.38562, 33.86699 ], [ -84.38627, 33.86706 ], [ -84.38615, 33.86786 ] ] ] } },
{ "type": "Feature", "properties": { "city": "Atlanta", "view": "detected", "cls": "decay", "area_km2": 0.0873 }, "geometry": { "type": "Polygon", "coordinates": [ [ [ -84.43487, 33.87439 ], [ -84.43422, 33.87432 ], [ -84.43434, 33.87352 ], [ -84.43401, 33.87349 ], [ -84.43393, 33.87403 ], [ -84.43329, 33.87396 ], [ -84.43304, 33.87339 ], [ -84.43178, 33.873 ], [ -84.43186, 33.87246 ], [ -84.43089, 33.87237 ], [ -84.43093, 33.8721 ], [ -84.43158, 33.87217 ], [ -84.43166, 33.87163 ], [ -84.43263, 33.87173 ], [ -84.43303, 33.87123 ], [ -84.43401, 33.87133 ], [ -84.43397, 33.87159 ], [ -84.43462, 33.87166 ], [ -84.43458, 33.87193 ], [ -84.43522, 33.87199 ], [ -84.43518, 33.87226 ], [ -84.43454, 33.87219 ], [ -84.4345, 33.87246 ], [ -84.43709, 33.87272 ], [ -84.43705, 33.87299 ], [ -84.4364, 33.87292 ], [ -84.43665, 33.87349 ], [ -84.43632, 33.87345 ], [ -84.43628, 33.87372 ], [ -84.43531, 33.87362 ], [ -84.43535, 33.87336 ], [ -84.43503, 33.87332 ], [ -84.43499, 33.87359 ], [ -84.43466, 33.87356 ], [ -84.43462, 33.87382 ], [ -84.43495, 33.87386 ], [ -84.43487, 33.87439 ] ], [ [ -84.43539, 33.87309 ], [ -84.43543, 33.87282 ], [ -84.43511, 33.87279 ], [ -84.43507, 33.87306 ], [ -84.43539, 33.87309 ] ] ] } },
{ "type": "Feature", "properties": { "city": "Atlanta", "view": "detected", "cls": "decay", "area_km2": 0.0342 }, "geometry": { "type": "Polygon", "coordinates": [ [ [ -84.41817, 33.87163 ], [ -84.41525, 33.87133 ], [ -84.41529, 33.87107 ], [ -84.41659, 33.8712 ], [ -84.41634, 33.87063 ], [ -84.41699, 33.8707 ], [ -84.41739, 33.8702 ], [ -84.41772, 33.87023 ], [ -84.4178, 33.8697 ], [ -84.41877, 33.86979 ], [ -84.41837, 33.87029 ], [ -84.41901, 33.87036 ], [ -84.41889, 33.87116 ], [ -84.41825, 33.87109 ], [ -84.41817, 33.87163 ] ] ] } },
{ "type": "Feature", "properties": { "city": "Atlanta", "view": "detected", "cls": "decay", "area_km2": 0.0171 }, "geometry": { "type": "Polygon", "coordinates": [ [ [ -84.41172, 33.87071 ], [ -84.41111, 33.87038 ], [ -84.41115, 33.87011 ], [ -84.41148, 33.87014 ], [ -84.41156, 33.86961 ], [ -84.41221, 33.86967 ], [ -84.41261, 33.86917 ], [ -84.41358, 33.86927 ], [ -84.41354, 33.86954 ], [ -84.41322, 33.86951 ], [ -84.41314, 33.87004 ], [ -84.41249, 33.86997 ], [ -84.41241, 33.87051 ], [ -84.41176, 33.87044 ], [ -84.41172, 33.87071 ] ] ] } },
{ "type": "Feature", "properties": { "city": "Atlanta", "view": "detected", "cls": "decay", "area_km2": 0.0513 }, "geometry": { "type": "Polygon", "coordinates": [ [ [ -84.44853, 33.87549 ], [ -84.4482, 33.87546 ], [ -84.44824, 33.87519 ], [ -84.44759, 33.87513 ], [ -84.44735, 33.87456 ], [ -84.44702, 33.87453 ], [ -84.4471, 33.874 ], [ -84.44649, 33.87366 ], [ -84.44657, 33.87313 ], [ -84.44848, 33.87359 ], [ -84.44852, 33.87333 ], [ -84.44917, 33.87339 ], [ -84.44925, 33.87286 ], [ -84.44957, 33.87289 ], [ -84.44961, 33.87262 ], [ -84.44993, 33.87266 ], [ -84.44945, 33.87369 ], [ -84.45042, 33.87379 ], [ -84.45038, 33.87405 ], [ -84.4497, 33.87426 ], [ -84.44966, 33.87452 ], [ -84.44933, 33.87449 ], [ -84.44929, 33.87476 ], [ -84.44897, 33.87472 ], [ -84.44889, 33.87526 ], [ -84.44857, 33.87522 ], [ -84.44853, 33.87549 ] ] ] } },
{ "type": "Feature", "properties": { "city": "Atlanta", "view": "detected", "cls": "decay", "area_km2": 0.2295 }, "geometry": { "type": "Polygon", "coordinates": [ [ [ -84.4429, 33.8779 ], [ -84.44229, 33.87757 ], [ -84.44233, 33.8773 ], [ -84.44201, 33.87727 ], [ -84.44213, 33.87647 ], [ -84.44245, 33.8765 ], [ -84.44249, 33.87624 ], [ -84.44217, 33.8762 ], [ -84.44225, 33.87567 ], [ -84.44062, 33.87551 ], [ -84.44074, 33.87471 ], [ -84.44143, 33.87451 ], [ -84.44147, 33.87424 ], [ -84.44086, 33.87391 ], [ -84.4409, 33.87364 ], [ -84.44123, 33.87368 ], [ -84.44135, 33.87288 ], [ -84.44102, 33.87284 ], [ -84.44114, 33.87204 ], [ -84.44146, 33.87208 ], [ -84.44158, 33.87128 ], [ -84.44191, 33.87131 ], [ -84.44195, 33.87104 ], [ -84.4426, 33.87111 ], [ -84.44252, 33.87164 ], [ -84.44316, 33.87171 ], [ -84.44301, 33.87277 ], [ -84.44463, 33.87294 ], [ -84.44487, 33.8735 ], [ -84.4452, 33.87353 ], [ -84.44508, 33.87433 ], [ -84.44475, 33.8743 ], [ -84.44456, 33.87563 ], [ -84.4452, 33.8757 ], [ -84.44524, 33.87543 ], [ -84.44557, 33.87546 ], [ -84.44565, 33.87493 ], [ -84.44759, 33.87513 ], [ -84.44743, 33.87619 ], [ -84.44679, 33.87613 ], [ -84.44638, 33.87663 ], [ -84.44573, 33.87656 ], [ -84.44533, 33.87706 ], [ -84.44501, 33.87703 ], [ -84.44493, 33.87756 ], [ -84.4446, 33.87753 ], [ -84.44456, 33.8778 ], [ -84.44294, 33.87763 ], [ -84.4429, 33.8779 ] ] ] } },
{ "type": "Feature", "properties": { "city": "Atlanta", "view": "detected", "cls": "decay", "area_km2": 0.018 }, "geometry": { "type": "Polygon", "coordinates": [ [ [ -84.41646, 33.86983 ], [ -84.41549, 33.86973 ], [ -84.41557, 33.8692 ], [ -84.41488, 33.8694 ], [ -84.41492, 33.86914 ], [ -84.41427, 33.86907 ], [ -84.41431, 33.8688 ], [ -84.41496, 33.86887 ], [ -84.41536, 33.86837 ], [ -84.41601, 33.86843 ], [ -84.41593, 33.86897 ], [ -84.41723, 33.8691 ], [ -84.41719, 33.86936 ], [ -84.41654, 33.8693 ], [ -84.41646, 33.86983 ] ], [ [ -84.41561, 33.86894 ], [ -84.41565, 33.86867 ], [ -84.41532, 33.86864 ], [ -84.41528, 33.8689 ], [ -84.41561, 33.86894 ] ] ] } },
{ "type": "Feature", "properties": { "city": "Atlanta", "view": "detected", "cls": "decay", "area_km2": 0.0027 }, "geometry": { "type": "Polygon", "coordinates": [ [ [ -84.41727, 33.86883 ], [ -84.41629, 33.86873 ], [ -84.41633, 33.86847 ], [ -84.41731, 33.86857 ], [ -84.41727, 33.86883 ] ] ] } },
{ "type": "Feature", "properties": { "city": "Atlanta", "view": "detected", "cls": "decay", "area_km2": 0.0333 }, "geometry": { "type": "Polygon", "coordinates": [ [ [ -84.42984, 33.8728 ], [ -84.42923, 33.87247 ], [ -84.42927, 33.8722 ], [ -84.42895, 33.87217 ], [ -84.42902, 33.87164 ], [ -84.42842, 33.87131 ], [ -84.42846, 33.87104 ], [ -84.42813, 33.87101 ], [ -84.42825, 33.87021 ], [ -84.42857, 33.87024 ], [ -84.42865, 33.86971 ], [ -84.42898, 33.86974 ], [ -84.42902, 33.86947 ], [ -84.42999, 33.86957 ], [ -84.42991, 33.8701 ], [ -84.42959, 33.87007 ], [ -84.42983, 33.87064 ], [ -84.42951, 33.8706 ], [ -84.42939, 33.8714 ], [ -84.42971, 33.87144 ], [ -84.42963, 33.87197 ], [ -84.42996, 33.872 ], [ -84.42984, 33.8728 ] ] ] } },
{ "type": "Feature", "properties": { "city": "Atlanta", "view": "detected", "cls": "decay", "area_km2": 0.0243 }, "geometry": { "type": "Polygon", "coordinates": [ [ [ -84.40515, 33.86842 ], [ -84.40454, 33.86809 ], [ -84.40458, 33.86782 ], [ -84.40426, 33.86779 ], [ -84.40434, 33.86726 ], [ -84.40503, 33.86706 ], [ -84.40507, 33.86679 ], [ -84.40539, 33.86682 ], [ -84.40543, 33.86656 ], [ -84.4064, 33.86666 ], [ -84.40624, 33.86772 ], [ -84.40556, 33.86792 ], [ -84.40552, 33.86819 ], [ -84.40519, 33.86816 ], [ -84.40515, 33.86842 ] ] ] } },
{ "type": "Feature", "properties": { "city": "Atlanta", "view": "detected", "cls": "decay", "area_km2": 0.0117 }, "geometry": { "type": "Polygon", "coordinates": [ [ [ -84.41403, 33.86851 ], [ -84.41338, 33.86844 ], [ -84.41358, 33.86711 ], [ -84.41455, 33.86721 ], [ -84.41443, 33.86801 ], [ -84.4141, 33.86797 ], [ -84.41403, 33.86851 ] ] ] } },
{ "type": "Feature", "properties": { "city": "Atlanta", "view": "detected", "cls": "decay", "area_km2": 0.0036 }, "geometry": { "type": "Polygon", "coordinates": [ [ [ -84.44693, 33.87073 ], [ -84.44596, 33.87063 ], [ -84.446, 33.87037 ], [ -84.44668, 33.87017 ], [ -84.44693, 33.87073 ] ] ] } },
{ "type": "Feature", "properties": { "city": "Atlanta", "view": "detected", "cls": "decay", "area_km2": 0.009 }, "geometry": { "type": "Polygon", "coordinates": [ [ [ -84.4505, 33.87109 ], [ -84.44989, 33.87076 ], [ -84.44997, 33.87023 ], [ -84.45029, 33.87026 ], [ -84.45037, 33.86973 ], [ -84.45102, 33.86979 ], [ -84.4509, 33.87059 ], [ -84.45057, 33.87056 ], [ -84.4505, 33.87109 ] ] ] } },
{ "type": "Feature", "properties": { "city": "Atlanta", "view": "detected", "cls": "decay", "area_km2": 0.1341 }, "geometry": { "type": "Polygon", "coordinates": [ [ [ -84.3543, 33.86302 ], [ -84.3517, 33.86275 ], [ -84.35178, 33.86222 ], [ -84.35114, 33.86215 ], [ -84.35073, 33.86265 ], [ -84.35041, 33.86262 ], [ -84.35049, 33.86209 ], [ -84.34984, 33.86202 ], [ -84.34996, 33.86122 ], [ -84.35028, 33.86126 ], [ -84.35044, 33.86019 ], [ -84.35105, 33.86052 ], [ -84.35109, 33.86026 ], [ -84.35141, 33.86029 ], [ -84.35157, 33.85922 ], [ -84.35255, 33.85932 ], [ -84.35279, 33.85989 ], [ -84.35344, 33.85995 ], [ -84.35348, 33.85969 ], [ -84.35445, 33.85978 ], [ -84.35441, 33.86005 ], [ -84.35474, 33.86008 ], [ -84.35466, 33.86062 ], [ -84.35498, 33.86065 ], [ -84.3547, 33.86252 ], [ -84.35438, 33.86248 ], [ -84.3543, 33.86302 ] ] ] } },
{ "type": "Feature", "properties": { "city": "Atlanta", "view": "detected", "cls": "decay", "area_km2": 0.0612 }, "geometry": { "type": "Polygon", "coordinates": [ [ [ -84.41021, 33.86758 ], [ -84.40989, 33.86755 ], [ -84.40993, 33.86728 ], [ -84.40928, 33.86722 ], [ -84.40932, 33.86695 ], [ -84.40835, 33.86685 ], [ -84.4081, 33.86629 ], [ -84.40746, 33.86622 ], [ -84.40757, 33.86542 ], [ -84.4079, 33.86545 ], [ -84.40798, 33.86492 ], [ -84.40863, 33.86499 ], [ -84.40887, 33.86555 ], [ -84.40952, 33.86562 ], [ -84.40992, 33.86512 ], [ -84.41252, 33.86538 ], [ -84.41256, 33.86511 ], [ -84.41288, 33.86514 ], [ -84.4128, 33.86568 ], [ -84.41118, 33.86551 ], [ -84.41078, 33.86601 ], [ -84.41045, 33.86598 ], [ -84.41041, 33.86625 ], [ -84.41074, 33.86628 ], [ -84.41062, 33.86708 ], [ -84.41029, 33.86705 ], [ -84.41021, 33.86758 ] ] ] } },
{ "type": "Feature", "properties": { "city": "Atlanta", "view": "detected", "cls": "decay", "area_km2": 0.0027 }, "geometry": { "type": "Polygon", "coordinates": [ [ [ -84.42293, 33.86616 ], [ -84.42228, 33.86609 ], [ -84.42269, 33.86559 ], [ -84.42301, 33.86562 ], [ -84.42293, 33.86616 ] ] ] } },
{ "type": "Feature", "properties": { "city": "Atlanta", "view": "detected", "cls": "decay", "area_km2": 0.0261 }, "geometry": { "type": "Polygon", "coordinates": [ [ [ -84.44587, 33.869 ], [ -84.44392, 33.86881 ], [ -84.44404, 33.86801 ], [ -84.44473, 33.86781 ], [ -84.44477, 33.86754 ], [ -84.44607, 33.86767 ], [ -84.44623, 33.86877 ], [ -84.44591, 33.86874 ], [ -84.44587, 33.869 ] ] ] } },
{ "type": "Feature", "properties": { "city": "Atlanta", "view": "detected", "cls": "decay", "area_km2": 0.0315 }, "geometry": { "type": "Polygon", "coordinates": [ [ [ -84.43623, 33.86966 ], [ -84.43562, 33.86933 ], [ -84.43566, 33.86906 ], [ -84.43534, 33.86903 ], [ -84.43542, 33.86849 ], [ -84.43481, 33.86816 ], [ -84.43485, 33.8679 ], [ -84.43452, 33.86786 ], [ -84.4346, 33.86733 ], [ -84.43428, 33.8673 ], [ -84.43436, 33.86676 ], [ -84.43403, 33.86673 ], [ -84.43407, 33.86647 ], [ -84.43537, 33.8666 ], [ -84.43497, 33.8671 ], [ -84.43529, 33.86713 ], [ -84.43521, 33.86766 ], [ -84.43586, 33.86773 ], [ -84.43578, 33.86826 ], [ -84.43708, 33.86839 ], [ -84.43704, 33.86866 ], [ -84.43671, 33.86862 ], [ -84.43663, 33.86916 ], [ -84.43631, 33.86912 ], [ -84.43623, 33.86966 ] ] ] } },
{ "type": "Feature", "properties": { "city": "Atlanta", "view": "detected", "cls": "decay", "area_km2": 0.0189 }, "geometry": { "type": "Polygon", "coordinates": [ [ [ -84.43249, 33.86604 ], [ -84.42925, 33.86571 ], [ -84.42929, 33.86544 ], [ -84.43026, 33.86554 ], [ -84.43034, 33.86501 ], [ -84.43229, 33.8652 ], [ -84.43221, 33.86574 ], [ -84.43253, 33.86577 ], [ -84.43249, 33.86604 ] ], [ [ -84.43188, 33.8657 ], [ -84.43192, 33.86544 ], [ -84.4316, 33.86541 ], [ -84.43156, 33.86567 ], [ -84.43188, 33.8657 ] ] ] } },
{ "type": "Feature", "properties": { "city": "Atlanta", "view": "detected", "cls": "decay", "area_km2": 0.0045 }, "geometry": { "type": "Polygon", "coordinates": [ [ [ -84.3525, 33.85742 ], [ -84.35218, 33.85739 ], [ -84.35226, 33.85686 ], [ -84.35193, 33.85682 ], [ -84.35201, 33.85629 ], [ -84.35262, 33.85662 ], [ -84.3525, 33.85742 ] ] ] } },
{ "type": "Feature", "properties": { "city": "Atlanta", "view": "detected", "cls": "decay", "area_km2": 0.0036 }, "geometry": { "type": "Polygon", "coordinates": [ [ [ -84.43233, 33.86494 ], [ -84.43135, 33.86484 ], [ -84.43143, 33.86431 ], [ -84.43176, 33.86434 ], [ -84.43172, 33.86461 ], [ -84.43237, 33.86467 ], [ -84.43233, 33.86494 ] ] ] } },
{ "type": "Feature", "properties": { "city": "Atlanta", "view": "detected", "cls": "decay", "area_km2": 0.0522 }, "geometry": { "type": "Polygon", "coordinates": [ [ [ -84.40583, 33.86389 ], [ -84.40486, 33.86379 ], [ -84.40509, 33.8622 ], [ -84.40542, 33.86223 ], [ -84.40546, 33.86196 ], [ -84.40611, 33.86203 ], [ -84.40619, 33.86149 ], [ -84.40683, 33.86156 ], [ -84.40675, 33.86209 ], [ -84.40736, 33.86242 ], [ -84.40732, 33.86269 ], [ -84.40894, 33.86285 ], [ -84.40887, 33.86339 ], [ -84.40854, 33.86335 ], [ -84.4085, 33.86362 ], [ -84.40623, 33.86339 ], [ -84.40583, 33.86389 ] ] ] } },
{ "type": "Feature", "properties": { "city": "Atlanta", "view": "detected", "cls": "decay", "area_km2": 0.0513 }, "geometry": { "type": "Polygon", "coordinates": [ [ [ -84.45231, 33.86776 ], [ -84.4517, 33.86742 ], [ -84.45174, 33.86716 ], [ -84.45141, 33.86713 ], [ -84.45145, 33.86686 ], [ -84.4502, 33.86646 ], [ -84.45024, 33.8662 ], [ -84.44991, 33.86616 ], [ -84.44999, 33.86563 ], [ -84.45031, 33.86566 ], [ -84.45035, 33.8654 ], [ -84.45165, 33.86553 ], [ -84.45182, 33.86663 ], [ -84.45279, 33.86672 ], [ -84.45287, 33.86619 ], [ -84.45356, 33.86599 ], [ -84.4536, 33.86572 ], [ -84.45392, 33.86575 ], [ -84.45396, 33.86549 ], [ -84.45461, 33.86555 ], [ -84.45445, 33.86662 ], [ -84.45376, 33.86682 ], [ -84.45372, 33.86709 ], [ -84.45307, 33.86702 ], [ -84.453, 33.86755 ], [ -84.45235, 33.86749 ], [ -84.45231, 33.86776 ] ] ] } },
{ "type": "Feature", "properties": { "city": "Atlanta", "view": "detected", "cls": "decay", "area_km2": 0.009 }, "geometry": { "type": "Polygon", "coordinates": [ [ [ -84.37065, 33.8571 ], [ -84.37, 33.85703 ], [ -84.37008, 33.8565 ], [ -84.36976, 33.85646 ], [ -84.37016, 33.85596 ], [ -84.37081, 33.85603 ], [ -84.37077, 33.8563 ], [ -84.37109, 33.85633 ], [ -84.37105, 33.8566 ], [ -84.37073, 33.85656 ], [ -84.37065, 33.8571 ] ] ] } },
{ "type": "Feature", "properties": { "city": "Atlanta", "view": "detected", "cls": "decay", "area_km2": 0.0153 }, "geometry": { "type": "Polygon", "coordinates": [ [ [ -84.35051, 33.85533 ], [ -84.35019, 33.8553 ], [ -84.35027, 33.85476 ], [ -84.34966, 33.85443 ], [ -84.3497, 33.85416 ], [ -84.34938, 33.85413 ], [ -84.34942, 33.85386 ], [ -84.34909, 33.85383 ], [ -84.34913, 33.85357 ], [ -84.3501, 33.85366 ], [ -84.35006, 33.85393 ], [ -84.35071, 33.854 ], [ -84.35067, 33.85426 ], [ -84.351, 33.8543 ], [ -84.35088, 33.85509 ], [ -84.35055, 33.85506 ], [ -84.35051, 33.85533 ] ] ] } },
{ "type": "Feature", "properties": { "city": "Atlanta", "view": "detected", "cls": "decay", "area_km2": 0.0036 }, "geometry": { "type": "Polygon", "coordinates": [ [ [ -84.40687, 33.85913 ], [ -84.40557, 33.859 ], [ -84.40561, 33.85873 ], [ -84.40691, 33.85886 ], [ -84.40687, 33.85913 ] ] ] } },
{ "type": "Feature", "properties": { "city": "Atlanta", "view": "detected", "cls": "decay", "area_km2": 0.0045 }, "geometry": { "type": "Polygon", "coordinates": [ [ [ -84.45132, 33.86333 ], [ -84.45071, 33.863 ], [ -84.45111, 33.8625 ], [ -84.45172, 33.86283 ], [ -84.45132, 33.86333 ] ] ] } },
{ "type": "Feature", "properties": { "city": "Atlanta", "view": "detected", "cls": "decay", "area_km2": 0.0126 }, "geometry": { "type": "Polygon", "coordinates": [ [ [ -84.45517, 33.86399 ], [ -84.45452, 33.86392 ], [ -84.45456, 33.86365 ], [ -84.45424, 33.86362 ], [ -84.4544, 33.86256 ], [ -84.45537, 33.86265 ], [ -84.45517, 33.86399 ] ] ] } },
{ "type": "Feature", "properties": { "city": "Atlanta", "view": "detected", "cls": "decay", "area_km2": 0.0117 }, "geometry": { "type": "Polygon", "coordinates": [ [ [ -84.42316, 33.86023 ], [ -84.42186, 33.8601 ], [ -84.42226, 33.8596 ], [ -84.42194, 33.85956 ], [ -84.42198, 33.8593 ], [ -84.4223, 33.85933 ], [ -84.42234, 33.85906 ], [ -84.42299, 33.85913 ], [ -84.42295, 33.8594 ], [ -84.42327, 33.85943 ], [ -84.42316, 33.86023 ] ] ] } },
{ "type": "Feature", "properties": { "city": "Atlanta", "view": "detected", "cls": "decay", "area_km2": 0.0108 }, "geometry": { "type": "Polygon", "coordinates": [ [ [ -84.44986, 33.8621 ], [ -84.44888, 33.862 ], [ -84.44892, 33.86174 ], [ -84.4486, 33.8617 ], [ -84.44868, 33.86117 ], [ -84.44998, 33.8613 ], [ -84.45022, 33.86187 ], [ -84.4499, 33.86183 ], [ -84.44986, 33.8621 ] ] ] } },
{ "type": "Feature", "properties": { "city": "Atlanta", "view": "detected", "cls": "decay", "area_km2": 0.0036 }, "geometry": { "type": "Polygon", "coordinates": [ [ [ -84.41557, 33.85811 ], [ -84.41497, 33.85778 ], [ -84.41501, 33.85751 ], [ -84.41598, 33.85761 ], [ -84.41557, 33.85811 ] ] ] } },
{ "type": "Feature", "properties": { "city": "Atlanta", "view": "detected", "cls": "decay", "area_km2": 0.0036 }, "geometry": { "type": "Polygon", "coordinates": [ [ [ -84.40394, 33.85451 ], [ -84.40329, 33.85444 ], [ -84.40337, 33.85391 ], [ -84.40402, 33.85397 ], [ -84.40394, 33.85451 ] ] ] } },
{ "type": "Feature", "properties": { "city": "Atlanta", "view": "detected", "cls": "decay", "area_km2": 0.0225 }, "geometry": { "type": "Polygon", "coordinates": [ [ [ -84.38393, 33.85411 ], [ -84.38332, 33.85378 ], [ -84.38344, 33.85298 ], [ -84.38376, 33.85301 ], [ -84.38384, 33.85248 ], [ -84.38417, 33.85251 ], [ -84.38421, 33.85224 ], [ -84.38453, 33.85228 ], [ -84.38461, 33.85174 ], [ -84.38493, 33.85178 ], [ -84.38481, 33.85258 ], [ -84.38514, 33.85261 ], [ -84.38506, 33.85314 ], [ -84.38473, 33.85311 ], [ -84.38462, 33.85391 ], [ -84.38397, 33.85384 ], [ -84.38393, 33.85411 ] ] ] } },
{ "type": "Feature", "properties": { "city": "Atlanta", "view": "detected", "cls": "decay", "area_km2": 0.0045 }, "geometry": { "type": "Polygon", "coordinates": [ [ [ -84.39372, 33.85239 ], [ -84.39308, 33.85233 ], [ -84.3932, 33.85153 ], [ -84.3938, 33.85186 ], [ -84.39372, 33.85239 ] ] ] } },
{ "type": "Feature", "properties": { "city": "Atlanta", "view": "detected", "cls": "decay", "area_km2": 0.0423 }, "geometry": { "type": "Polygon", "coordinates": [ [ [ -84.45507, 33.85803 ], [ -84.45248, 33.85777 ], [ -84.45251, 33.8575 ], [ -84.45284, 33.85753 ], [ -84.45296, 33.85673 ], [ -84.45393, 33.85683 ], [ -84.45397, 33.85656 ], [ -84.45462, 33.85663 ], [ -84.45466, 33.85636 ], [ -84.45595, 33.85649 ], [ -84.45612, 33.85759 ], [ -84.4558, 33.85756 ], [ -84.45576, 33.85782 ], [ -84.45511, 33.85776 ], [ -84.45507, 33.85803 ] ] ] } },
{ "type": "Feature", "properties": { "city": "Atlanta", "view": "detected", "cls": "decay", "area_km2": 0.0054 }, "geometry": { "type": "Polygon", "coordinates": [ [ [ -84.41325, 33.85166 ], [ -84.4126, 33.85159 ], [ -84.413, 33.85109 ], [ -84.41235, 33.85103 ], [ -84.41239, 33.85076 ], [ -84.41337, 33.85086 ], [ -84.41325, 33.85166 ] ] ] } },
{ "type": "Feature", "properties": { "city": "Atlanta", "view": "detected", "cls": "decay", "area_km2": 0.09 }, "geometry": { "type": "Polygon", "coordinates": [ [ [ -84.41204, 33.85316 ], [ -84.41041, 33.85299 ], [ -84.41017, 33.85243 ], [ -84.4092, 33.85233 ], [ -84.40912, 33.85286 ], [ -84.40815, 33.85277 ], [ -84.40826, 33.85197 ], [ -84.40705, 33.8513 ], [ -84.40713, 33.85077 ], [ -84.40782, 33.85057 ], [ -84.40778, 33.85083 ], [ -84.4081, 33.85087 ], [ -84.40814, 33.8506 ], [ -84.40846, 33.85063 ], [ -84.40854, 33.8501 ], [ -84.40887, 33.85013 ], [ -84.40883, 33.8504 ], [ -84.4098, 33.8505 ], [ -84.41004, 33.85106 ], [ -84.41069, 33.85113 ], [ -84.41094, 33.85169 ], [ -84.41126, 33.85173 ], [ -84.41122, 33.85199 ], [ -84.4126, 33.85159 ], [ -84.41256, 33.85186 ], [ -84.41321, 33.85192 ], [ -84.41317, 33.85219 ], [ -84.41252, 33.85212 ], [ -84.41248, 33.85239 ], [ -84.41313, 33.85246 ], [ -84.41309, 33.85272 ], [ -84.41244, 33.85266 ], [ -84.41204, 33.85316 ] ] ] } },
{ "type": "Feature", "properties": { "city": "Atlanta", "view": "detected", "cls": "decay", "area_km2": 0.1269 }, "geometry": { "type": "Polygon", "coordinates": [ [ [ -84.39077, 33.85237 ], [ -84.39044, 33.85233 ], [ -84.39048, 33.85207 ], [ -84.38919, 33.85194 ], [ -84.38894, 33.85137 ], [ -84.38765, 33.85124 ], [ -84.38769, 33.85097 ], [ -84.38898, 33.8511 ], [ -84.38874, 33.85054 ], [ -84.38906, 33.85057 ], [ -84.3891, 33.8503 ], [ -84.38849, 33.84997 ], [ -84.38845, 33.85024 ], [ -84.38813, 33.85021 ], [ -84.38817, 33.84994 ], [ -84.38785, 33.84991 ], [ -84.38781, 33.85017 ], [ -84.38683, 33.85007 ], [ -84.38699, 33.84901 ], [ -84.3857, 33.84888 ], [ -84.38578, 33.84834 ], [ -84.38513, 33.84828 ], [ -84.38521, 33.84775 ], [ -84.38456, 33.84768 ], [ -84.3846, 33.84741 ], [ -84.38719, 33.84768 ], [ -84.38744, 33.84824 ], [ -84.38776, 33.84827 ], [ -84.38768, 33.84881 ], [ -84.388, 33.84884 ], [ -84.38792, 33.84937 ], [ -84.38861, 33.84917 ], [ -84.38857, 33.84944 ], [ -84.38955, 33.84954 ], [ -84.38962, 33.849 ], [ -84.3906, 33.8491 ], [ -84.39052, 33.84963 ], [ -84.39113, 33.84997 ], [ -84.39105, 33.8505 ], [ -84.39166, 33.85083 ], [ -84.39162, 33.8511 ], [ -84.39194, 33.85113 ], [ -84.3919, 33.8514 ], [ -84.39222, 33.85143 ], [ -84.3921, 33.85223 ], [ -84.39081, 33.8521 ], [ -84.39077, 33.85237 ] ] ] } },
{ "type": "Feature", "properties": { "city": "Atlanta", "view": "detected", "cls": "decay", "area_km2": 0.0666 }, "geometry": { "type": "Polygon", "coordinates": [ [ [ -84.44206, 33.85699 ], [ -84.44109, 33.85689 ], [ -84.44113, 33.85663 ], [ -84.44048, 33.85656 ], [ -84.44052, 33.85629 ], [ -84.44117, 33.85636 ], [ -84.44125, 33.85583 ], [ -84.44194, 33.85562 ], [ -84.44198, 33.85536 ], [ -84.4423, 33.85539 ], [ -84.44238, 33.85486 ], [ -84.4427, 33.85489 ], [ -84.44221, 33.85376 ], [ -84.44286, 33.85382 ], [ -84.44327, 33.85332 ], [ -84.44456, 33.85345 ], [ -84.44448, 33.85399 ], [ -84.44481, 33.85402 ], [ -84.44485, 33.85375 ], [ -84.44549, 33.85382 ], [ -84.44553, 33.85355 ], [ -84.44586, 33.85358 ], [ -84.44574, 33.85438 ], [ -84.44444, 33.85425 ], [ -84.44436, 33.85479 ], [ -84.44372, 33.85472 ], [ -84.44323, 33.85576 ], [ -84.44291, 33.85572 ], [ -84.44275, 33.85679 ], [ -84.4421, 33.85672 ], [ -84.44206, 33.85699 ] ] ] } },
{ "type": "Feature", "properties": { "city": "Atlanta", "view": "detected", "cls": "decay", "area_km2": 0.0099 }, "geometry": { "type": "Polygon", "coordinates": [ [ [ -84.44963, 33.85477 ], [ -84.44931, 33.85474 ], [ -84.44938, 33.85421 ], [ -84.44874, 33.85414 ], [ -84.44878, 33.85388 ], [ -84.4491, 33.85391 ], [ -84.44918, 33.85338 ], [ -84.45015, 33.85347 ], [ -84.45011, 33.85374 ], [ -84.44979, 33.85371 ], [ -84.45003, 33.85427 ], [ -84.44971, 33.85424 ], [ -84.44963, 33.85477 ] ] ] } },
{ "type": "Feature", "properties": { "city": "Atlanta", "view": "detected", "cls": "decay", "area_km2": 0.0306 }, "geometry": { "type": "Polygon", "coordinates": [ [ [ -84.43634, 33.85344 ], [ -84.43537, 33.85334 ], [ -84.43541, 33.85308 ], [ -84.43508, 33.85304 ], [ -84.43532, 33.85144 ], [ -84.43597, 33.85151 ], [ -84.43605, 33.85098 ], [ -84.4367, 33.85104 ], [ -84.43662, 33.85157 ], [ -84.43694, 33.85161 ], [ -84.4369, 33.85187 ], [ -84.43658, 33.85184 ], [ -84.43682, 33.85241 ], [ -84.4365, 33.85237 ], [ -84.43646, 33.85264 ], [ -84.43678, 33.85267 ], [ -84.43674, 33.85294 ], [ -84.43642, 33.85291 ], [ -84.43634, 33.85344 ] ] ] } },
{ "type": "Feature", "properties": { "city": "Atlanta", "view": "detected", "cls": "decay", "area_km2": 0.972 }, "geometry": { "type": "Polygon", "coordinates": [ [ [ -84.39747, 33.86035 ], [ -84.39488, 33.86008 ], [ -84.39496, 33.85955 ], [ -84.39431, 33.85949 ], [ -84.39407, 33.85892 ], [ -84.39374, 33.85889 ], [ -84.39358, 33.85779 ], [ -84.39297, 33.85746 ], [ -84.39301, 33.85719 ], [ -84.39171, 33.85706 ], [ -84.39183, 33.85626 ], [ -84.39216, 33.85629 ], [ -84.39224, 33.85576 ], [ -84.39256, 33.85579 ], [ -84.39272, 33.85473 ], [ -84.39499, 33.85496 ], [ -84.39495, 33.85522 ], [ -84.3943, 33.85516 ], [ -84.39454, 33.85572 ], [ -84.39422, 33.85569 ], [ -84.39414, 33.85622 ], [ -84.39382, 33.85619 ], [ -84.39378, 33.85646 ], [ -84.3941, 33.85649 ], [ -84.39398, 33.85729 ], [ -84.39495, 33.85739 ], [ -84.39503, 33.85685 ], [ -84.39536, 33.85689 ], [ -84.39556, 33.85555 ], [ -84.39588, 33.85559 ], [ -84.39592, 33.85532 ], [ -84.39531, 33.85499 ], [ -84.39535, 33.85472 ], [ -84.3947, 33.85466 ], [ -84.39474, 33.85439 ], [ -84.39543, 33.85419 ], [ -84.39547, 33.85392 ], [ -84.39579, 33.85395 ], [ -84.39576, 33.85422 ], [ -84.39673, 33.85432 ], [ -84.39677, 33.85405 ], [ -84.39742, 33.85412 ], [ -84.39746, 33.85385 ], [ -84.3981, 33.85392 ], [ -84.39814, 33.85365 ], [ -84.39944, 33.85378 ], [ -84.39984, 33.85328 ], [ -84.40017, 33.85331 ], [ -84.40021, 33.85305 ], [ -84.39924, 33.85295 ], [ -84.39935, 33.85215 ], [ -84.4, 33.85221 ], [ -84.40008, 33.85168 ], [ -84.40041, 33.85171 ], [ -84.40045, 33.85145 ], [ -84.40012, 33.85142 ], [ -84.4002, 33.85088 ], [ -84.39988, 33.85085 ], [ -84.39996, 33.85032 ], [ -84.39931, 33.85025 ], [ -84.39939, 33.84972 ], [ -84.39874, 33.84965 ], [ -84.39886, 33.84885 ], [ -84.39951, 33.84892 ], [ -84.39959, 33.84839 ], [ -84.40024, 33.84845 ], [ -84.40027, 33.84818 ], [ -84.40125, 33.84828 ], [ -84.40121, 33.84855 ], [ -84.40186, 33.84861 ], [ -84.4019, 33.84835 ], [ -84.40222, 33.84838 ], [ -84.40234, 33.84758 ], [ -84.40299, 33.84765 ], [ -84.40307, 33.84711 ], [ -84.40371, 33.84718 ], [ -84.40388, 33.84828 ], [ -84.4042, 33.84831 ], [ -84.40412, 33.84884 ], [ -84.40445, 33.84888 ], [ -84.40405, 33.84938 ], [ -84.40469, 33.84944 ], [ -84.40477, 33.84891 ], [ -84.40542, 33.84897 ], [ -84.4055, 33.84844 ], [ -84.40647, 33.84854 ], [ -84.40643, 33.84881 ], [ -84.40578, 33.84874 ], [ -84.40603, 33.84931 ], [ -84.40571, 33.84927 ], [ -84.40555, 33.85034 ], [ -84.40425, 33.85021 ], [ -84.40417, 33.85074 ], [ -84.40352, 33.85068 ], [ -84.40344, 33.85121 ], [ -84.40279, 33.85114 ], [ -84.40275, 33.85141 ], [ -84.4034, 33.85148 ], [ -84.40332, 33.85201 ], [ -84.40365, 33.85204 ], [ -84.40405, 33.85154 ], [ -84.40438, 33.85157 ], [ -84.40445, 33.85104 ], [ -84.40478, 33.85107 ], [ -84.40486, 33.85054 ], [ -84.40551, 33.85061 ], [ -84.40543, 33.85114 ], [ -84.40608, 33.8512 ], [ -84.40592, 33.85227 ], [ -84.40624, 33.8523 ], [ -84.40616, 33.85284 ], [ -84.40649, 33.85287 ], [ -84.40645, 33.85314 ], [ -84.40612, 33.8531 ], [ -84.40604, 33.85364 ], [ -84.40053, 33.85308 ], [ -84.40041, 33.85388 ], [ -84.40203, 33.85404 ], [ -84.40228, 33.85461 ], [ -84.40357, 33.85474 ], [ -84.40342, 33.85581 ], [ -84.40374, 33.85584 ], [ -84.4037, 33.8561 ], [ -84.40467, 33.8562 ], [ -84.40471, 33.85594 ], [ -84.40536, 33.856 ], [ -84.40548, 33.8552 ], [ -84.4058, 33.85523 ], [ -84.40576, 33.8555 ], [ -84.40609, 33.85553 ], [ -84.40593, 33.8566 ], [ -84.40625, 33.85663 ], [ -84.40629, 33.85637 ], [ -84.40727, 33.85646 ], [ -84.40723, 33.85673 ], [ -84.40755, 33.85676 ], [ -84.40715, 33.85726 ], [ -84.40682, 33.85723 ], [ -84.40678, 33.8575 ], [ -84.40646, 33.85746 ], [ -84.40634, 33.85826 ], [ -84.40699, 33.85833 ], [ -84.40695, 33.8586 ], [ -84.40533, 33.85843 ], [ -84.40529, 33.8587 ], [ -84.40431, 33.8586 ], [ -84.4042, 33.8594 ], [ -84.40355, 33.85933 ], [ -84.40314, 33.85984 ], [ -84.40185, 33.8597 ], [ -84.40181, 33.85997 ], [ -84.40083, 33.85987 ], [ -84.40087, 33.85961 ], [ -84.39893, 33.85941 ], [ -84.39885, 33.85994 ], [ -84.39751, 33.86008 ], [ -84.39747, 33.86035 ] ], [ [ -84.39831, 33.85691 ], [ -84.39843, 33.85611 ], [ -84.39811, 33.85608 ], [ -84.39807, 33.85635 ], [ -84.39775, 33.85632 ], [ -84.39767, 33.85685 ], [ -84.39831, 33.85691 ] ], [ [ -84.40178, 33.85131 ], [ -84.40182, 33.85105 ], [ -84.4015, 33.85101 ], [ -84.40146, 33.85128 ], [ -84.40178, 33.85131 ] ], [ [ -84.40342, 33.85797 ], [ -84.40346, 33.8577 ], [ -84.40281, 33.85764 ], [ -84.40277, 33.8579 ], [ -84.40342, 33.85797 ] ], [ [ -84.40277, 33.8579 ], [ -84.40245, 33.85787 ], [ -84.40237, 33.8584 ], [ -84.40269, 33.85844 ], [ -84.40277, 33.8579 ] ], [ [ -84.40461, 33.84997 ], [ -84.40465, 33.84971 ], [ -84.40433, 33.84968 ], [ -84.40429, 33.84994 ], [ -84.40461, 33.84997 ] ], [ [ -84.40537, 33.85817 ], [ -84.40541, 33.8579 ], [ -84.40508, 33.85787 ], [ -84.40504, 33.85813 ], [ -84.40537, 33.85817 ] ] ] } },
{ "type": "Feature", "properties": { "city": "Atlanta", "view": "detected", "cls": "decay", "area_km2": 0.0045 }, "geometry": { "type": "Polygon", "coordinates": [ [ [ -84.41895, 33.84871 ], [ -84.4183, 33.84865 ], [ -84.41834, 33.84838 ], [ -84.41802, 33.84835 ], [ -84.41809, 33.84782 ], [ -84.4187, 33.84815 ], [ -84.41866, 33.84842 ], [ -84.41899, 33.84845 ], [ -84.41895, 33.84871 ] ] ] } },
{ "type": "Feature", "properties": { "city": "Atlanta", "view": "detected", "cls": "decay", "area_km2": 0.0036 }, "geometry": { "type": "Polygon", "coordinates": [ [ [ -84.39662, 33.84619 ], [ -84.39598, 33.84613 ], [ -84.39606, 33.8456 ], [ -84.3967, 33.84566 ], [ -84.39662, 33.84619 ] ] ] } },
{ "type": "Feature", "properties": { "city": "Atlanta", "view": "detected", "cls": "decay", "area_km2": 0.027 }, "geometry": { "type": "Polygon", "coordinates": [ [ [ -84.36385, 33.84315 ], [ -84.36256, 33.84302 ], [ -84.36231, 33.84246 ], [ -84.36199, 33.84242 ], [ -84.36203, 33.84216 ], [ -84.3617, 33.84212 ], [ -84.36174, 33.84186 ], [ -84.36142, 33.84182 ], [ -84.3615, 33.84129 ], [ -84.36215, 33.84136 ], [ -84.36211, 33.84162 ], [ -84.36373, 33.84179 ], [ -84.36365, 33.84232 ], [ -84.36397, 33.84235 ], [ -84.36385, 33.84315 ] ] ] } },
{ "type": "Feature", "properties": { "city": "Atlanta", "view": "detected", "cls": "decay", "area_km2": 0.0036 }, "geometry": { "type": "Polygon", "coordinates": [ [ [ -84.41749, 33.84749 ], [ -84.41651, 33.84739 ], [ -84.41655, 33.84712 ], [ -84.41724, 33.84692 ], [ -84.41749, 33.84749 ] ] ] } },
{ "type": "Feature", "properties": { "city": "Atlanta", "view": "detected", "cls": "decay", "area_km2": 0.0288 }, "geometry": { "type": "Polygon", "coordinates": [ [ [ -84.43304, 33.84905 ], [ -84.43272, 33.84902 ], [ -84.4328, 33.84849 ], [ -84.43219, 33.84815 ], [ -84.43223, 33.84789 ], [ -84.43191, 33.84785 ], [ -84.43195, 33.84759 ], [ -84.43162, 33.84756 ], [ -84.43166, 33.84729 ], [ -84.43134, 33.84726 ], [ -84.43142, 33.84672 ], [ -84.43271, 33.84685 ], [ -84.43267, 33.84712 ], [ -84.43332, 33.84719 ], [ -84.43328, 33.84745 ], [ -84.43361, 33.84748 ], [ -84.43353, 33.84802 ], [ -84.43385, 33.84805 ], [ -84.43381, 33.84832 ], [ -84.43349, 33.84828 ], [ -84.43341, 33.84882 ], [ -84.43308, 33.84878 ], [ -84.43304, 33.84905 ] ] ] } },
{ "type": "Feature", "properties": { "city": "Atlanta", "view": "detected", "cls": "decay", "area_km2": 0.0036 }, "geometry": { "type": "Polygon", "coordinates": [ [ [ -84.45504, 33.84937 ], [ -84.45374, 33.84924 ], [ -84.45378, 33.84897 ], [ -84.45508, 33.8491 ], [ -84.45504, 33.84937 ] ] ] } },
{ "type": "Feature", "properties": { "city": "Atlanta", "view": "detected", "cls": "decay", "area_km2": 0.162 }, "geometry": { "type": "Polygon", "coordinates": [ [ [ -84.44987, 33.85318 ], [ -84.44954, 33.85314 ], [ -84.44962, 33.85261 ], [ -84.4493, 33.85258 ], [ -84.44946, 33.85151 ], [ -84.44913, 33.85148 ], [ -84.44917, 33.85121 ], [ -84.4495, 33.85125 ], [ -84.44954, 33.85098 ], [ -84.44921, 33.85095 ], [ -84.44949, 33.84908 ], [ -84.44981, 33.84911 ], [ -84.44997, 33.84805 ], [ -84.45058, 33.84838 ], [ -84.45054, 33.84865 ], [ -84.45151, 33.84874 ], [ -84.45155, 33.84848 ], [ -84.45188, 33.84851 ], [ -84.45184, 33.84878 ], [ -84.45216, 33.84881 ], [ -84.45232, 33.84774 ], [ -84.45329, 33.84784 ], [ -84.45313, 33.84891 ], [ -84.45346, 33.84894 ], [ -84.45342, 33.8492 ], [ -84.45245, 33.84911 ], [ -84.45241, 33.84937 ], [ -84.45338, 33.84947 ], [ -84.45334, 33.84974 ], [ -84.45301, 33.84971 ], [ -84.45294, 33.85024 ], [ -84.45261, 33.85021 ], [ -84.45257, 33.85047 ], [ -84.4529, 33.8505 ], [ -84.45286, 33.85077 ], [ -84.4535, 33.85084 ], [ -84.45354, 33.85057 ], [ -84.45387, 33.8506 ], [ -84.45395, 33.85007 ], [ -84.45427, 33.8501 ], [ -84.45444, 33.8512 ], [ -84.45375, 33.8514 ], [ -84.45367, 33.85193 ], [ -84.45205, 33.85177 ], [ -84.45165, 33.85227 ], [ -84.45132, 33.85224 ], [ -84.45128, 33.85251 ], [ -84.45096, 33.85247 ], [ -84.45092, 33.85274 ], [ -84.45059, 33.85271 ], [ -84.45055, 33.85297 ], [ -84.44995, 33.85264 ], [ -84.44987, 33.85318 ] ], [ [ -84.45289, 33.84834 ], [ -84.45293, 33.84807 ], [ -84.4526, 33.84804 ], [ -84.45256, 33.84831 ], [ -84.45289, 33.84834 ] ], [ [ -84.45281, 33.84887 ], [ -84.45285, 33.84861 ], [ -84.45252, 33.84857 ], [ -84.45248, 33.84884 ], [ -84.45281, 33.84887 ] ] ] } },
{ "type": "Feature", "properties": { "city": "Atlanta", "view": "detected", "cls": "decay", "area_km2": 0.0378 }, "geometry": { "type": "Polygon", "coordinates": [ [ [ -84.40375, 33.84475 ], [ -84.40314, 33.84442 ], [ -84.40322, 33.84388 ], [ -84.40391, 33.84368 ], [ -84.40395, 33.84342 ], [ -84.40427, 33.84345 ], [ -84.40439, 33.84265 ], [ -84.40471, 33.84268 ], [ -84.40475, 33.84242 ], [ -84.40573, 33.84251 ], [ -84.40569, 33.84278 ], [ -84.40601, 33.84281 ], [ -84.40593, 33.84335 ], [ -84.40561, 33.84331 ], [ -84.40545, 33.84438 ], [ -84.40512, 33.84435 ], [ -84.40508, 33.84461 ], [ -84.40379, 33.84448 ], [ -84.40375, 33.84475 ] ] ] } },
{ "type": "Feature", "properties": { "city": "Atlanta", "view": "detected", "cls": "decay", "area_km2": 0.0027 }, "geometry": { "type": "Polygon", "coordinates": [ [ [ -84.44588, 33.84682 ], [ -84.4449, 33.84673 ], [ -84.44494, 33.84646 ], [ -84.44592, 33.84656 ], [ -84.44588, 33.84682 ] ] ] } },
{ "type": "Feature", "properties": { "city": "Atlanta", "view": "detected", "cls": "decay", "area_km2": 0.009 }, "geometry": { "type": "Polygon", "coordinates": [ [ [ -84.45106, 33.84735 ], [ -84.45009, 33.84725 ], [ -84.45013, 33.84698 ], [ -84.45045, 33.84701 ], [ -84.45021, 33.84645 ], [ -84.45053, 33.84648 ], [ -84.45061, 33.84595 ], [ -84.45094, 33.84598 ], [ -84.45086, 33.84651 ], [ -84.4515, 33.84658 ], [ -84.45147, 33.84684 ], [ -84.45082, 33.84678 ], [ -84.45106, 33.84735 ] ] ] } },
{ "type": "Feature", "properties": { "city": "Atlanta", "view": "detected", "cls": "decay", "area_km2": 0.2718 }, "geometry": { "type": "Polygon", "coordinates": [ [ [ -84.44598, 33.85279 ], [ -84.44565, 33.85275 ], [ -84.44573, 33.85222 ], [ -84.44504, 33.85242 ], [ -84.44508, 33.85215 ], [ -84.44476, 33.85212 ], [ -84.44472, 33.85239 ], [ -84.4444, 33.85236 ], [ -84.44444, 33.85209 ], [ -84.44411, 33.85206 ], [ -84.44415, 33.85179 ], [ -84.44448, 33.85182 ], [ -84.44467, 33.85049 ], [ -84.44305, 33.85033 ], [ -84.44281, 33.84976 ], [ -84.44151, 33.84963 ], [ -84.44159, 33.8491 ], [ -84.44127, 33.84907 ], [ -84.44131, 33.8488 ], [ -84.44228, 33.8489 ], [ -84.44232, 33.84863 ], [ -84.44167, 33.84857 ], [ -84.44175, 33.84803 ], [ -84.44142, 33.848 ], [ -84.44183, 33.8475 ], [ -84.44118, 33.84743 ], [ -84.4413, 33.84663 ], [ -84.44162, 33.84667 ], [ -84.44166, 33.8464 ], [ -84.44134, 33.84637 ], [ -84.44138, 33.8461 ], [ -84.4417, 33.84613 ], [ -84.44178, 33.8456 ], [ -84.44211, 33.84563 ], [ -84.44215, 33.84537 ], [ -84.44182, 33.84533 ], [ -84.4419, 33.8448 ], [ -84.44158, 33.84477 ], [ -84.44166, 33.84424 ], [ -84.44198, 33.84427 ], [ -84.44202, 33.844 ], [ -84.44267, 33.84407 ], [ -84.44259, 33.8446 ], [ -84.44291, 33.84463 ], [ -84.44287, 33.8449 ], [ -84.44255, 33.84487 ], [ -84.44251, 33.84513 ], [ -84.44283, 33.84517 ], [ -84.443, 33.84626 ], [ -84.44361, 33.8466 ], [ -84.44357, 33.84686 ], [ -84.44551, 33.84706 ], [ -84.44543, 33.84759 ], [ -84.44576, 33.84762 ], [ -84.44572, 33.84789 ], [ -84.44539, 33.84786 ], [ -84.44535, 33.84812 ], [ -84.44665, 33.84825 ], [ -84.44661, 33.84852 ], [ -84.44726, 33.84859 ], [ -84.44722, 33.84885 ], [ -84.44787, 33.84892 ], [ -84.44779, 33.84945 ], [ -84.44714, 33.84939 ], [ -84.44706, 33.84992 ], [ -84.44739, 33.84995 ], [ -84.44731, 33.85048 ], [ -84.44763, 33.85052 ], [ -84.44759, 33.85078 ], [ -84.44694, 33.85072 ], [ -84.4469, 33.85098 ], [ -84.44788, 33.85108 ], [ -84.44791, 33.85082 ], [ -84.44824, 33.85085 ], [ -84.4482, 33.85111 ], [ -84.44852, 33.85115 ], [ -84.4484, 33.85195 ], [ -84.44772, 33.85215 ], [ -84.44776, 33.85188 ], [ -84.44743, 33.85185 ], [ -84.44703, 33.85235 ], [ -84.44606, 33.85225 ], [ -84.44598, 33.85279 ] ], [ [ -84.44293, 33.84896 ], [ -84.44297, 33.8487 ], [ -84.44264, 33.84866 ], [ -84.4426, 33.84893 ], [ -84.44293, 33.84896 ] ], [ [ -84.44707, 33.85208 ], [ -84.44711, 33.85182 ], [ -84.44678, 33.85178 ], [ -84.44674, 33.85205 ], [ -84.44707, 33.85208 ] ] ] } },
{ "type": "Feature", "properties": { "city": "Atlanta", "view": "detected", "cls": "decay", "area_km2": 0.0063 }, "geometry": { "type": "Polygon", "coordinates": [ [ [ -84.42391, 33.84191 ], [ -84.42326, 33.84185 ], [ -84.42338, 33.84105 ], [ -84.42403, 33.84111 ], [ -84.42399, 33.84138 ], [ -84.42431, 33.84141 ], [ -84.42391, 33.84191 ] ] ] } },
{ "type": "Feature", "properties": { "city": "Atlanta", "view": "detected", "cls": "decay", "area_km2": 0.0189 }, "geometry": { "type": "Polygon", "coordinates": [ [ [ -84.43083, 33.8418 ], [ -84.43019, 33.84173 ], [ -84.43023, 33.84146 ], [ -84.4299, 33.84143 ], [ -84.43014, 33.83983 ], [ -84.43046, 33.83986 ], [ -84.4305, 33.8396 ], [ -84.43111, 33.83993 ], [ -84.43083, 33.8418 ] ] ] } },
{ "type": "Feature", "properties": { "city": "Atlanta", "view": "detected", "cls": "decay", "area_km2": 0.0135 }, "geometry": { "type": "Polygon", "coordinates": [ [ [ -84.42261, 33.83962 ], [ -84.42196, 33.83955 ], [ -84.42216, 33.83822 ], [ -84.4228, 33.83828 ], [ -84.42284, 33.83802 ], [ -84.42317, 33.83805 ], [ -84.42341, 33.83861 ], [ -84.42309, 33.83858 ], [ -84.42301, 33.83911 ], [ -84.42269, 33.83908 ], [ -84.42261, 33.83962 ] ] ] } },
{ "type": "Feature", "properties": { "city": "Atlanta", "view": "detected", "cls": "decay", "area_km2": 0.0036 }, "geometry": { "type": "Polygon", "coordinates": [ [ [ -84.36941, 33.83235 ], [ -84.36881, 33.83202 ], [ -84.36889, 33.83149 ], [ -84.36949, 33.83182 ], [ -84.36941, 33.83235 ] ] ] } },
{ "type": "Feature", "properties": { "city": "Atlanta", "view": "detected", "cls": "decay", "area_km2": 0.009 }, "geometry": { "type": "Polygon", "coordinates": [ [ [ -84.37998, 33.83207 ], [ -84.37933, 33.832 ], [ -84.37941, 33.83147 ], [ -84.37909, 33.83144 ], [ -84.37949, 33.83094 ], [ -84.38014, 33.831 ], [ -84.3801, 33.83127 ], [ -84.38043, 33.8313 ], [ -84.38039, 33.83157 ], [ -84.38006, 33.83154 ], [ -84.37998, 33.83207 ] ] ] } },
{ "type": "Feature", "properties": { "city": "Atlanta", "view": "detected", "cls": "decay", "area_km2": 0.0279 }, "geometry": { "type": "Polygon", "coordinates": [ [ [ -84.37391, 33.83091 ], [ -84.37196, 33.83072 ], [ -84.372, 33.83045 ], [ -84.37269, 33.83025 ], [ -84.37273, 33.82998 ], [ -84.37305, 33.83002 ], [ -84.37313, 33.82948 ], [ -84.37346, 33.82952 ], [ -84.3735, 33.82925 ], [ -84.37483, 33.82911 ], [ -84.37443, 33.82961 ], [ -84.37475, 33.82965 ], [ -84.37471, 33.82991 ], [ -84.37439, 33.82988 ], [ -84.37427, 33.83068 ], [ -84.37395, 33.83065 ], [ -84.37391, 33.83091 ] ] ] } },
{ "type": "Feature", "properties": { "city": "Atlanta", "view": "detected", "cls": "decay", "area_km2": 0.0864 }, "geometry": { "type": "Polygon", "coordinates": [ [ [ -84.35131, 33.83025 ], [ -84.35034, 33.83015 ], [ -84.35009, 33.82959 ], [ -84.34912, 33.82949 ], [ -84.34872, 33.82999 ], [ -84.34839, 33.82995 ], [ -84.34883, 33.82702 ], [ -84.34916, 33.82706 ], [ -84.34924, 33.82652 ], [ -84.34956, 33.82656 ], [ -84.34964, 33.82602 ], [ -84.34996, 33.82606 ], [ -84.35, 33.82579 ], [ -84.35065, 33.82586 ], [ -84.35045, 33.82719 ], [ -84.35013, 33.82715 ], [ -84.35005, 33.82769 ], [ -84.35066, 33.82802 ], [ -84.35062, 33.82829 ], [ -84.35159, 33.82838 ], [ -84.35155, 33.82865 ], [ -84.3522, 33.82872 ], [ -84.35171, 33.82975 ], [ -84.35139, 33.82972 ], [ -84.35131, 33.83025 ] ] ] } },
{ "type": "Feature", "properties": { "city": "Atlanta", "view": "detected", "cls": "decay", "area_km2": 0.0144 }, "geometry": { "type": "Polygon", "coordinates": [ [ [ -84.45913, 33.83734 ], [ -84.45783, 33.83721 ], [ -84.45795, 33.83641 ], [ -84.45827, 33.83644 ], [ -84.45835, 33.83591 ], [ -84.459, 33.83597 ], [ -84.45892, 33.8365 ], [ -84.45925, 33.83654 ], [ -84.45913, 33.83734 ] ] ] } },
{ "type": "Feature", "properties": { "city": "Atlanta", "view": "detected", "cls": "decay", "area_km2": 0.0027 }, "geometry": { "type": "Polygon", "coordinates": [ [ [ -84.44903, 33.83443 ], [ -84.44842, 33.8341 ], [ -84.44846, 33.83383 ], [ -84.44911, 33.8339 ], [ -84.44903, 33.83443 ] ] ] } },
{ "type": "Feature", "properties": { "city": "Atlanta", "view": "detected", "cls": "decay", "area_km2": 0.0054 }, "geometry": { "type": "Polygon", "coordinates": [ [ [ -84.35712, 33.82218 ], [ -84.35647, 33.82212 ], [ -84.35655, 33.82158 ], [ -84.35688, 33.82162 ], [ -84.35692, 33.82135 ], [ -84.35753, 33.82168 ], [ -84.35712, 33.82218 ] ] ] } },
{ "type": "Feature", "properties": { "city": "Atlanta", "view": "detected", "cls": "decay", "area_km2": 0.0495 }, "geometry": { "type": "Polygon", "coordinates": [ [ [ -84.45448, 33.82875 ], [ -84.45254, 33.82856 ], [ -84.45258, 33.82829 ], [ -84.45225, 33.82826 ], [ -84.45245, 33.82693 ], [ -84.45314, 33.82673 ], [ -84.45318, 33.82646 ], [ -84.4548, 33.82662 ], [ -84.45472, 33.82716 ], [ -84.45504, 33.82719 ], [ -84.45488, 33.82825 ], [ -84.45456, 33.82822 ], [ -84.45448, 33.82875 ] ], [ [ -84.45428, 33.82792 ], [ -84.45431, 33.82766 ], [ -84.45399, 33.82762 ], [ -84.45395, 33.82789 ], [ -84.45428, 33.82792 ] ] ] } },
{ "type": "Feature", "properties": { "city": "Atlanta", "view": "detected", "cls": "decay", "area_km2": 0.0234 }, "geometry": { "type": "Polygon", "coordinates": [ [ [ -84.41005, 33.82455 ], [ -84.40972, 33.82452 ], [ -84.40976, 33.82426 ], [ -84.40879, 33.82416 ], [ -84.40883, 33.82389 ], [ -84.40952, 33.82369 ], [ -84.40956, 33.82342 ], [ -84.40988, 33.82346 ], [ -84.41, 33.82266 ], [ -84.40968, 33.82262 ], [ -84.40972, 33.82236 ], [ -84.41004, 33.82239 ], [ -84.41012, 33.82186 ], [ -84.41077, 33.82192 ], [ -84.41041, 33.82432 ], [ -84.41009, 33.82429 ], [ -84.41005, 33.82455 ] ] ] } },
{ "type": "Feature", "properties": { "city": "Atlanta", "view": "detected", "cls": "decay", "area_km2": 0.0045 }, "geometry": { "type": "Polygon", "coordinates": [ [ [ -84.38262, 33.81881 ], [ -84.38197, 33.81875 ], [ -84.38205, 33.81821 ], [ -84.38303, 33.81831 ], [ -84.38262, 33.81881 ] ] ] } },
{ "type": "Feature", "properties": { "city": "Atlanta", "view": "detected", "cls": "decay", "area_km2": 0.1089 }, "geometry": { "type": "Polygon", "coordinates": [ [ [ -84.4678, 33.82766 ], [ -84.46585, 33.82746 ], [ -84.46561, 33.8269 ], [ -84.46431, 33.82677 ], [ -84.46435, 33.8265 ], [ -84.4637, 33.82643 ], [ -84.46346, 33.82587 ], [ -84.46314, 33.82584 ], [ -84.46329, 33.82477 ], [ -84.46524, 33.82497 ], [ -84.46536, 33.82417 ], [ -84.46568, 33.8242 ], [ -84.46576, 33.82367 ], [ -84.46608, 33.8237 ], [ -84.46625, 33.8248 ], [ -84.46593, 33.82476 ], [ -84.46589, 33.82503 ], [ -84.46653, 33.8251 ], [ -84.46678, 33.82566 ], [ -84.46743, 33.82573 ], [ -84.46739, 33.82599 ], [ -84.46868, 33.82612 ], [ -84.46864, 33.82639 ], [ -84.46897, 33.82642 ], [ -84.46889, 33.82695 ], [ -84.4682, 33.82716 ], [ -84.46816, 33.82742 ], [ -84.46784, 33.82739 ], [ -84.4678, 33.82766 ] ] ] } },
{ "type": "Feature", "properties": { "city": "Atlanta", "view": "detected", "cls": "decay", "area_km2": 0.0162 }, "geometry": { "type": "Polygon", "coordinates": [ [ [ -84.42526, 33.81959 ], [ -84.42428, 33.8195 ], [ -84.42404, 33.81893 ], [ -84.42372, 33.8189 ], [ -84.4238, 33.81837 ], [ -84.42448, 33.81816 ], [ -84.42452, 33.8179 ], [ -84.42517, 33.81796 ], [ -84.42509, 33.8185 ], [ -84.42477, 33.81846 ], [ -84.42473, 33.81873 ], [ -84.42505, 33.81876 ], [ -84.42497, 33.8193 ], [ -84.4253, 33.81933 ], [ -84.42526, 33.81959 ] ] ] } },
{ "type": "Feature", "properties": { "city": "Atlanta", "view": "detected", "cls": "decay", "area_km2": 0.072 }, "geometry": { "type": "Polygon", "coordinates": [ [ [ -84.349, 33.8127 ], [ -84.3484, 33.81237 ], [ -84.34872, 33.81024 ], [ -84.34839, 33.81021 ], [ -84.34867, 33.80834 ], [ -84.34928, 33.80867 ], [ -84.34924, 33.80894 ], [ -84.34989, 33.809 ], [ -84.34993, 33.80874 ], [ -84.35122, 33.80887 ], [ -84.35082, 33.80937 ], [ -84.35114, 33.8094 ], [ -84.3511, 33.80967 ], [ -84.35078, 33.80964 ], [ -84.35074, 33.8099 ], [ -84.35106, 33.80994 ], [ -84.35102, 33.8102 ], [ -84.3507, 33.81017 ], [ -84.35062, 33.8107 ], [ -84.34965, 33.8106 ], [ -84.34953, 33.8114 ], [ -84.34985, 33.81144 ], [ -84.34993, 33.8109 ], [ -84.35058, 33.81097 ], [ -84.3505, 33.8115 ], [ -84.35082, 33.81153 ], [ -84.35078, 33.8118 ], [ -84.34949, 33.81167 ], [ -84.34937, 33.81247 ], [ -84.34904, 33.81244 ], [ -84.349, 33.8127 ] ] ] } },
{ "type": "Feature", "properties": { "city": "Atlanta", "view": "detected", "cls": "decay", "area_km2": 0.036 }, "geometry": { "type": "Polygon", "coordinates": [ [ [ -84.47486, 33.82214 ], [ -84.47195, 33.82185 ], [ -84.4717, 33.82129 ], [ -84.47203, 33.82132 ], [ -84.47207, 33.82105 ], [ -84.47401, 33.82125 ], [ -84.47441, 33.82075 ], [ -84.47571, 33.82088 ], [ -84.47559, 33.82168 ], [ -84.4749, 33.82188 ], [ -84.47486, 33.82214 ] ] ] } },
{ "type": "Feature", "properties": { "city": "Atlanta", "view": "detected", "cls": "decay", "area_km2": 0.009 }, "geometry": { "type": "Polygon", "coordinates": [ [ [ -84.41626, 33.81598 ], [ -84.41593, 33.81595 ], [ -84.41601, 33.81542 ], [ -84.41666, 33.81548 ], [ -84.4167, 33.81522 ], [ -84.41735, 33.81528 ], [ -84.41739, 33.81502 ], [ -84.41771, 33.81505 ], [ -84.41759, 33.81585 ], [ -84.4163, 33.81572 ], [ -84.41626, 33.81598 ] ] ] } },
{ "type": "Feature", "properties": { "city": "Atlanta", "view": "detected", "cls": "decay", "area_km2": 0.1026 }, "geometry": { "type": "Polygon", "coordinates": [ [ [ -84.35406, 33.81186 ], [ -84.35309, 33.81176 ], [ -84.35313, 33.8115 ], [ -84.35281, 33.81147 ], [ -84.35361, 33.81046 ], [ -84.35297, 33.8104 ], [ -84.35301, 33.81013 ], [ -84.35268, 33.8101 ], [ -84.3528, 33.8093 ], [ -84.35151, 33.80917 ], [ -84.35155, 33.8089 ], [ -84.35219, 33.80897 ], [ -84.3526, 33.80847 ], [ -84.35292, 33.8085 ], [ -84.35296, 33.80823 ], [ -84.35491, 33.80843 ], [ -84.35515, 33.809 ], [ -84.3558, 33.80906 ], [ -84.3562, 33.80856 ], [ -84.35685, 33.80863 ], [ -84.35681, 33.80889 ], [ -84.35713, 33.80893 ], [ -84.35701, 33.80973 ], [ -84.35734, 33.80976 ], [ -84.3573, 33.81003 ], [ -84.35661, 33.81023 ], [ -84.35657, 33.81049 ], [ -84.35467, 33.81003 ], [ -84.35455, 33.81083 ], [ -84.35487, 33.81086 ], [ -84.35479, 33.8114 ], [ -84.3541, 33.8116 ], [ -84.35406, 33.81186 ] ] ] } },
{ "type": "Feature", "properties": { "city": "Atlanta", "view": "detected", "cls": "decay", "area_km2": 0.0756 }, "geometry": { "type": "Polygon", "coordinates": [ [ [ -84.47029, 33.82196 ], [ -84.46774, 33.82143 ], [ -84.4677, 33.8217 ], [ -84.46705, 33.82163 ], [ -84.46709, 33.82136 ], [ -84.46676, 33.82133 ], [ -84.46688, 33.82053 ], [ -84.46721, 33.82056 ], [ -84.46728, 33.82003 ], [ -84.46696, 33.82 ], [ -84.46704, 33.81947 ], [ -84.46736, 33.8195 ], [ -84.4674, 33.81923 ], [ -84.4687, 33.81936 ], [ -84.46866, 33.81963 ], [ -84.46931, 33.81969 ], [ -84.46927, 33.81996 ], [ -84.47024, 33.82006 ], [ -84.4702, 33.82032 ], [ -84.47052, 33.82036 ], [ -84.47045, 33.82089 ], [ -84.47105, 33.82122 ], [ -84.47065, 33.82172 ], [ -84.47033, 33.82169 ], [ -84.47029, 33.82196 ] ] ] } },
{ "type": "Feature", "properties": { "city": "Atlanta", "view": "detected", "cls": "decay", "area_km2": 0.0171 }, "geometry": { "type": "Polygon", "coordinates": [ [ [ -84.47837, 33.81844 ], [ -84.47805, 33.81841 ], [ -84.47809, 33.81814 ], [ -84.47744, 33.81807 ], [ -84.47752, 33.81754 ], [ -84.47821, 33.81734 ], [ -84.47825, 33.81707 ], [ -84.47922, 33.81717 ], [ -84.47946, 33.81774 ], [ -84.47914, 33.8177 ], [ -84.47906, 33.81824 ], [ -84.47841, 33.81817 ], [ -84.47837, 33.81844 ] ] ] } },
{ "type": "Feature", "properties": { "city": "Atlanta", "view": "detected", "cls": "decay", "area_km2": 0.0081 }, "geometry": { "type": "Polygon", "coordinates": [ [ [ -84.3913, 33.80914 ], [ -84.39033, 33.80904 ], [ -84.39037, 33.80877 ], [ -84.39069, 33.80881 ], [ -84.39077, 33.80827 ], [ -84.39174, 33.80837 ], [ -84.39166, 33.8089 ], [ -84.39134, 33.80887 ], [ -84.3913, 33.80914 ] ] ] } },
{ "type": "Feature", "properties": { "city": "Atlanta", "view": "detected", "cls": "decay", "area_km2": 0.0126 }, "geometry": { "type": "Polygon", "coordinates": [ [ [ -84.47622, 33.81741 ], [ -84.47557, 33.81735 ], [ -84.47565, 33.81681 ], [ -84.47533, 33.81678 ], [ -84.47545, 33.81598 ], [ -84.47577, 33.81601 ], [ -84.47581, 33.81575 ], [ -84.47642, 33.81608 ], [ -84.47622, 33.81741 ] ] ] } },
{ "type": "Feature", "properties": { "city": "Atlanta", "view": "detected", "cls": "decay", "area_km2": 0.0099 }, "geometry": { "type": "Polygon", "coordinates": [ [ [ -84.39887, 33.80909 ], [ -84.39822, 33.80902 ], [ -84.39834, 33.80822 ], [ -84.39867, 33.80826 ], [ -84.39871, 33.80799 ], [ -84.39935, 33.80806 ], [ -84.3996, 33.80862 ], [ -84.39891, 33.80882 ], [ -84.39887, 33.80909 ] ] ] } },
{ "type": "Feature", "properties": { "city": "Atlanta", "view": "detected", "cls": "decay", "area_km2": 0.0063 }, "geometry": { "type": "Polygon", "coordinates": [ [ [ -84.3617, 33.80479 ], [ -84.36105, 33.80473 ], [ -84.36113, 33.80419 ], [ -84.36081, 33.80416 ], [ -84.36085, 33.80389 ], [ -84.36182, 33.80399 ], [ -84.3617, 33.80479 ] ] ] } },
{ "type": "Feature", "properties": { "city": "Atlanta", "view": "detected", "cls": "decay", "area_km2": 0.0081 }, "geometry": { "type": "Polygon", "coordinates": [ [ [ -84.34708, 33.80358 ], [ -84.34643, 33.80351 ], [ -84.34619, 33.80295 ], [ -84.34684, 33.80301 ], [ -84.34724, 33.80251 ], [ -84.34757, 33.80255 ], [ -84.34745, 33.80335 ], [ -84.34712, 33.80331 ], [ -84.34708, 33.80358 ] ] ] } },
{ "type": "Feature", "properties": { "city": "Atlanta", "view": "detected", "cls": "decay", "area_km2": 0.0027 }, "geometry": { "type": "Polygon", "coordinates": [ [ [ -84.30752, 33.79767 ], [ -84.30692, 33.79734 ], [ -84.30696, 33.79707 ], [ -84.3076, 33.79714 ], [ -84.30752, 33.79767 ] ] ] } },
{ "type": "Feature", "properties": { "city": "Atlanta", "view": "detected", "cls": "decay", "area_km2": 0.0045 }, "geometry": { "type": "Polygon", "coordinates": [ [ [ -84.3693, 33.80231 ], [ -84.36865, 33.80225 ], [ -84.36873, 33.80172 ], [ -84.36906, 33.80175 ], [ -84.3691, 33.80148 ], [ -84.36942, 33.80151 ], [ -84.3693, 33.80231 ] ] ] } },
{ "type": "Feature", "properties": { "city": "Atlanta", "view": "detected", "cls": "decay", "area_km2": 0.0117 }, "geometry": { "type": "Polygon", "coordinates": [ [ [ -84.3104, 33.79607 ], [ -84.30942, 33.79597 ], [ -84.30946, 33.7957 ], [ -84.30914, 33.79567 ], [ -84.30922, 33.79514 ], [ -84.30954, 33.79517 ], [ -84.30958, 33.7949 ], [ -84.31023, 33.79497 ], [ -84.31019, 33.79523 ], [ -84.31052, 33.79527 ], [ -84.3104, 33.79607 ] ] ] } },
{ "type": "Feature", "properties": { "city": "Atlanta", "view": "detected", "cls": "decay", "area_km2": 0.0162 }, "geometry": { "type": "Polygon", "coordinates": [ [ [ -84.479, 33.81201 ], [ -84.47802, 33.81191 ], [ -84.47806, 33.81165 ], [ -84.47774, 33.81161 ], [ -84.47782, 33.81108 ], [ -84.47814, 33.81111 ], [ -84.47818, 33.81085 ], [ -84.47948, 33.81098 ], [ -84.47944, 33.81124 ], [ -84.47976, 33.81127 ], [ -84.47936, 33.81177 ], [ -84.47904, 33.81174 ], [ -84.479, 33.81201 ] ] ] } },
{ "type": "Feature", "properties": { "city": "Atlanta", "view": "detected", "cls": "decay", "area_km2": 0.0027 }, "geometry": { "type": "Polygon", "coordinates": [ [ [ -84.35217, 33.79814 ], [ -84.35185, 33.79811 ], [ -84.35193, 33.79758 ], [ -84.35257, 33.79764 ], [ -84.35253, 33.79791 ], [ -84.35221, 33.79788 ], [ -84.35217, 33.79814 ] ] ] } },
{ "type": "Feature", "properties": { "city": "Atlanta", "view": "detected", "cls": "decay", "area_km2": 0.0792 }, "geometry": { "type": "Polygon", "coordinates": [ [ [ -84.3657, 33.80222 ], [ -84.36538, 33.80219 ], [ -84.36542, 33.80192 ], [ -84.36477, 33.80186 ], [ -84.36485, 33.80132 ], [ -84.36424, 33.80099 ], [ -84.36428, 33.80072 ], [ -84.36396, 33.80069 ], [ -84.36427, 33.79856 ], [ -84.36492, 33.79862 ], [ -84.36496, 33.79836 ], [ -84.36561, 33.79842 ], [ -84.36557, 33.79869 ], [ -84.36589, 33.79872 ], [ -84.36577, 33.79952 ], [ -84.3661, 33.79956 ], [ -84.36602, 33.80009 ], [ -84.36634, 33.80012 ], [ -84.3663, 33.80039 ], [ -84.36727, 33.80049 ], [ -84.36723, 33.80075 ], [ -84.36756, 33.80079 ], [ -84.36748, 33.80132 ], [ -84.36679, 33.80152 ], [ -84.36671, 33.80205 ], [ -84.36574, 33.80195 ], [ -84.3657, 33.80222 ] ] ] } },
{ "type": "Feature", "properties": { "city": "Atlanta", "view": "detected", "cls": "decay", "area_km2": 0.0045 }, "geometry": { "type": "Polygon", "coordinates": [ [ [ -84.42549, 33.80474 ], [ -84.42485, 33.80468 ], [ -84.42493, 33.80414 ], [ -84.42525, 33.80418 ], [ -84.42529, 33.80391 ], [ -84.42561, 33.80394 ], [ -84.42549, 33.80474 ] ] ] } },
{ "type": "Feature", "properties": { "city": "Atlanta", "view": "detected", "cls": "decay", "area_km2": 0.0045 }, "geometry": { "type": "Polygon", "coordinates": [ [ [ -84.375, 33.79937 ], [ -84.37403, 33.79928 ], [ -84.37407, 33.79901 ], [ -84.37439, 33.79904 ], [ -84.37443, 33.79878 ], [ -84.37508, 33.79884 ], [ -84.375, 33.79937 ] ] ] } },
{ "type": "Feature", "properties": { "city": "Atlanta", "view": "detected", "cls": "decay", "area_km2": 0.0144 }, "geometry": { "type": "Polygon", "coordinates": [ [ [ -84.34087, 33.79456 ], [ -84.34055, 33.79453 ], [ -84.34067, 33.79373 ], [ -84.34034, 33.7937 ], [ -84.34075, 33.7932 ], [ -84.34172, 33.7933 ], [ -84.34168, 33.79356 ], [ -84.34233, 33.79363 ], [ -84.34229, 33.7939 ], [ -84.34164, 33.79383 ], [ -84.34156, 33.79436 ], [ -84.34091, 33.7943 ], [ -84.34087, 33.79456 ] ] ] } },
{ "type": "Feature", "properties": { "city": "Atlanta", "view": "detected", "cls": "decay", "area_km2": 0.0342 }, "geometry": { "type": "Polygon", "coordinates": [ [ [ -84.46869, 33.80611 ], [ -84.4674, 33.80598 ], [ -84.46743, 33.80571 ], [ -84.46679, 33.80565 ], [ -84.46687, 33.80511 ], [ -84.4682, 33.80498 ], [ -84.46828, 33.80444 ], [ -84.46897, 33.80424 ], [ -84.46901, 33.80397 ], [ -84.46933, 33.80401 ], [ -84.46913, 33.80534 ], [ -84.46946, 33.80537 ], [ -84.46942, 33.80564 ], [ -84.47071, 33.80577 ], [ -84.47067, 33.80604 ], [ -84.46873, 33.80584 ], [ -84.46869, 33.80611 ] ] ] } },
{ "type": "Feature", "properties": { "city": "Atlanta", "view": "detected", "cls": "decay", "area_km2": 0.0135 }, "geometry": { "type": "Polygon", "coordinates": [ [ [ -84.36941, 33.79502 ], [ -84.36811, 33.79489 ], [ -84.36787, 33.79432 ], [ -84.36855, 33.79412 ], [ -84.36859, 33.79386 ], [ -84.36924, 33.79392 ], [ -84.3692, 33.79419 ], [ -84.36953, 33.79422 ], [ -84.36941, 33.79502 ] ] ] } },
{ "type": "Feature", "properties": { "city": "Atlanta", "view": "detected", "cls": "decay", "area_km2": 0.0054 }, "geometry": { "type": "Polygon", "coordinates": [ [ [ -84.49545, 33.80744 ], [ -84.49481, 33.80737 ], [ -84.49485, 33.8071 ], [ -84.49517, 33.80714 ], [ -84.49525, 33.8066 ], [ -84.4959, 33.80667 ], [ -84.49582, 33.8072 ], [ -84.49549, 33.80717 ], [ -84.49545, 33.80744 ] ] ] } },
{ "type": "Feature", "properties": { "city": "Atlanta", "view": "detected", "cls": "decay", "area_km2": 0.1017 }, "geometry": { "type": "Polygon", "coordinates": [ [ [ -84.49251, 33.80958 ], [ -84.49218, 33.80954 ], [ -84.49242, 33.80794 ], [ -84.4921, 33.80791 ], [ -84.49214, 33.80765 ], [ -84.49116, 33.80755 ], [ -84.4912, 33.80728 ], [ -84.49088, 33.80725 ], [ -84.49048, 33.80775 ], [ -84.49015, 33.80772 ], [ -84.49011, 33.80798 ], [ -84.48914, 33.80789 ], [ -84.48918, 33.80762 ], [ -84.48853, 33.80755 ], [ -84.48857, 33.80729 ], [ -84.48825, 33.80726 ], [ -84.48873, 33.80622 ], [ -84.48942, 33.80602 ], [ -84.48946, 33.80575 ], [ -84.48978, 33.80579 ], [ -84.48982, 33.80552 ], [ -84.49144, 33.80568 ], [ -84.4914, 33.80595 ], [ -84.49205, 33.80601 ], [ -84.49229, 33.80658 ], [ -84.49262, 33.80661 ], [ -84.49258, 33.80688 ], [ -84.4929, 33.80691 ], [ -84.49282, 33.80744 ], [ -84.49343, 33.80777 ], [ -84.49339, 33.80804 ], [ -84.49404, 33.80811 ], [ -84.49392, 33.80891 ], [ -84.4936, 33.80887 ], [ -84.49352, 33.80941 ], [ -84.49255, 33.80931 ], [ -84.49251, 33.80958 ] ] ] } },
{ "type": "Feature", "properties": { "city": "Atlanta", "view": "detected", "cls": "decay", "area_km2": 0.0027 }, "geometry": { "type": "Polygon", "coordinates": [ [ [ -84.34317, 33.7902 ], [ -84.3422, 33.7901 ], [ -84.34224, 33.78983 ], [ -84.34321, 33.78993 ], [ -84.34317, 33.7902 ] ] ] } },
{ "type": "Feature", "properties": { "city": "Atlanta", "view": "detected", "cls": "decay", "area_km2": 0.0153 }, "geometry": { "type": "Polygon", "coordinates": [ [ [ -84.4846, 33.80527 ], [ -84.48363, 33.80517 ], [ -84.48378, 33.8041 ], [ -84.48411, 33.80414 ], [ -84.48415, 33.80387 ], [ -84.48479, 33.80393 ], [ -84.48475, 33.8042 ], [ -84.48508, 33.80423 ], [ -84.48496, 33.80503 ], [ -84.48464, 33.805 ], [ -84.4846, 33.80527 ] ] ] } },
{ "type": "Feature", "properties": { "city": "Atlanta", "view": "detected", "cls": "decay", "area_km2": 0.0036 }, "geometry": { "type": "Polygon", "coordinates": [ [ [ -84.40648, 33.79552 ], [ -84.40587, 33.79519 ], [ -84.40591, 33.79492 ], [ -84.40689, 33.79502 ], [ -84.40648, 33.79552 ] ] ] } },
{ "type": "Feature", "properties": { "city": "Atlanta", "view": "detected", "cls": "decay", "area_km2": 0.0036 }, "geometry": { "type": "Polygon", "coordinates": [ [ [ -84.36778, 33.79053 ], [ -84.36713, 33.79046 ], [ -84.36721, 33.78993 ], [ -84.36786, 33.78999 ], [ -84.36778, 33.79053 ] ] ] } },
{ "type": "Feature", "properties": { "city": "Atlanta", "view": "detected", "cls": "decay", "area_km2": 0.0405 }, "geometry": { "type": "Polygon", "coordinates": [ [ [ -84.47277, 33.803 ], [ -84.47147, 33.80287 ], [ -84.47151, 33.8026 ], [ -84.47119, 33.80257 ], [ -84.47123, 33.8023 ], [ -84.47155, 33.80234 ], [ -84.47167, 33.80154 ], [ -84.47199, 33.80157 ], [ -84.47195, 33.80184 ], [ -84.47325, 33.80197 ], [ -84.47329, 33.8017 ], [ -84.47361, 33.80173 ], [ -84.47369, 33.8012 ], [ -84.47434, 33.80126 ], [ -84.47446, 33.80046 ], [ -84.47511, 33.80053 ], [ -84.47503, 33.80106 ], [ -84.4747, 33.80103 ], [ -84.47466, 33.8013 ], [ -84.47499, 33.80133 ], [ -84.47487, 33.80213 ], [ -84.47455, 33.8021 ], [ -84.47451, 33.80236 ], [ -84.47386, 33.8023 ], [ -84.47382, 33.80256 ], [ -84.47317, 33.8025 ], [ -84.47277, 33.803 ] ] ] } },
{ "type": "Feature", "properties": { "city": "Atlanta", "view": "detected", "cls": "decay", "area_km2": 0.0045 }, "geometry": { "type": "Polygon", "coordinates": [ [ [ -84.49021, 33.80069 ], [ -84.48956, 33.80062 ], [ -84.48968, 33.79983 ], [ -84.49028, 33.80016 ], [ -84.49021, 33.80069 ] ] ] } },
{ "type": "Feature", "properties": { "city": "Atlanta", "view": "detected", "cls": "decay", "area_km2": 0.0135 }, "geometry": { "type": "Polygon", "coordinates": [ [ [ -84.45076, 33.79619 ], [ -84.45012, 33.79613 ], [ -84.44987, 33.79556 ], [ -84.44955, 33.79553 ], [ -84.44963, 33.795 ], [ -84.44995, 33.79503 ], [ -84.44999, 33.79476 ], [ -84.45064, 33.79483 ], [ -84.4506, 33.79509 ], [ -84.45092, 33.79513 ], [ -84.45076, 33.79619 ] ] ] } },
{ "type": "Feature", "properties": { "city": "Atlanta", "view": "detected", "cls": "decay", "area_km2": 0.0306 }, "geometry": { "type": "Polygon", "coordinates": [ [ [ -84.41287, 33.79238 ], [ -84.41222, 33.79231 ], [ -84.41226, 33.79205 ], [ -84.41129, 33.79195 ], [ -84.41104, 33.79138 ], [ -84.41072, 33.79135 ], [ -84.4108, 33.79082 ], [ -84.41112, 33.79085 ], [ -84.41116, 33.79058 ], [ -84.41278, 33.79075 ], [ -84.41274, 33.79101 ], [ -84.41339, 33.79108 ], [ -84.41331, 33.79161 ], [ -84.41299, 33.79158 ], [ -84.41287, 33.79238 ] ] ] } },
{ "type": "Feature", "properties": { "city": "Atlanta", "view": "detected", "cls": "decay", "area_km2": 0.0081 }, "geometry": { "type": "Polygon", "coordinates": [ [ [ -84.44898, 33.79493 ], [ -84.44801, 33.79483 ], [ -84.44776, 33.79427 ], [ -84.44744, 33.79423 ], [ -84.44748, 33.79397 ], [ -84.44845, 33.79407 ], [ -84.4487, 33.79463 ], [ -84.44902, 33.79466 ], [ -84.44898, 33.79493 ] ] ] } },
{ "type": "Feature", "properties": { "city": "Atlanta", "view": "detected", "cls": "decay", "area_km2": 0.0306 }, "geometry": { "type": "Polygon", "coordinates": [ [ [ -84.41866, 33.79323 ], [ -84.41833, 33.7932 ], [ -84.41837, 33.79293 ], [ -84.4174, 33.79283 ], [ -84.41724, 33.79174 ], [ -84.41659, 33.79167 ], [ -84.41707, 33.79064 ], [ -84.41768, 33.79097 ], [ -84.4176, 33.7915 ], [ -84.41857, 33.7916 ], [ -84.41882, 33.79217 ], [ -84.41914, 33.7922 ], [ -84.41902, 33.793 ], [ -84.4187, 33.79297 ], [ -84.41866, 33.79323 ] ] ] } },
{ "type": "Feature", "properties": { "city": "Atlanta", "view": "detected", "cls": "decay", "area_km2": 0.0126 }, "geometry": { "type": "Polygon", "coordinates": [ [ [ -84.45193, 33.79496 ], [ -84.45133, 33.79463 ], [ -84.45144, 33.79383 ], [ -84.45177, 33.79386 ], [ -84.45181, 33.79359 ], [ -84.45246, 33.79366 ], [ -84.45262, 33.79476 ], [ -84.45197, 33.79469 ], [ -84.45193, 33.79496 ] ] ] } },
{ "type": "Feature", "properties": { "city": "Atlanta", "view": "detected", "cls": "decay", "area_km2": 0.0522 }, "geometry": { "type": "Polygon", "coordinates": [ [ [ -84.44651, 33.79387 ], [ -84.44521, 33.79374 ], [ -84.44525, 33.79347 ], [ -84.4446, 33.79341 ], [ -84.44464, 33.79314 ], [ -84.44335, 33.79301 ], [ -84.44339, 33.79275 ], [ -84.44274, 33.79268 ], [ -84.44278, 33.79241 ], [ -84.44245, 33.79238 ], [ -84.44253, 33.79185 ], [ -84.44286, 33.79188 ], [ -84.4429, 33.79161 ], [ -84.44419, 33.79174 ], [ -84.44411, 33.79228 ], [ -84.44444, 33.79231 ], [ -84.4444, 33.79258 ], [ -84.44505, 33.79264 ], [ -84.44545, 33.79214 ], [ -84.44577, 33.79217 ], [ -84.44581, 33.79191 ], [ -84.44614, 33.79194 ], [ -84.44638, 33.79251 ], [ -84.4467, 33.79254 ], [ -84.44663, 33.79307 ], [ -84.44695, 33.7931 ], [ -84.44687, 33.79364 ], [ -84.44655, 33.7936 ], [ -84.44651, 33.79387 ] ] ] } },
{ "type": "Feature", "properties": { "city": "Atlanta", "view": "detected", "cls": "decay", "area_km2": 0.0234 }, "geometry": { "type": "Polygon", "coordinates": [ [ [ -84.37781, 33.78721 ], [ -84.37716, 33.78715 ], [ -84.3772, 33.78688 ], [ -84.37687, 33.78685 ], [ -84.37671, 33.78575 ], [ -84.37639, 33.78572 ], [ -84.37646, 33.78518 ], [ -84.37679, 33.78522 ], [ -84.37683, 33.78495 ], [ -84.37715, 33.78498 ], [ -84.37711, 33.78525 ], [ -84.37776, 33.78531 ], [ -84.37768, 33.78585 ], [ -84.37829, 33.78618 ], [ -84.37825, 33.78645 ], [ -84.37792, 33.78641 ], [ -84.37781, 33.78721 ] ] ] } },
{ "type": "Feature", "properties": { "city": "Atlanta", "view": "detected", "cls": "decay", "area_km2": 0.0207 }, "geometry": { "type": "Polygon", "coordinates": [ [ [ -84.41468, 33.78904 ], [ -84.41338, 33.78891 ], [ -84.41342, 33.78865 ], [ -84.41278, 33.78858 ], [ -84.41286, 33.78805 ], [ -84.4135, 33.78811 ], [ -84.41354, 33.78785 ], [ -84.41516, 33.78801 ], [ -84.41504, 33.78881 ], [ -84.41472, 33.78878 ], [ -84.41468, 33.78904 ] ] ] } },
{ "type": "Feature", "properties": { "city": "Atlanta", "view": "detected", "cls": "decay", "area_km2": 0.0198 }, "geometry": { "type": "Polygon", "coordinates": [ [ [ -84.50234, 33.79866 ], [ -84.50137, 33.79856 ], [ -84.50149, 33.79776 ], [ -84.50217, 33.79756 ], [ -84.50221, 33.79729 ], [ -84.50254, 33.79733 ], [ -84.50258, 33.79706 ], [ -84.50322, 33.79712 ], [ -84.50326, 33.79686 ], [ -84.50359, 33.79689 ], [ -84.50351, 33.79742 ], [ -84.50319, 33.79739 ], [ -84.50311, 33.79792 ], [ -84.50278, 33.79789 ], [ -84.5027, 33.79842 ], [ -84.50238, 33.79839 ], [ -84.50234, 33.79866 ] ] ] } },
{ "type": "Feature", "properties": { "city": "Atlanta", "view": "detected", "cls": "decay", "area_km2": 0.0243 }, "geometry": { "type": "Polygon", "coordinates": [ [ [ -84.4446, 33.79124 ], [ -84.44427, 33.79121 ], [ -84.44439, 33.79041 ], [ -84.44508, 33.79021 ], [ -84.44512, 33.78994 ], [ -84.44674, 33.79011 ], [ -84.4467, 33.79037 ], [ -84.44702, 33.79041 ], [ -84.44698, 33.79067 ], [ -84.44666, 33.79064 ], [ -84.44658, 33.79117 ], [ -84.44464, 33.79098 ], [ -84.4446, 33.79124 ] ] ] } },
{ "type": "Feature", "properties": { "city": "Atlanta", "view": "detected", "cls": "decay", "area_km2": 0.0027 }, "geometry": { "type": "Polygon", "coordinates": [ [ [ -84.48985, 33.792 ], [ -84.4892, 33.79193 ], [ -84.4896, 33.79143 ], [ -84.48993, 33.79147 ], [ -84.48985, 33.792 ] ] ] } },
{ "type": "Feature", "properties": { "city": "Atlanta", "view": "detected", "cls": "decay", "area_km2": 0.0027 }, "geometry": { "type": "Polygon", "coordinates": [ [ [ -84.49025, 33.7915 ], [ -84.48993, 33.79147 ], [ -84.49004, 33.79067 ], [ -84.49037, 33.7907 ], [ -84.49025, 33.7915 ] ] ] } },
{ "type": "Feature", "properties": { "city": "Atlanta", "view": "detected", "cls": "decay", "area_km2": 0.0036 }, "geometry": { "type": "Polygon", "coordinates": [ [ [ -84.49851, 33.79124 ], [ -84.49786, 33.79118 ], [ -84.49794, 33.79064 ], [ -84.49858, 33.79071 ], [ -84.49851, 33.79124 ] ] ] } },
{ "type": "Feature", "properties": { "city": "Atlanta", "view": "detected", "cls": "decay", "area_km2": 0.0585 }, "geometry": { "type": "Polygon", "coordinates": [ [ [ -84.449, 33.78817 ], [ -84.44738, 33.78801 ], [ -84.44742, 33.78774 ], [ -84.44677, 33.78768 ], [ -84.44681, 33.78741 ], [ -84.44649, 33.78738 ], [ -84.44656, 33.78684 ], [ -84.44689, 33.78688 ], [ -84.44709, 33.78554 ], [ -84.44741, 33.78558 ], [ -84.44745, 33.78531 ], [ -84.44806, 33.78564 ], [ -84.44802, 33.78591 ], [ -84.44834, 33.78594 ], [ -84.4483, 33.78621 ], [ -84.44863, 33.78624 ], [ -84.44859, 33.78651 ], [ -84.44891, 33.78654 ], [ -84.44887, 33.7868 ], [ -84.45049, 33.78697 ], [ -84.45045, 33.78723 ], [ -84.45013, 33.7872 ], [ -84.45005, 33.78773 ], [ -84.4494, 33.78767 ], [ -84.449, 33.78817 ] ] ] } },
{ "type": "Feature", "properties": { "city": "Atlanta", "view": "detected", "cls": "decay", "area_km2": 0.1845 }, "geometry": { "type": "Polygon", "coordinates": [ [ [ -84.50593, 33.79442 ], [ -84.50528, 33.79435 ], [ -84.50532, 33.79409 ], [ -84.5037, 33.79393 ], [ -84.50366, 33.79419 ], [ -84.50139, 33.79397 ], [ -84.50143, 33.7937 ], [ -84.50078, 33.79363 ], [ -84.50082, 33.79337 ], [ -84.49953, 33.79324 ], [ -84.49928, 33.79267 ], [ -84.4996, 33.7927 ], [ -84.49968, 33.79217 ], [ -84.50037, 33.79197 ], [ -84.50041, 33.7917 ], [ -84.50073, 33.79174 ], [ -84.50077, 33.79147 ], [ -84.5011, 33.7915 ], [ -84.50114, 33.79123 ], [ -84.50146, 33.79127 ], [ -84.5015, 33.791 ], [ -84.50182, 33.79103 ], [ -84.50186, 33.79077 ], [ -84.50283, 33.79086 ], [ -84.50291, 33.79033 ], [ -84.50453, 33.79049 ], [ -84.50449, 33.79076 ], [ -84.50514, 33.79082 ], [ -84.50531, 33.79192 ], [ -84.50592, 33.79225 ], [ -84.50588, 33.79252 ], [ -84.5062, 33.79255 ], [ -84.50604, 33.79362 ], [ -84.50637, 33.79365 ], [ -84.50633, 33.79392 ], [ -84.506, 33.79389 ], [ -84.50593, 33.79442 ] ] ] } },
{ "type": "Feature", "properties": { "city": "Atlanta", "view": "detected", "cls": "decay", "area_km2": 0.0387 }, "geometry": { "type": "Polygon", "coordinates": [ [ [ -84.34443, 33.77518 ], [ -84.34253, 33.77471 ], [ -84.34249, 33.77498 ], [ -84.34055, 33.77478 ], [ -84.34063, 33.77425 ], [ -84.34127, 33.77431 ], [ -84.34168, 33.77381 ], [ -84.342, 33.77385 ], [ -84.34204, 33.77358 ], [ -84.34237, 33.77361 ], [ -84.34233, 33.77388 ], [ -84.34297, 33.77395 ], [ -84.34301, 33.77368 ], [ -84.34398, 33.77378 ], [ -84.34423, 33.77434 ], [ -84.34455, 33.77438 ], [ -84.34443, 33.77518 ] ] ] } },
{ "type": "Feature", "properties": { "city": "Atlanta", "view": "detected", "cls": "decay", "area_km2": 0.0513 }, "geometry": { "type": "Polygon", "coordinates": [ [ [ -84.5083, 33.79168 ], [ -84.50765, 33.79162 ], [ -84.50773, 33.79108 ], [ -84.50806, 33.79112 ], [ -84.50814, 33.79058 ], [ -84.50882, 33.79038 ], [ -84.50886, 33.79011 ], [ -84.50919, 33.79015 ], [ -84.50923, 33.78988 ], [ -84.50955, 33.78991 ], [ -84.50963, 33.78938 ], [ -84.50995, 33.78941 ], [ -84.50999, 33.78915 ], [ -84.51129, 33.78927 ], [ -84.51153, 33.78984 ], [ -84.51186, 33.78987 ], [ -84.51145, 33.79037 ], [ -84.51113, 33.79034 ], [ -84.51109, 33.79061 ], [ -84.51077, 33.79057 ], [ -84.51073, 33.79084 ], [ -84.5104, 33.79081 ], [ -84.51036, 33.79108 ], [ -84.50972, 33.79101 ], [ -84.50931, 33.79151 ], [ -84.50834, 33.79141 ], [ -84.5083, 33.79168 ] ] ] } },
{ "type": "Feature", "properties": { "city": "Atlanta", "view": "detected", "cls": "decay", "area_km2": 0.0054 }, "geometry": { "type": "Polygon", "coordinates": [ [ [ -84.431, 33.78095 ], [ -84.43068, 33.78092 ], [ -84.43072, 33.78065 ], [ -84.43007, 33.78059 ], [ -84.43015, 33.78005 ], [ -84.4308, 33.78012 ], [ -84.43076, 33.78038 ], [ -84.43108, 33.78042 ], [ -84.431, 33.78095 ] ] ] } },
{ "type": "Feature", "properties": { "city": "Atlanta", "view": "detected", "cls": "decay", "area_km2": 0.0189 }, "geometry": { "type": "Polygon", "coordinates": [ [ [ -84.51578, 33.78999 ], [ -84.51352, 33.78977 ], [ -84.51355, 33.7895 ], [ -84.5142, 33.78957 ], [ -84.5146, 33.78907 ], [ -84.51558, 33.78916 ], [ -84.51566, 33.78863 ], [ -84.51663, 33.78873 ], [ -84.51659, 33.78899 ], [ -84.51594, 33.78893 ], [ -84.51619, 33.78949 ], [ -84.51586, 33.78946 ], [ -84.51578, 33.78999 ] ] ] } },
{ "type": "Feature", "properties": { "city": "Atlanta", "view": "detected", "cls": "decay", "area_km2": 0.0108 }, "geometry": { "type": "Polygon", "coordinates": [ [ [ -84.46048, 33.78391 ], [ -84.45983, 33.78385 ], [ -84.45987, 33.78358 ], [ -84.45954, 33.78355 ], [ -84.45962, 33.78302 ], [ -84.4593, 33.78298 ], [ -84.45934, 33.78272 ], [ -84.46063, 33.78285 ], [ -84.46048, 33.78391 ] ] ] } },
{ "type": "Feature", "properties": { "city": "Atlanta", "view": "detected", "cls": "decay", "area_km2": 0.0045 }, "geometry": { "type": "Polygon", "coordinates": [ [ [ -84.49748, 33.78708 ], [ -84.49651, 33.78698 ], [ -84.49658, 33.78645 ], [ -84.49723, 33.78652 ], [ -84.49748, 33.78708 ] ] ] } },
{ "type": "Feature", "properties": { "city": "Atlanta", "view": "detected", "cls": "decay", "area_km2": 0.0306 }, "geometry": { "type": "Polygon", "coordinates": [ [ [ -84.42898, 33.78129 ], [ -84.42801, 33.78119 ], [ -84.42805, 33.78092 ], [ -84.4274, 33.78086 ], [ -84.42744, 33.78059 ], [ -84.42712, 33.78056 ], [ -84.42732, 33.77923 ], [ -84.42829, 33.77932 ], [ -84.42825, 33.77959 ], [ -84.4289, 33.77966 ], [ -84.42886, 33.77992 ], [ -84.42918, 33.77995 ], [ -84.42898, 33.78129 ] ] ] } },
{ "type": "Feature", "properties": { "city": "Atlanta", "view": "detected", "cls": "decay", "area_km2": 0.0153 }, "geometry": { "type": "Polygon", "coordinates": [ [ [ -84.49517, 33.78712 ], [ -84.49388, 33.78699 ], [ -84.49399, 33.78619 ], [ -84.49432, 33.78622 ], [ -84.49436, 33.78596 ], [ -84.49533, 33.78606 ], [ -84.49529, 33.78632 ], [ -84.49561, 33.78635 ], [ -84.49553, 33.78689 ], [ -84.49521, 33.78685 ], [ -84.49517, 33.78712 ] ] ] } },
{ "type": "Feature", "properties": { "city": "Atlanta", "view": "detected", "cls": "decay", "area_km2": 0.0027 }, "geometry": { "type": "Polygon", "coordinates": [ [ [ -84.32318, 33.76788 ], [ -84.3222, 33.76778 ], [ -84.32224, 33.76751 ], [ -84.32322, 33.76761 ], [ -84.32318, 33.76788 ] ] ] } },
{ "type": "Feature", "properties": { "city": "Atlanta", "view": "detected", "cls": "decay", "area_km2": 0.1098 }, "geometry": { "type": "Polygon", "coordinates": [ [ [ -84.43494, 33.78324 ], [ -84.43397, 33.78314 ], [ -84.43401, 33.78287 ], [ -84.43368, 33.78284 ], [ -84.43376, 33.78231 ], [ -84.43473, 33.78241 ], [ -84.43477, 33.78214 ], [ -84.4351, 33.78217 ], [ -84.43525, 33.78111 ], [ -84.43493, 33.78107 ], [ -84.43501, 33.78054 ], [ -84.43533, 33.78057 ], [ -84.43545, 33.77977 ], [ -84.43578, 33.77981 ], [ -84.43586, 33.77927 ], [ -84.43618, 33.77931 ], [ -84.43622, 33.77904 ], [ -84.43687, 33.7791 ], [ -84.43691, 33.77884 ], [ -84.43788, 33.77894 ], [ -84.43812, 33.7795 ], [ -84.43845, 33.77953 ], [ -84.43833, 33.78033 ], [ -84.43865, 33.78037 ], [ -84.43857, 33.7809 ], [ -84.43825, 33.78087 ], [ -84.43809, 33.78193 ], [ -84.4374, 33.78213 ], [ -84.43736, 33.7824 ], [ -84.43607, 33.78227 ], [ -84.43603, 33.78254 ], [ -84.43506, 33.78244 ], [ -84.43494, 33.78324 ] ] ] } },
{ "type": "Feature", "properties": { "city": "Atlanta", "view": "detected", "cls": "decay", "area_km2": 0.1098 }, "geometry": { "type": "Polygon", "coordinates": [ [ [ -84.45611, 33.78456 ], [ -84.4555, 33.78422 ], [ -84.45558, 33.78369 ], [ -84.45627, 33.78349 ], [ -84.45634, 33.78296 ], [ -84.45602, 33.78292 ], [ -84.45606, 33.78266 ], [ -84.45541, 33.78259 ], [ -84.45537, 33.78286 ], [ -84.45473, 33.78279 ], [ -84.45469, 33.78306 ], [ -84.45404, 33.783 ], [ -84.4542, 33.78193 ], [ -84.45488, 33.78173 ], [ -84.455, 33.78093 ], [ -84.45533, 33.78096 ], [ -84.45537, 33.78069 ], [ -84.45735, 33.78062 ], [ -84.45731, 33.78089 ], [ -84.45796, 33.78095 ], [ -84.4582, 33.78152 ], [ -84.45852, 33.78155 ], [ -84.45849, 33.78182 ], [ -84.45881, 33.78185 ], [ -84.45877, 33.78212 ], [ -84.45909, 33.78215 ], [ -84.45905, 33.78242 ], [ -84.45873, 33.78239 ], [ -84.45865, 33.78292 ], [ -84.458, 33.78285 ], [ -84.45776, 33.78229 ], [ -84.45679, 33.78219 ], [ -84.45675, 33.78246 ], [ -84.45707, 33.78249 ], [ -84.45699, 33.78302 ], [ -84.45796, 33.78312 ], [ -84.45792, 33.78339 ], [ -84.45825, 33.78342 ], [ -84.45817, 33.78395 ], [ -84.45849, 33.78398 ], [ -84.45845, 33.78425 ], [ -84.45716, 33.78412 ], [ -84.45712, 33.78439 ], [ -84.45615, 33.78429 ], [ -84.45611, 33.78456 ] ] ] } },
{ "type": "Feature", "properties": { "city": "Atlanta", "view": "detected", "cls": "decay", "area_km2": 0.0225 }, "geometry": { "type": "Polygon", "coordinates": [ [ [ -84.43274, 33.78031 ], [ -84.43242, 33.78028 ], [ -84.43254, 33.77948 ], [ -84.43286, 33.77951 ], [ -84.43298, 33.77871 ], [ -84.43367, 33.77851 ], [ -84.43371, 33.77825 ], [ -84.43435, 33.77831 ], [ -84.43424, 33.77911 ], [ -84.43391, 33.77908 ], [ -84.43387, 33.77934 ], [ -84.4342, 33.77938 ], [ -84.43416, 33.77964 ], [ -84.43383, 33.77961 ], [ -84.43375, 33.78014 ], [ -84.43278, 33.78005 ], [ -84.43274, 33.78031 ] ] ] } },
{ "type": "Feature", "properties": { "city": "Atlanta", "view": "detected", "cls": "decay", "area_km2": 0.0027 }, "geometry": { "type": "Polygon", "coordinates": [ [ [ -84.34041, 33.76909 ], [ -84.33944, 33.76899 ], [ -84.33948, 33.76872 ], [ -84.34045, 33.76882 ], [ -84.34041, 33.76909 ] ] ] } },
{ "type": "Feature", "properties": { "city": "Atlanta", "view": "detected", "cls": "decay", "area_km2": 0.0297 }, "geometry": { "type": "Polygon", "coordinates": [ [ [ -84.3386, 33.77025 ], [ -84.33762, 33.77016 ], [ -84.33766, 33.76989 ], [ -84.33702, 33.76982 ], [ -84.33706, 33.76956 ], [ -84.33738, 33.76959 ], [ -84.3375, 33.76879 ], [ -84.33782, 33.76882 ], [ -84.3379, 33.76829 ], [ -84.33823, 33.76832 ], [ -84.33827, 33.76806 ], [ -84.33892, 33.76812 ], [ -84.33888, 33.76839 ], [ -84.3392, 33.76842 ], [ -84.339, 33.76975 ], [ -84.33868, 33.76972 ], [ -84.3386, 33.77025 ] ] ] } },
{ "type": "Feature", "properties": { "city": "Atlanta", "view": "detected", "cls": "decay", "area_km2": 0.0144 }, "geometry": { "type": "Polygon", "coordinates": [ [ [ -84.32135, 33.76688 ], [ -84.32071, 33.76681 ], [ -84.32075, 33.76655 ], [ -84.32042, 33.76651 ], [ -84.32083, 33.76601 ], [ -84.32277, 33.76621 ], [ -84.32273, 33.76648 ], [ -84.32305, 33.76651 ], [ -84.32301, 33.76678 ], [ -84.32139, 33.76661 ], [ -84.32135, 33.76688 ] ] ] } },
{ "type": "Feature", "properties": { "city": "Atlanta", "view": "detected", "cls": "decay", "area_km2": 0.0108 }, "geometry": { "type": "Polygon", "coordinates": [ [ [ -84.50925, 33.78528 ], [ -84.5086, 33.78522 ], [ -84.50868, 33.78469 ], [ -84.509, 33.78472 ], [ -84.50904, 33.78445 ], [ -84.50969, 33.78452 ], [ -84.50973, 33.78425 ], [ -84.51005, 33.78428 ], [ -84.51001, 33.78455 ], [ -84.51066, 33.78461 ], [ -84.51062, 33.78488 ], [ -84.50997, 33.78482 ], [ -84.50993, 33.78508 ], [ -84.50929, 33.78502 ], [ -84.50925, 33.78528 ] ] ] } },
{ "type": "Feature", "properties": { "city": "Atlanta", "view": "detected", "cls": "decay", "area_km2": 0.144 }, "geometry": { "type": "Polygon", "coordinates": [ [ [ -84.48067, 33.78513 ], [ -84.48003, 33.78506 ], [ -84.48007, 33.7848 ], [ -84.47974, 33.78476 ], [ -84.47982, 33.78423 ], [ -84.47788, 33.78404 ], [ -84.47796, 33.7835 ], [ -84.47763, 33.78347 ], [ -84.47787, 33.78187 ], [ -84.47819, 33.7819 ], [ -84.47827, 33.78137 ], [ -84.47957, 33.7815 ], [ -84.47961, 33.78123 ], [ -84.4809, 33.78136 ], [ -84.48094, 33.7811 ], [ -84.48127, 33.78113 ], [ -84.48151, 33.7817 ], [ -84.48184, 33.78173 ], [ -84.4818, 33.78199 ], [ -84.48244, 33.78206 ], [ -84.48269, 33.78263 ], [ -84.48301, 33.78266 ], [ -84.48289, 33.78346 ], [ -84.48257, 33.78342 ], [ -84.48249, 33.78396 ], [ -84.4818, 33.78416 ], [ -84.48176, 33.78443 ], [ -84.48144, 33.78439 ], [ -84.4814, 33.78466 ], [ -84.48108, 33.78463 ], [ -84.48104, 33.78489 ], [ -84.48071, 33.78486 ], [ -84.48067, 33.78513 ] ] ] } },
{ "type": "Feature", "properties": { "city": "Atlanta", "view": "detected", "cls": "decay", "area_km2": 0.0036 }, "geometry": { "type": "Polygon", "coordinates": [ [ [ -84.51013, 33.78375 ], [ -84.50884, 33.78362 ], [ -84.50887, 33.78335 ], [ -84.51017, 33.78348 ], [ -84.51013, 33.78375 ] ] ] } },
{ "type": "Feature", "properties": { "city": "Atlanta", "view": "detected", "cls": "decay", "area_km2": 0.1323 }, "geometry": { "type": "Polygon", "coordinates": [ [ [ -84.51274, 33.78834 ], [ -84.51112, 33.78818 ], [ -84.5112, 33.78764 ], [ -84.51152, 33.78768 ], [ -84.51172, 33.78634 ], [ -84.51241, 33.78614 ], [ -84.51245, 33.78587 ], [ -84.51342, 33.78597 ], [ -84.51346, 33.7857 ], [ -84.51313, 33.78567 ], [ -84.51337, 33.78407 ], [ -84.51406, 33.78387 ], [ -84.5141, 33.7836 ], [ -84.51442, 33.78364 ], [ -84.51446, 33.78337 ], [ -84.51511, 33.78344 ], [ -84.51503, 33.78397 ], [ -84.51535, 33.784 ], [ -84.51508, 33.78587 ], [ -84.51605, 33.78596 ], [ -84.51597, 33.7865 ], [ -84.51629, 33.78653 ], [ -84.51622, 33.78706 ], [ -84.51654, 33.78709 ], [ -84.5165, 33.78736 ], [ -84.51452, 33.78743 ], [ -84.51448, 33.7877 ], [ -84.51383, 33.78764 ], [ -84.51379, 33.7879 ], [ -84.51347, 33.78787 ], [ -84.51343, 33.78814 ], [ -84.51278, 33.78807 ], [ -84.51274, 33.78834 ] ] ] } },
{ "type": "Feature", "properties": { "city": "Atlanta", "view": "detected", "cls": "decay", "area_km2": 0.0189 }, "geometry": { "type": "Polygon", "coordinates": [ [ [ -84.31297, 33.76359 ], [ -84.31232, 33.76353 ], [ -84.31256, 33.76193 ], [ -84.31224, 33.76189 ], [ -84.31228, 33.76163 ], [ -84.31293, 33.76169 ], [ -84.31285, 33.76223 ], [ -84.31382, 33.76233 ], [ -84.31366, 33.76339 ], [ -84.31301, 33.76333 ], [ -84.31297, 33.76359 ] ] ] } },
{ "type": "Feature", "properties": { "city": "Atlanta", "view": "detected", "cls": "decay", "area_km2": 0.0027 }, "geometry": { "type": "Polygon", "coordinates": [ [ [ -84.48025, 33.77913 ], [ -84.47964, 33.7788 ], [ -84.47968, 33.77854 ], [ -84.48033, 33.7786 ], [ -84.48025, 33.77913 ] ] ] } },
{ "type": "Feature", "properties": { "city": "Atlanta", "view": "detected", "cls": "decay", "area_km2": 0.0036 }, "geometry": { "type": "Polygon", "coordinates": [ [ [ -84.31362, 33.76149 ], [ -84.31301, 33.76116 ], [ -84.31341, 33.76066 ], [ -84.31374, 33.76069 ], [ -84.31362, 33.76149 ] ] ] } },
{ "type": "Feature", "properties": { "city": "Atlanta", "view": "detected", "cls": "decay", "area_km2": 0.0045 }, "geometry": { "type": "Polygon", "coordinates": [ [ [ -84.32405, 33.76201 ], [ -84.32341, 33.76195 ], [ -84.32316, 33.76138 ], [ -84.32413, 33.76148 ], [ -84.32405, 33.76201 ] ] ] } },
{ "type": "Feature", "properties": { "city": "Atlanta", "view": "detected", "cls": "decay", "area_km2": 0.8325 }, "geometry": { "type": "Polygon", "coordinates": [ [ [ -84.5036, 33.79013 ], [ -84.50198, 33.78997 ], [ -84.50202, 33.7897 ], [ -84.50105, 33.7896 ], [ -84.50109, 33.78934 ], [ -84.50044, 33.78927 ], [ -84.50048, 33.78901 ], [ -84.50016, 33.78897 ], [ -84.5002, 33.78871 ], [ -84.50052, 33.78874 ], [ -84.5006, 33.78821 ], [ -84.50027, 33.78817 ], [ -84.50043, 33.78711 ], [ -84.49974, 33.78731 ], [ -84.49978, 33.78704 ], [ -84.49914, 33.78698 ], [ -84.49918, 33.78671 ], [ -84.49853, 33.78665 ], [ -84.49865, 33.78585 ], [ -84.49897, 33.78588 ], [ -84.49905, 33.78535 ], [ -84.49937, 33.78538 ], [ -84.49945, 33.78484 ], [ -84.49978, 33.78488 ], [ -84.49985, 33.78434 ], [ -84.49823, 33.78418 ], [ -84.49827, 33.78392 ], [ -84.49763, 33.78385 ], [ -84.49746, 33.78275 ], [ -84.49612, 33.78289 ], [ -84.49644, 33.78076 ], [ -84.49774, 33.78089 ], [ -84.49798, 33.78145 ], [ -84.49863, 33.78152 ], [ -84.49867, 33.78125 ], [ -84.49899, 33.78128 ], [ -84.49907, 33.78075 ], [ -84.49972, 33.78081 ], [ -84.49968, 33.78108 ], [ -84.5, 33.78111 ], [ -84.49992, 33.78165 ], [ -84.50025, 33.78168 ], [ -84.50041, 33.78061 ], [ -84.50073, 33.78064 ], [ -84.50081, 33.78011 ], [ -84.5015, 33.77991 ], [ -84.50153, 33.77964 ], [ -84.50218, 33.77971 ], [ -84.50222, 33.77944 ], [ -84.50287, 33.77951 ], [ -84.50291, 33.77924 ], [ -84.50356, 33.7793 ], [ -84.50396, 33.7788 ], [ -84.50623, 33.77903 ], [ -84.50619, 33.7793 ], [ -84.50683, 33.77936 ], [ -84.5068, 33.77963 ], [ -84.50712, 33.77966 ], [ -84.50708, 33.77993 ], [ -84.50805, 33.78003 ], [ -84.50801, 33.78029 ], [ -84.50834, 33.78032 ], [ -84.50822, 33.78112 ], [ -84.50753, 33.78133 ], [ -84.50737, 33.78239 ], [ -84.5077, 33.78242 ], [ -84.50762, 33.78296 ], [ -84.50693, 33.78316 ], [ -84.50689, 33.78343 ], [ -84.50786, 33.78352 ], [ -84.50782, 33.78379 ], [ -84.5075, 33.78376 ], [ -84.50742, 33.78429 ], [ -84.5071, 33.78426 ], [ -84.50726, 33.78536 ], [ -84.50824, 33.78545 ], [ -84.50816, 33.78599 ], [ -84.50747, 33.78619 ], [ -84.50739, 33.78672 ], [ -84.50707, 33.78669 ], [ -84.50699, 33.78722 ], [ -84.5063, 33.78742 ], [ -84.50626, 33.78769 ], [ -84.50561, 33.78763 ], [ -84.50554, 33.78816 ], [ -84.50489, 33.78809 ], [ -84.50448, 33.78859 ], [ -84.50416, 33.78856 ], [ -84.504, 33.78963 ], [ -84.50368, 33.7896 ], [ -84.5036, 33.79013 ] ], [ [ -84.50116, 33.78664 ], [ -84.50091, 33.78607 ], [ -84.50059, 33.78604 ], [ -84.50051, 33.78657 ], [ -84.50116, 33.78664 ] ], [ [ -84.50286, 33.78627 ], [ -84.5029, 33.786 ], [ -84.50322, 33.78603 ], [ -84.5033, 33.7855 ], [ -84.50233, 33.7854 ], [ -84.50221, 33.7862 ], [ -84.50286, 33.78627 ] ] ] } },
{ "type": "Feature", "properties": { "city": "Atlanta", "view": "detected", "cls": "decay", "area_km2": 0.0027 }, "geometry": { "type": "Polygon", "coordinates": [ [ [ -84.29475, 33.75362 ], [ -84.29378, 33.75352 ], [ -84.29382, 33.75325 ], [ -84.29479, 33.75335 ], [ -84.29475, 33.75362 ] ] ] } },
{ "type": "Feature", "properties": { "city": "Atlanta", "view": "detected", "cls": "decay", "area_km2": 0.0027 }, "geometry": { "type": "Polygon", "coordinates": [ [ [ -84.29455, 33.75279 ], [ -84.29394, 33.75245 ], [ -84.29398, 33.75219 ], [ -84.29463, 33.75225 ], [ -84.29455, 33.75279 ] ] ] } },
{ "type": "Feature", "properties": { "city": "Atlanta", "view": "detected", "cls": "decay", "area_km2": 0.0063 }, "geometry": { "type": "Polygon", "coordinates": [ [ [ -84.30073, 33.75098 ], [ -84.29944, 33.75085 ], [ -84.29952, 33.75032 ], [ -84.30049, 33.75042 ], [ -84.30073, 33.75098 ] ] ] } },
{ "type": "Feature", "properties": { "city": "Atlanta", "view": "detected", "cls": "decay", "area_km2": 0.0243 }, "geometry": { "type": "Polygon", "coordinates": [ [ [ -84.43848, 33.76601 ], [ -84.43784, 33.76595 ], [ -84.43759, 33.76538 ], [ -84.43727, 33.76535 ], [ -84.43739, 33.76455 ], [ -84.43771, 33.76458 ], [ -84.43779, 33.76405 ], [ -84.43811, 33.76408 ], [ -84.43815, 33.76381 ], [ -84.43876, 33.76415 ], [ -84.43868, 33.76468 ], [ -84.439, 33.76471 ], [ -84.43889, 33.76551 ], [ -84.43856, 33.76548 ], [ -84.43848, 33.76601 ] ] ] } },
{ "type": "Feature", "properties": { "city": "Atlanta", "view": "detected", "cls": "decay", "area_km2": 0.0099 }, "geometry": { "type": "Polygon", "coordinates": [ [ [ -84.42872, 33.76314 ], [ -84.42808, 33.76307 ], [ -84.42811, 33.7628 ], [ -84.42779, 33.76277 ], [ -84.42787, 33.76224 ], [ -84.42819, 33.76227 ], [ -84.42823, 33.762 ], [ -84.42888, 33.76207 ], [ -84.4288, 33.7626 ], [ -84.42913, 33.76264 ], [ -84.42872, 33.76314 ] ] ] } },
{ "type": "Feature", "properties": { "city": "Atlanta", "view": "detected", "cls": "decay", "area_km2": 0.009 }, "geometry": { "type": "Polygon", "coordinates": [ [ [ -84.42646, 33.76291 ], [ -84.42581, 33.76284 ], [ -84.42589, 33.76231 ], [ -84.42556, 33.76228 ], [ -84.42568, 33.76148 ], [ -84.42633, 33.76154 ], [ -84.42625, 33.76208 ], [ -84.42658, 33.76211 ], [ -84.42654, 33.76237 ], [ -84.42621, 33.76234 ], [ -84.42617, 33.76261 ], [ -84.4265, 33.76264 ], [ -84.42646, 33.76291 ] ] ] } },
{ "type": "Feature", "properties": { "city": "Atlanta", "view": "detected", "cls": "decay", "area_km2": 0.0063 }, "geometry": { "type": "Polygon", "coordinates": [ [ [ -84.33565, 33.75264 ], [ -84.33468, 33.75254 ], [ -84.33476, 33.75201 ], [ -84.33508, 33.75204 ], [ -84.33512, 33.75177 ], [ -84.33573, 33.75211 ], [ -84.33565, 33.75264 ] ] ] } },
{ "type": "Feature", "properties": { "city": "Atlanta", "view": "detected", "cls": "decay", "area_km2": 0.0117 }, "geometry": { "type": "Polygon", "coordinates": [ [ [ -84.42738, 33.76111 ], [ -84.42706, 33.76107 ], [ -84.4271, 33.76081 ], [ -84.42645, 33.76074 ], [ -84.42621, 33.76018 ], [ -84.42653, 33.76021 ], [ -84.42657, 33.75994 ], [ -84.42722, 33.76001 ], [ -84.42726, 33.75974 ], [ -84.4279, 33.75981 ], [ -84.42786, 33.76007 ], [ -84.42754, 33.76004 ], [ -84.42738, 33.76111 ] ] ] } },
{ "type": "Feature", "properties": { "city": "Atlanta", "view": "detected", "cls": "decay", "area_km2": 0.0063 }, "geometry": { "type": "Polygon", "coordinates": [ [ [ -84.51289, 33.76726 ], [ -84.51229, 33.76692 ], [ -84.5124, 33.76612 ], [ -84.51305, 33.76619 ], [ -84.51289, 33.76726 ] ] ] } },
{ "type": "Feature", "properties": { "city": "Atlanta", "view": "detected", "cls": "decay", "area_km2": 0.0135 }, "geometry": { "type": "Polygon", "coordinates": [ [ [ -84.45174, 33.76085 ], [ -84.45044, 33.76072 ], [ -84.451, 33.75916 ], [ -84.45161, 33.75949 ], [ -84.45145, 33.76055 ], [ -84.45178, 33.76059 ], [ -84.45174, 33.76085 ] ] ] } },
{ "type": "Feature", "properties": { "city": "Atlanta", "view": "detected", "cls": "decay", "area_km2": 0.0036 }, "geometry": { "type": "Polygon", "coordinates": [ [ [ -84.31335, 33.74577 ], [ -84.31302, 33.74574 ], [ -84.31314, 33.74494 ], [ -84.31375, 33.74527 ], [ -84.31335, 33.74577 ] ] ] } },
{ "type": "Feature", "properties": { "city": "Atlanta", "view": "detected", "cls": "decay", "area_km2": 0.0513 }, "geometry": { "type": "Polygon", "coordinates": [ [ [ -84.48897, 33.76459 ], [ -84.48768, 33.76446 ], [ -84.48743, 33.76389 ], [ -84.48711, 33.76386 ], [ -84.48715, 33.7636 ], [ -84.48682, 33.76356 ], [ -84.48686, 33.7633 ], [ -84.48654, 33.76326 ], [ -84.48666, 33.76246 ], [ -84.48605, 33.76213 ], [ -84.48609, 33.76187 ], [ -84.48738, 33.762 ], [ -84.48734, 33.76226 ], [ -84.48832, 33.76236 ], [ -84.48856, 33.76293 ], [ -84.48921, 33.76299 ], [ -84.48917, 33.76326 ], [ -84.48949, 33.76329 ], [ -84.48937, 33.76409 ], [ -84.48905, 33.76406 ], [ -84.48897, 33.76459 ] ] ] } },
{ "type": "Feature", "properties": { "city": "Atlanta", "view": "detected", "cls": "decay", "area_km2": 0.0036 }, "geometry": { "type": "Polygon", "coordinates": [ [ [ -84.5113, 33.76466 ], [ -84.51066, 33.7646 ], [ -84.5107, 33.76433 ], [ -84.51102, 33.76436 ], [ -84.51106, 33.7641 ], [ -84.51171, 33.76416 ], [ -84.51167, 33.76443 ], [ -84.51134, 33.7644 ], [ -84.5113, 33.76466 ] ] ] } },
{ "type": "Feature", "properties": { "city": "Atlanta", "view": "detected", "cls": "decay", "area_km2": 0.0045 }, "geometry": { "type": "Polygon", "coordinates": [ [ [ -84.3203, 33.7454 ], [ -84.3197, 33.74507 ], [ -84.31978, 33.74453 ], [ -84.32042, 33.7446 ], [ -84.3203, 33.7454 ] ] ] } },
{ "type": "Feature", "properties": { "city": "Atlanta", "view": "detected", "cls": "decay", "area_km2": 0.0225 }, "geometry": { "type": "Polygon", "coordinates": [ [ [ -84.49087, 33.76289 ], [ -84.49054, 33.76285 ], [ -84.49058, 33.76259 ], [ -84.48993, 33.76252 ], [ -84.48969, 33.76196 ], [ -84.48937, 33.76192 ], [ -84.4894, 33.76166 ], [ -84.48908, 33.76163 ], [ -84.48912, 33.76136 ], [ -84.4888, 33.76133 ], [ -84.48884, 33.76106 ], [ -84.48981, 33.76116 ], [ -84.48977, 33.76142 ], [ -84.49106, 33.76155 ], [ -84.49102, 33.76182 ], [ -84.49135, 33.76185 ], [ -84.49123, 33.76265 ], [ -84.49091, 33.76262 ], [ -84.49087, 33.76289 ] ] ] } },
{ "type": "Feature", "properties": { "city": "Atlanta", "view": "detected", "cls": "decay", "area_km2": 0.0153 }, "geometry": { "type": "Polygon", "coordinates": [ [ [ -84.34077, 33.74694 ], [ -84.33948, 33.74681 ], [ -84.33956, 33.74627 ], [ -84.34025, 33.74607 ], [ -84.34029, 33.74581 ], [ -84.34126, 33.7459 ], [ -84.34122, 33.74617 ], [ -84.34154, 33.7462 ], [ -84.34114, 33.7467 ], [ -84.34081, 33.74667 ], [ -84.34077, 33.74694 ] ] ] } },
{ "type": "Feature", "properties": { "city": "Atlanta", "view": "detected", "cls": "decay", "area_km2": 0.0603 }, "geometry": { "type": "Polygon", "coordinates": [ [ [ -84.47864, 33.76112 ], [ -84.47702, 33.76096 ], [ -84.47706, 33.76069 ], [ -84.47641, 33.76063 ], [ -84.47649, 33.76009 ], [ -84.47617, 33.76006 ], [ -84.47621, 33.75979 ], [ -84.47495, 33.7594 ], [ -84.47499, 33.75913 ], [ -84.47693, 33.75933 ], [ -84.47697, 33.75906 ], [ -84.47924, 33.75929 ], [ -84.4792, 33.75955 ], [ -84.47985, 33.75962 ], [ -84.47937, 33.76065 ], [ -84.47868, 33.76085 ], [ -84.47864, 33.76112 ] ] ] } },
{ "type": "Feature", "properties": { "city": "Atlanta", "view": "detected", "cls": "decay", "area_km2": 0.0027 }, "geometry": { "type": "Polygon", "coordinates": [ [ [ -84.29595, 33.74129 ], [ -84.2953, 33.74123 ], [ -84.2957, 33.74073 ], [ -84.29603, 33.74076 ], [ -84.29595, 33.74129 ] ] ] } },
{ "type": "Feature", "properties": { "city": "Atlanta", "view": "detected", "cls": "decay", "area_km2": 0.2898 }, "geometry": { "type": "Polygon", "coordinates": [ [ [ -84.29175, 33.74953 ], [ -84.2911, 33.74946 ], [ -84.29123, 33.74866 ], [ -84.29187, 33.74873 ], [ -84.29195, 33.74819 ], [ -84.2926, 33.74826 ], [ -84.29268, 33.74773 ], [ -84.293, 33.74776 ], [ -84.29304, 33.74749 ], [ -84.29272, 33.74746 ], [ -84.2928, 33.74693 ], [ -84.29215, 33.74686 ], [ -84.29219, 33.74659 ], [ -84.29122, 33.74649 ], [ -84.29134, 33.7457 ], [ -84.29167, 33.74573 ], [ -84.29191, 33.74413 ], [ -84.2913, 33.7438 ], [ -84.29134, 33.74353 ], [ -84.29102, 33.7435 ], [ -84.29114, 33.7427 ], [ -84.29081, 33.74267 ], [ -84.29097, 33.7416 ], [ -84.29194, 33.7417 ], [ -84.29219, 33.74226 ], [ -84.29251, 33.7423 ], [ -84.29259, 33.74176 ], [ -84.29291, 33.7418 ], [ -84.29295, 33.74153 ], [ -84.29263, 33.7415 ], [ -84.29267, 33.74123 ], [ -84.29299, 33.74126 ], [ -84.29303, 33.741 ], [ -84.29206, 33.7409 ], [ -84.2921, 33.74063 ], [ -84.29178, 33.7406 ], [ -84.29186, 33.74007 ], [ -84.29315, 33.7402 ], [ -84.29328, 33.7394 ], [ -84.29425, 33.7395 ], [ -84.29421, 33.73976 ], [ -84.29453, 33.7398 ], [ -84.29437, 33.74086 ], [ -84.29469, 33.7409 ], [ -84.29461, 33.74143 ], [ -84.29522, 33.74176 ], [ -84.29518, 33.74203 ], [ -84.29615, 33.74213 ], [ -84.29627, 33.74133 ], [ -84.29659, 33.74136 ], [ -84.29655, 33.74163 ], [ -84.29688, 33.74166 ], [ -84.29672, 33.74273 ], [ -84.29603, 33.74293 ], [ -84.29607, 33.74266 ], [ -84.29575, 33.74263 ], [ -84.29567, 33.74316 ], [ -84.29599, 33.74319 ], [ -84.29595, 33.74346 ], [ -84.29563, 33.74343 ], [ -84.29555, 33.74396 ], [ -84.2949, 33.74389 ], [ -84.29482, 33.74443 ], [ -84.2945, 33.74439 ], [ -84.29446, 33.74466 ], [ -84.29478, 33.74469 ], [ -84.29462, 33.74576 ], [ -84.29494, 33.74579 ], [ -84.2949, 33.74606 ], [ -84.29458, 33.74603 ], [ -84.29438, 33.74736 ], [ -84.29503, 33.74742 ], [ -84.29491, 33.74822 ], [ -84.29426, 33.74816 ], [ -84.29418, 33.74869 ], [ -84.29349, 33.74889 ], [ -84.29345, 33.74916 ], [ -84.29216, 33.74903 ], [ -84.29175, 33.74953 ] ], [ [ -84.29308, 33.74506 ], [ -84.29348, 33.74456 ], [ -84.29381, 33.74459 ], [ -84.29385, 33.74433 ], [ -84.2932, 33.74426 ], [ -84.29328, 33.74373 ], [ -84.29263, 33.74366 ], [ -84.29251, 33.74446 ], [ -84.29284, 33.74449 ], [ -84.29276, 33.74503 ], [ -84.29308, 33.74506 ] ] ] } },
{ "type": "Feature", "properties": { "city": "Atlanta", "view": "detected", "cls": "decay", "area_km2": 0.0027 }, "geometry": { "type": "Polygon", "coordinates": [ [ [ -84.29194, 33.73953 ], [ -84.29162, 33.7395 ], [ -84.2917, 33.73897 ], [ -84.29234, 33.73903 ], [ -84.2923, 33.7393 ], [ -84.29198, 33.73927 ], [ -84.29194, 33.73953 ] ] ] } },
{ "type": "Feature", "properties": { "city": "Atlanta", "view": "detected", "cls": "decay", "area_km2": 0.0441 }, "geometry": { "type": "Polygon", "coordinates": [ [ [ -84.32086, 33.74167 ], [ -84.3186, 33.74144 ], [ -84.31835, 33.74087 ], [ -84.31738, 33.74077 ], [ -84.31742, 33.74051 ], [ -84.31775, 33.74054 ], [ -84.31779, 33.74027 ], [ -84.31908, 33.7404 ], [ -84.31912, 33.74014 ], [ -84.32009, 33.74024 ], [ -84.32005, 33.7405 ], [ -84.3207, 33.74057 ], [ -84.3211, 33.74007 ], [ -84.32175, 33.74013 ], [ -84.32179, 33.73987 ], [ -84.32211, 33.7399 ], [ -84.32191, 33.74123 ], [ -84.32094, 33.74113 ], [ -84.32086, 33.74167 ] ], [ [ -84.32026, 33.74133 ], [ -84.3203, 33.74107 ], [ -84.319, 33.74094 ], [ -84.31896, 33.7412 ], [ -84.32026, 33.74133 ] ] ] } },
{ "type": "Feature", "properties": { "city": "Atlanta", "view": "detected", "cls": "decay", "area_km2": 0.0063 }, "geometry": { "type": "Polygon", "coordinates": [ [ [ -84.31354, 33.73795 ], [ -84.31289, 33.73788 ], [ -84.31301, 33.73708 ], [ -84.31333, 33.73711 ], [ -84.31337, 33.73685 ], [ -84.3137, 33.73688 ], [ -84.31354, 33.73795 ] ] ] } },
{ "type": "Feature", "properties": { "city": "Atlanta", "view": "detected", "cls": "decay", "area_km2": 0.009 }, "geometry": { "type": "Polygon", "coordinates": [ [ [ -84.49557, 33.75551 ], [ -84.49492, 33.75545 ], [ -84.49512, 33.75412 ], [ -84.49577, 33.75418 ], [ -84.49557, 33.75551 ] ] ] } },
{ "type": "Feature", "properties": { "city": "Atlanta", "view": "detected", "cls": "decay", "area_km2": 0.0063 }, "geometry": { "type": "Polygon", "coordinates": [ [ [ -84.46574, 33.75063 ], [ -84.46513, 33.7503 ], [ -84.46521, 33.74976 ], [ -84.46618, 33.74986 ], [ -84.4661, 33.75039 ], [ -84.46578, 33.75036 ], [ -84.46574, 33.75063 ] ] ] } },
{ "type": "Feature", "properties": { "city": "Atlanta", "view": "detected", "cls": "decay", "area_km2": 0.0171 }, "geometry": { "type": "Polygon", "coordinates": [ [ [ -84.37438, 33.74196 ], [ -84.37373, 33.74189 ], [ -84.37377, 33.74162 ], [ -84.3728, 33.74153 ], [ -84.37284, 33.74126 ], [ -84.37251, 33.74123 ], [ -84.37267, 33.74016 ], [ -84.37332, 33.74023 ], [ -84.37324, 33.74076 ], [ -84.37356, 33.74079 ], [ -84.37352, 33.74106 ], [ -84.37417, 33.74112 ], [ -84.37413, 33.74139 ], [ -84.37446, 33.74142 ], [ -84.37438, 33.74196 ] ] ] } },
{ "type": "Feature", "properties": { "city": "Atlanta", "view": "detected", "cls": "decay", "area_km2": 0.0153 }, "geometry": { "type": "Polygon", "coordinates": [ [ [ -84.46897, 33.75095 ], [ -84.468, 33.75086 ], [ -84.46776, 33.75029 ], [ -84.46743, 33.75026 ], [ -84.46784, 33.74976 ], [ -84.46816, 33.74979 ], [ -84.4682, 33.74952 ], [ -84.46885, 33.74959 ], [ -84.46877, 33.75012 ], [ -84.46909, 33.75015 ], [ -84.46897, 33.75095 ] ] ] } },
{ "type": "Feature", "properties": { "city": "Atlanta", "view": "detected", "cls": "decay", "area_km2": 0.081 }, "geometry": { "type": "Polygon", "coordinates": [ [ [ -84.5241, 33.7581 ], [ -84.52406, 33.75836 ], [ -84.52374, 33.75833 ], [ -84.5237, 33.7586 ], [ -84.52309, 33.75827 ], [ -84.52313, 33.758 ], [ -84.52281, 33.75797 ], [ -84.52292, 33.75717 ], [ -84.5226, 33.75714 ], [ -84.52268, 33.7566 ], [ -84.52236, 33.75657 ], [ -84.52239, 33.7563 ], [ -84.52308, 33.7561 ], [ -84.52312, 33.75583 ], [ -84.52344, 33.75587 ], [ -84.52356, 33.75507 ], [ -84.52389, 33.7551 ], [ -84.52397, 33.75457 ], [ -84.52429, 33.7546 ], [ -84.52433, 33.75433 ], [ -84.52498, 33.7544 ], [ -84.5249, 33.75493 ], [ -84.52522, 33.75496 ], [ -84.52506, 33.75603 ], [ -84.52571, 33.75609 ], [ -84.52596, 33.75666 ], [ -84.52563, 33.75663 ], [ -84.52551, 33.75743 ], [ -84.52483, 33.75763 ], [ -84.52479, 33.75789 ], [ -84.52446, 33.75786 ], [ -84.52443, 33.75813 ], [ -84.5241, 33.7581 ] ], [ [ -84.52313, 33.758 ], [ -84.52345, 33.75803 ], [ -84.52349, 33.75777 ], [ -84.52317, 33.75773 ], [ -84.52313, 33.758 ] ], [ [ -84.5241, 33.7581 ], [ -84.52414, 33.75783 ], [ -84.52382, 33.7578 ], [ -84.52378, 33.75806 ], [ -84.5241, 33.7581 ] ] ] } },
{ "type": "Feature", "properties": { "city": "Atlanta", "view": "detected", "cls": "decay", "area_km2": 0.0045 }, "geometry": { "type": "Polygon", "coordinates": [ [ [ -84.37862, 33.73995 ], [ -84.37765, 33.73985 ], [ -84.37773, 33.73932 ], [ -84.37837, 33.73939 ], [ -84.37862, 33.73995 ] ] ] } },
{ "type": "Feature", "properties": { "city": "Atlanta", "view": "detected", "cls": "decay", "area_km2": 0.0081 }, "geometry": { "type": "Polygon", "coordinates": [ [ [ -84.37178, 33.73953 ], [ -84.37081, 33.73943 ], [ -84.37057, 33.73887 ], [ -84.37121, 33.73893 ], [ -84.37125, 33.73866 ], [ -84.37158, 33.7387 ], [ -84.37154, 33.73896 ], [ -84.37218, 33.73903 ], [ -84.37178, 33.73953 ] ] ] } },
{ "type": "Feature", "properties": { "city": "Atlanta", "view": "detected", "cls": "decay", "area_km2": 0.0945 }, "geometry": { "type": "Polygon", "coordinates": [ [ [ -84.47266, 33.75268 ], [ -84.47169, 33.75258 ], [ -84.47177, 33.75204 ], [ -84.47145, 33.75201 ], [ -84.47149, 33.75175 ], [ -84.47051, 33.75165 ], [ -84.47055, 33.75138 ], [ -84.47023, 33.75135 ], [ -84.47039, 33.75028 ], [ -84.47071, 33.75032 ], [ -84.47075, 33.75005 ], [ -84.47043, 33.75002 ], [ -84.47051, 33.74948 ], [ -84.47018, 33.74945 ], [ -84.47022, 33.74918 ], [ -84.47091, 33.74898 ], [ -84.47095, 33.74872 ], [ -84.47192, 33.74881 ], [ -84.47196, 33.74855 ], [ -84.47325, 33.74868 ], [ -84.47285, 33.74918 ], [ -84.4722, 33.74911 ], [ -84.47216, 33.74938 ], [ -84.47184, 33.74935 ], [ -84.47176, 33.74988 ], [ -84.47209, 33.74991 ], [ -84.47213, 33.74965 ], [ -84.47342, 33.74978 ], [ -84.47366, 33.75034 ], [ -84.47399, 33.75037 ], [ -84.47395, 33.75064 ], [ -84.47427, 33.75067 ], [ -84.47387, 33.75117 ], [ -84.47355, 33.75114 ], [ -84.47351, 33.75141 ], [ -84.47254, 33.75131 ], [ -84.47246, 33.75184 ], [ -84.47306, 33.75217 ], [ -84.47266, 33.75268 ] ] ] } },
{ "type": "Feature", "properties": { "city": "Atlanta", "view": "detected", "cls": "decay", "area_km2": 0.0045 }, "geometry": { "type": "Polygon", "coordinates": [ [ [ -84.40507, 33.73884 ], [ -84.4041, 33.73874 ], [ -84.40414, 33.73847 ], [ -84.40446, 33.73851 ], [ -84.4045, 33.73824 ], [ -84.40515, 33.7383 ], [ -84.40507, 33.73884 ] ] ] } },
{ "type": "Feature", "properties": { "city": "Atlanta", "view": "detected", "cls": "decay", "area_km2": 0.0027 }, "geometry": { "type": "Polygon", "coordinates": [ [ [ -84.36655, 33.73494 ], [ -84.36623, 33.73491 ], [ -84.36631, 33.73438 ], [ -84.36696, 33.73444 ], [ -84.36692, 33.73471 ], [ -84.36659, 33.73468 ], [ -84.36655, 33.73494 ] ] ] } },
{ "type": "Feature", "properties": { "city": "Atlanta", "view": "detected", "cls": "decay", "area_km2": 0.0477 }, "geometry": { "type": "Polygon", "coordinates": [ [ [ -84.37258, 33.73636 ], [ -84.37226, 33.73633 ], [ -84.3723, 33.73606 ], [ -84.371, 33.73593 ], [ -84.37108, 33.7354 ], [ -84.37048, 33.73507 ], [ -84.37052, 33.7348 ], [ -84.37116, 33.73487 ], [ -84.3712, 33.7346 ], [ -84.37217, 33.7347 ], [ -84.37221, 33.73443 ], [ -84.37286, 33.7345 ], [ -84.37282, 33.73476 ], [ -84.37314, 33.7348 ], [ -84.37318, 33.73453 ], [ -84.37416, 33.73463 ], [ -84.37412, 33.7349 ], [ -84.37444, 33.73493 ], [ -84.37432, 33.73573 ], [ -84.37335, 33.73563 ], [ -84.37327, 33.73616 ], [ -84.37262, 33.7361 ], [ -84.37258, 33.73636 ] ] ] } },
{ "type": "Feature", "properties": { "city": "Atlanta", "view": "detected", "cls": "decay", "area_km2": 0.0063 }, "geometry": { "type": "Polygon", "coordinates": [ [ [ -84.37019, 33.73477 ], [ -84.36958, 33.73444 ], [ -84.3697, 33.73364 ], [ -84.37035, 33.7337 ], [ -84.37019, 33.73477 ] ] ] } },
{ "type": "Feature", "properties": { "city": "Atlanta", "view": "detected", "cls": "decay", "area_km2": 0.0081 }, "geometry": { "type": "Polygon", "coordinates": [ [ [ -84.35025, 33.73194 ], [ -84.34964, 33.7316 ], [ -84.34972, 33.73107 ], [ -84.35004, 33.7311 ], [ -84.35008, 33.73084 ], [ -84.35073, 33.7309 ], [ -84.35061, 33.7317 ], [ -84.35029, 33.73167 ], [ -84.35025, 33.73194 ] ] ] } },
{ "type": "Feature", "properties": { "city": "Atlanta", "view": "detected", "cls": "decay", "area_km2": 0.0342 }, "geometry": { "type": "Polygon", "coordinates": [ [ [ -84.32707, 33.72877 ], [ -84.3261, 33.72867 ], [ -84.32585, 33.7281 ], [ -84.32553, 33.72807 ], [ -84.32565, 33.72727 ], [ -84.32533, 33.72724 ], [ -84.32541, 33.72671 ], [ -84.32638, 33.72681 ], [ -84.32634, 33.72707 ], [ -84.32698, 33.72714 ], [ -84.32694, 33.7274 ], [ -84.32792, 33.7275 ], [ -84.32776, 33.72857 ], [ -84.32711, 33.7285 ], [ -84.32707, 33.72877 ] ] ] } },
{ "type": "Feature", "properties": { "city": "Atlanta", "view": "detected", "cls": "decay", "area_km2": 0.0045 }, "geometry": { "type": "Polygon", "coordinates": [ [ [ -84.37286, 33.73233 ], [ -84.37225, 33.732 ], [ -84.37233, 33.73147 ], [ -84.37297, 33.73153 ], [ -84.37286, 33.73233 ] ] ] } },
{ "type": "Feature", "properties": { "city": "Atlanta", "view": "detected", "cls": "decay", "area_km2": 0.0324 }, "geometry": { "type": "Polygon", "coordinates": [ [ [ -84.36594, 33.73244 ], [ -84.36533, 33.73211 ], [ -84.36574, 33.73161 ], [ -84.36541, 33.73158 ], [ -84.36549, 33.73105 ], [ -84.36517, 33.73101 ], [ -84.36529, 33.73021 ], [ -84.36561, 33.73025 ], [ -84.36569, 33.72971 ], [ -84.36666, 33.72981 ], [ -84.36683, 33.73091 ], [ -84.36747, 33.73098 ], [ -84.36743, 33.73124 ], [ -84.36679, 33.73118 ], [ -84.36675, 33.73144 ], [ -84.36642, 33.73141 ], [ -84.3663, 33.73221 ], [ -84.36598, 33.73218 ], [ -84.36594, 33.73244 ] ] ] } },
{ "type": "Feature", "properties": { "city": "Atlanta", "view": "detected", "cls": "decay", "area_km2": 0.0027 }, "geometry": { "type": "Polygon", "coordinates": [ [ [ -84.37993, 33.73116 ], [ -84.37928, 33.73109 ], [ -84.37969, 33.73059 ], [ -84.38001, 33.73062 ], [ -84.37993, 33.73116 ] ] ] } },
{ "type": "Feature", "properties": { "city": "Atlanta", "view": "detected", "cls": "decay", "area_km2": 0.1035 }, "geometry": { "type": "Polygon", "coordinates": [ [ [ -84.35935, 33.73259 ], [ -84.3587, 33.73252 ], [ -84.35878, 33.73199 ], [ -84.35846, 33.73196 ], [ -84.35858, 33.73116 ], [ -84.35732, 33.73076 ], [ -84.3574, 33.73023 ], [ -84.35809, 33.73003 ], [ -84.35813, 33.72976 ], [ -84.35845, 33.72979 ], [ -84.35857, 33.72899 ], [ -84.3589, 33.72902 ], [ -84.35894, 33.72876 ], [ -84.36023, 33.72889 ], [ -84.36031, 33.72836 ], [ -84.36096, 33.72842 ], [ -84.361, 33.72816 ], [ -84.36132, 33.72819 ], [ -84.36128, 33.72845 ], [ -84.3616, 33.72849 ], [ -84.3614, 33.72982 ], [ -84.36173, 33.72985 ], [ -84.36157, 33.73092 ], [ -84.36125, 33.73089 ], [ -84.36121, 33.73115 ], [ -84.36023, 33.73105 ], [ -84.36019, 33.73132 ], [ -84.35987, 33.73129 ], [ -84.35979, 33.73182 ], [ -84.35947, 33.73179 ], [ -84.35935, 33.73259 ] ] ] } },
{ "type": "Feature", "properties": { "city": "Atlanta", "view": "detected", "cls": "decay", "area_km2": 0.0144 }, "geometry": { "type": "Polygon", "coordinates": [ [ [ -84.3248, 33.72637 ], [ -84.32448, 33.72634 ], [ -84.32456, 33.72581 ], [ -84.32423, 33.72578 ], [ -84.32443, 33.72444 ], [ -84.32508, 33.72451 ], [ -84.32504, 33.72478 ], [ -84.32536, 33.72481 ], [ -84.3252, 33.72587 ], [ -84.32488, 33.72584 ], [ -84.3248, 33.72637 ] ] ] } },
{ "type": "Feature", "properties": { "city": "Atlanta", "view": "detected", "cls": "decay", "area_km2": 0.0144 }, "geometry": { "type": "Polygon", "coordinates": [ [ [ -84.53614, 33.7455 ], [ -84.53553, 33.74517 ], [ -84.53561, 33.74464 ], [ -84.53594, 33.74467 ], [ -84.53597, 33.74441 ], [ -84.53759, 33.74457 ], [ -84.53751, 33.7451 ], [ -84.53618, 33.74524 ], [ -84.53614, 33.7455 ] ] ] } },
{ "type": "Feature", "properties": { "city": "Atlanta", "view": "detected", "cls": "decay", "area_km2": 0.0288 }, "geometry": { "type": "Polygon", "coordinates": [ [ [ -84.35877, 33.72766 ], [ -84.35683, 33.72746 ], [ -84.35687, 33.7272 ], [ -84.35655, 33.72716 ], [ -84.35663, 33.72663 ], [ -84.35695, 33.72666 ], [ -84.35699, 33.7264 ], [ -84.35764, 33.72646 ], [ -84.35768, 33.7262 ], [ -84.35897, 33.72633 ], [ -84.35913, 33.72743 ], [ -84.35881, 33.72739 ], [ -84.35877, 33.72766 ] ] ] } },
{ "type": "Feature", "properties": { "city": "Atlanta", "view": "detected", "cls": "decay", "area_km2": 0.0279 }, "geometry": { "type": "Polygon", "coordinates": [ [ [ -84.33296, 33.7245 ], [ -84.33102, 33.7243 ], [ -84.33106, 33.72403 ], [ -84.32977, 33.7239 ], [ -84.32981, 33.72364 ], [ -84.33114, 33.7235 ], [ -84.33155, 33.723 ], [ -84.33219, 33.72307 ], [ -84.33215, 33.72333 ], [ -84.3328, 33.7234 ], [ -84.33276, 33.72367 ], [ -84.33308, 33.7237 ], [ -84.33296, 33.7245 ] ] ] } },
{ "type": "Feature", "properties": { "city": "Atlanta", "view": "detected", "cls": "decay", "area_km2": 0.0027 }, "geometry": { "type": "Polygon", "coordinates": [ [ [ -84.41237, 33.73173 ], [ -84.41204, 33.7317 ], [ -84.41212, 33.73116 ], [ -84.41277, 33.73123 ], [ -84.41273, 33.73149 ], [ -84.41241, 33.73146 ], [ -84.41237, 33.73173 ] ] ] } },
{ "type": "Feature", "properties": { "city": "Atlanta", "view": "detected", "cls": "decay", "area_km2": 0.0036 }, "geometry": { "type": "Polygon", "coordinates": [ [ [ -84.53375, 33.74391 ], [ -84.53342, 33.74388 ], [ -84.53354, 33.74308 ], [ -84.53415, 33.74341 ], [ -84.53375, 33.74391 ] ] ] } },
{ "type": "Feature", "properties": { "city": "Atlanta", "view": "detected", "cls": "decay", "area_km2": 0.036 }, "geometry": { "type": "Polygon", "coordinates": [ [ [ -84.35392, 33.72717 ], [ -84.35262, 33.72704 ], [ -84.35246, 33.72594 ], [ -84.35278, 33.72597 ], [ -84.35282, 33.7257 ], [ -84.35347, 33.72577 ], [ -84.35395, 33.72474 ], [ -84.35464, 33.72453 ], [ -84.35448, 33.7256 ], [ -84.35416, 33.72557 ], [ -84.35412, 33.72583 ], [ -84.35444, 33.72587 ], [ -84.35436, 33.7264 ], [ -84.35565, 33.72653 ], [ -84.35561, 33.7268 ], [ -84.35432, 33.72667 ], [ -84.35392, 33.72717 ] ] ] } },
{ "type": "Feature", "properties": { "city": "Atlanta", "view": "detected", "cls": "decay", "area_km2": 0.0153 }, "geometry": { "type": "Polygon", "coordinates": [ [ [ -84.35978, 33.72533 ], [ -84.35881, 33.72523 ], [ -84.35885, 33.72496 ], [ -84.35852, 33.72493 ], [ -84.3586, 33.7244 ], [ -84.3599, 33.72453 ], [ -84.35986, 33.72479 ], [ -84.36018, 33.72483 ], [ -84.36022, 33.72456 ], [ -84.36087, 33.72463 ], [ -84.36091, 33.72436 ], [ -84.36123, 33.72439 ], [ -84.36115, 33.72492 ], [ -84.35982, 33.72506 ], [ -84.35978, 33.72533 ] ] ] } },
{ "type": "Feature", "properties": { "city": "Atlanta", "view": "detected", "cls": "decay", "area_km2": 0.1899 }, "geometry": { "type": "Polygon", "coordinates": [ [ [ -84.51567, 33.744 ], [ -84.51502, 33.74393 ], [ -84.5151, 33.7434 ], [ -84.51413, 33.7433 ], [ -84.51372, 33.74381 ], [ -84.51275, 33.74371 ], [ -84.51283, 33.74317 ], [ -84.51316, 33.74321 ], [ -84.51327, 33.74241 ], [ -84.51263, 33.74234 ], [ -84.51271, 33.74181 ], [ -84.51141, 33.74168 ], [ -84.51101, 33.74218 ], [ -84.51036, 33.74212 ], [ -84.51032, 33.74238 ], [ -84.50935, 33.74229 ], [ -84.50939, 33.74202 ], [ -84.50907, 33.74199 ], [ -84.50922, 33.74092 ], [ -84.50991, 33.74072 ], [ -84.50995, 33.74045 ], [ -84.51027, 33.74048 ], [ -84.51031, 33.74022 ], [ -84.51096, 33.74028 ], [ -84.511, 33.74002 ], [ -84.51229, 33.74015 ], [ -84.5127, 33.73964 ], [ -84.51302, 33.73968 ], [ -84.51306, 33.73941 ], [ -84.51403, 33.73951 ], [ -84.51399, 33.73977 ], [ -84.51431, 33.73981 ], [ -84.5142, 33.74061 ], [ -84.51387, 33.74057 ], [ -84.51376, 33.74137 ], [ -84.51343, 33.74134 ], [ -84.51368, 33.74191 ], [ -84.51335, 33.74187 ], [ -84.51331, 33.74214 ], [ -84.51396, 33.74221 ], [ -84.51436, 33.74171 ], [ -84.51533, 33.7418 ], [ -84.51537, 33.74154 ], [ -84.51829, 33.74183 ], [ -84.51825, 33.74209 ], [ -84.51857, 33.74213 ], [ -84.51809, 33.74316 ], [ -84.5174, 33.74336 ], [ -84.51736, 33.74363 ], [ -84.51575, 33.74347 ], [ -84.51567, 33.744 ] ] ] } },
{ "type": "Feature", "properties": { "city": "Atlanta", "view": "detected", "cls": "decay", "area_km2": 0.0297 }, "geometry": { "type": "Polygon", "coordinates": [ [ [ -84.33163, 33.72247 ], [ -84.33001, 33.7223 ], [ -84.33005, 33.72204 ], [ -84.3294, 33.72197 ], [ -84.32944, 33.72171 ], [ -84.32976, 33.72174 ], [ -84.32988, 33.72094 ], [ -84.33085, 33.72104 ], [ -84.33081, 33.7213 ], [ -84.33146, 33.72137 ], [ -84.3315, 33.7211 ], [ -84.33215, 33.72117 ], [ -84.33207, 33.7217 ], [ -84.33239, 33.72173 ], [ -84.33235, 33.722 ], [ -84.33167, 33.7222 ], [ -84.33163, 33.72247 ] ] ] } },
{ "type": "Feature", "properties": { "city": "Atlanta", "view": "detected", "cls": "decay", "area_km2": 0.0054 }, "geometry": { "type": "Polygon", "coordinates": [ [ [ -84.44517, 33.73206 ], [ -84.44419, 33.73196 ], [ -84.4446, 33.73146 ], [ -84.44492, 33.73149 ], [ -84.44496, 33.73123 ], [ -84.44528, 33.73126 ], [ -84.44517, 33.73206 ] ] ] } },
{ "type": "Feature", "properties": { "city": "Atlanta", "view": "detected", "cls": "decay", "area_km2": 0.0126 }, "geometry": { "type": "Polygon", "coordinates": [ [ [ -84.51026, 33.73832 ], [ -84.50901, 33.73792 ], [ -84.50909, 33.73739 ], [ -84.50941, 33.73742 ], [ -84.50945, 33.73716 ], [ -84.5101, 33.73722 ], [ -84.51014, 33.73695 ], [ -84.51046, 33.73699 ], [ -84.51026, 33.73832 ] ] ] } },
{ "type": "Feature", "properties": { "city": "Atlanta", "view": "detected", "cls": "decay", "area_km2": 0.0135 }, "geometry": { "type": "Polygon", "coordinates": [ [ [ -84.49104, 33.73504 ], [ -84.49007, 33.73494 ], [ -84.49019, 33.73414 ], [ -84.49087, 33.73394 ], [ -84.49095, 33.73341 ], [ -84.49128, 33.73344 ], [ -84.49131, 33.73318 ], [ -84.49196, 33.73324 ], [ -84.49156, 33.73374 ], [ -84.49124, 33.73371 ], [ -84.49112, 33.73451 ], [ -84.49079, 33.73448 ], [ -84.49104, 33.73504 ] ] ] } },
{ "type": "Feature", "properties": { "city": "Atlanta", "view": "detected", "cls": "decay", "area_km2": 0.0027 }, "geometry": { "type": "Polygon", "coordinates": [ [ [ -84.48869, 33.73318 ], [ -84.48804, 33.73312 ], [ -84.48812, 33.73258 ], [ -84.48873, 33.73292 ], [ -84.48869, 33.73318 ] ] ] } },
{ "type": "Feature", "properties": { "city": "Atlanta", "view": "detected", "cls": "decay", "area_km2": 0.0045 }, "geometry": { "type": "Polygon", "coordinates": [ [ [ -84.37481, 33.72144 ], [ -84.37384, 33.72134 ], [ -84.37392, 33.72081 ], [ -84.37457, 33.72087 ], [ -84.37481, 33.72144 ] ] ] } },
{ "type": "Feature", "properties": { "city": "Atlanta", "view": "detected", "cls": "decay", "area_km2": 0.2907 }, "geometry": { "type": "Polygon", "coordinates": [ [ [ -84.36298, 33.72809 ], [ -84.36265, 33.72805 ], [ -84.36277, 33.72725 ], [ -84.36245, 33.72722 ], [ -84.36269, 33.72562 ], [ -84.36301, 33.72565 ], [ -84.36309, 33.72512 ], [ -84.36277, 33.72509 ], [ -84.36301, 33.72349 ], [ -84.36333, 33.72352 ], [ -84.36349, 33.72246 ], [ -84.36381, 33.72249 ], [ -84.36389, 33.72196 ], [ -84.36519, 33.72209 ], [ -84.36535, 33.72102 ], [ -84.36603, 33.72082 ], [ -84.36611, 33.72029 ], [ -84.36579, 33.72025 ], [ -84.36583, 33.71999 ], [ -84.36615, 33.72002 ], [ -84.36619, 33.71975 ], [ -84.36684, 33.71982 ], [ -84.36708, 33.72039 ], [ -84.36773, 33.72045 ], [ -84.36769, 33.72072 ], [ -84.36834, 33.72078 ], [ -84.36854, 33.71945 ], [ -84.36886, 33.71948 ], [ -84.3689, 33.71922 ], [ -84.36955, 33.71928 ], [ -84.36979, 33.71985 ], [ -84.37012, 33.71988 ], [ -84.37004, 33.72041 ], [ -84.37064, 33.72075 ], [ -84.37056, 33.72128 ], [ -84.36988, 33.72148 ], [ -84.36984, 33.72175 ], [ -84.36887, 33.72165 ], [ -84.36891, 33.72138 ], [ -84.36858, 33.72135 ], [ -84.36854, 33.72162 ], [ -84.36822, 33.72158 ], [ -84.36814, 33.72212 ], [ -84.36749, 33.72205 ], [ -84.36741, 33.72258 ], [ -84.36677, 33.72252 ], [ -84.36701, 33.72308 ], [ -84.36733, 33.72312 ], [ -84.36729, 33.72338 ], [ -84.36762, 33.72342 ], [ -84.3675, 33.72422 ], [ -84.36782, 33.72425 ], [ -84.36766, 33.72531 ], [ -84.36734, 33.72528 ], [ -84.3673, 33.72555 ], [ -84.366, 33.72542 ], [ -84.36596, 33.72568 ], [ -84.36532, 33.72562 ], [ -84.36528, 33.72588 ], [ -84.36495, 33.72585 ], [ -84.36483, 33.72665 ], [ -84.36451, 33.72662 ], [ -84.36443, 33.72715 ], [ -84.36374, 33.72735 ], [ -84.3637, 33.72762 ], [ -84.36338, 33.72759 ], [ -84.36334, 33.72785 ], [ -84.36302, 33.72782 ], [ -84.36298, 33.72809 ] ] ] } },
{ "type": "Feature", "properties": { "city": "Atlanta", "view": "detected", "cls": "decay", "area_km2": 0.0135 }, "geometry": { "type": "Polygon", "coordinates": [ [ [ -84.49135, 33.73291 ], [ -84.49075, 33.73258 ], [ -84.49079, 33.73231 ], [ -84.48981, 33.73221 ], [ -84.48993, 33.73141 ], [ -84.4909, 33.73151 ], [ -84.49115, 33.73208 ], [ -84.49147, 33.73211 ], [ -84.49135, 33.73291 ] ] ] } },
{ "type": "Feature", "properties": { "city": "Atlanta", "view": "detected", "cls": "decay", "area_km2": 0.0207 }, "geometry": { "type": "Polygon", "coordinates": [ [ [ -84.37946, 33.7211 ], [ -84.37914, 33.72106 ], [ -84.37937, 33.71947 ], [ -84.38099, 33.71963 ], [ -84.38087, 33.72043 ], [ -84.38019, 33.72063 ], [ -84.38015, 33.7209 ], [ -84.3795, 33.72083 ], [ -84.37946, 33.7211 ] ] ] } },
{ "type": "Feature", "properties": { "city": "Atlanta", "view": "detected", "cls": "decay", "area_km2": 0.0252 }, "geometry": { "type": "Polygon", "coordinates": [ [ [ -84.50228, 33.73454 ], [ -84.50196, 33.73451 ], [ -84.50204, 33.73398 ], [ -84.50171, 33.73395 ], [ -84.50179, 33.73341 ], [ -84.50211, 33.73345 ], [ -84.50231, 33.73211 ], [ -84.50263, 33.73215 ], [ -84.50271, 33.73161 ], [ -84.50336, 33.73168 ], [ -84.50324, 33.73248 ], [ -84.50292, 33.73244 ], [ -84.50288, 33.73271 ], [ -84.5032, 33.73274 ], [ -84.50305, 33.73381 ], [ -84.50272, 33.73378 ], [ -84.50264, 33.73431 ], [ -84.50232, 33.73428 ], [ -84.50228, 33.73454 ] ] ] } },
{ "type": "Feature", "properties": { "city": "Atlanta", "view": "detected", "cls": "decay", "area_km2": 0.0441 }, "geometry": { "type": "Polygon", "coordinates": [ [ [ -84.37198, 33.72061 ], [ -84.37133, 33.72055 ], [ -84.37173, 33.72004 ], [ -84.37109, 33.71998 ], [ -84.37113, 33.71971 ], [ -84.3708, 33.71968 ], [ -84.371, 33.71835 ], [ -84.37169, 33.71815 ], [ -84.37173, 33.71788 ], [ -84.37238, 33.71795 ], [ -84.37262, 33.71851 ], [ -84.37294, 33.71854 ], [ -84.37282, 33.71934 ], [ -84.37315, 33.71938 ], [ -84.37303, 33.72018 ], [ -84.3727, 33.72014 ], [ -84.37266, 33.72041 ], [ -84.37202, 33.72034 ], [ -84.37198, 33.72061 ] ] ] } },
{ "type": "Feature", "properties": { "city": "Atlanta", "view": "detected", "cls": "decay", "area_km2": 0.0171 }, "geometry": { "type": "Polygon", "coordinates": [ [ [ -84.51133, 33.73329 ], [ -84.51069, 33.73322 ], [ -84.51073, 33.73296 ], [ -84.5104, 33.73292 ], [ -84.51052, 33.73212 ], [ -84.51084, 33.73216 ], [ -84.51088, 33.73189 ], [ -84.51185, 33.73199 ], [ -84.51182, 33.73225 ], [ -84.51214, 33.73229 ], [ -84.51206, 33.73282 ], [ -84.51137, 33.73302 ], [ -84.51133, 33.73329 ] ] ] } },
{ "type": "Feature", "properties": { "city": "Atlanta", "view": "detected", "cls": "decay", "area_km2": 0.0036 }, "geometry": { "type": "Polygon", "coordinates": [ [ [ -84.42211, 33.71918 ], [ -84.42114, 33.71909 ], [ -84.42118, 33.71882 ], [ -84.42187, 33.71862 ], [ -84.42211, 33.71918 ] ] ] } },
{ "type": "Feature", "properties": { "city": "Atlanta", "view": "detected", "cls": "decay", "area_km2": 0.0036 }, "geometry": { "type": "Polygon", "coordinates": [ [ [ -84.53938, 33.72797 ], [ -84.53841, 33.72788 ], [ -84.53845, 33.72761 ], [ -84.53913, 33.72741 ], [ -84.53938, 33.72797 ] ] ] } },
{ "type": "Feature", "properties": { "city": "Atlanta", "view": "detected", "cls": "decay", "area_km2": 0.036 }, "geometry": { "type": "Polygon", "coordinates": [ [ [ -84.53707, 33.72801 ], [ -84.53675, 33.72798 ], [ -84.53679, 33.72772 ], [ -84.53646, 33.72768 ], [ -84.53643, 33.72795 ], [ -84.53513, 33.72782 ], [ -84.53517, 33.72755 ], [ -84.53355, 33.72739 ], [ -84.53331, 33.72683 ], [ -84.53298, 33.72679 ], [ -84.53302, 33.72653 ], [ -84.53658, 33.72688 ], [ -84.53654, 33.72715 ], [ -84.53719, 33.72722 ], [ -84.53715, 33.72748 ], [ -84.53748, 33.72751 ], [ -84.53707, 33.72801 ] ] ] } },
{ "type": "Feature", "properties": { "city": "Atlanta", "view": "detected", "cls": "decay", "area_km2": 0.0081 }, "geometry": { "type": "Polygon", "coordinates": [ [ [ -84.49467, 33.72377 ], [ -84.49407, 33.72344 ], [ -84.49411, 33.72318 ], [ -84.49479, 33.72297 ], [ -84.49483, 33.72271 ], [ -84.49516, 33.72274 ], [ -84.49512, 33.72301 ], [ -84.49544, 33.72304 ], [ -84.49536, 33.72357 ], [ -84.49471, 33.72351 ], [ -84.49467, 33.72377 ] ] ] } },
{ "type": "Feature", "properties": { "city": "Atlanta", "view": "detected", "cls": "decay", "area_km2": 0.018 }, "geometry": { "type": "Polygon", "coordinates": [ [ [ -84.5416, 33.72847 ], [ -84.54128, 33.72843 ], [ -84.54136, 33.7279 ], [ -84.54201, 33.72797 ], [ -84.54208, 33.72743 ], [ -84.54176, 33.7274 ], [ -84.54184, 33.72687 ], [ -84.54281, 33.72696 ], [ -84.54277, 33.72723 ], [ -84.54342, 33.7273 ], [ -84.54334, 33.72783 ], [ -84.54265, 33.72803 ], [ -84.54261, 33.7283 ], [ -84.54164, 33.7282 ], [ -84.5416, 33.72847 ] ] ] } },
{ "type": "Feature", "properties": { "city": "Atlanta", "view": "detected", "cls": "decay", "area_km2": 0.0054 }, "geometry": { "type": "Polygon", "coordinates": [ [ [ -84.36042, 33.70781 ], [ -84.35982, 33.70747 ], [ -84.3599, 33.70694 ], [ -84.36054, 33.70701 ], [ -84.3605, 33.70727 ], [ -84.36083, 33.70731 ], [ -84.36042, 33.70781 ] ] ] } },
{ "type": "Feature", "properties": { "city": "Atlanta", "view": "detected", "cls": "decay", "area_km2": 0.0162 }, "geometry": { "type": "Polygon", "coordinates": [ [ [ -84.54123, 33.72654 ], [ -84.54026, 33.72644 ], [ -84.54034, 33.72591 ], [ -84.53973, 33.72558 ], [ -84.53985, 33.72478 ], [ -84.53952, 33.72474 ], [ -84.5396, 33.72421 ], [ -84.53993, 33.72424 ], [ -84.53997, 33.72398 ], [ -84.54029, 33.72401 ], [ -84.54013, 33.72507 ], [ -84.54074, 33.72541 ], [ -84.54066, 33.72594 ], [ -84.54127, 33.72627 ], [ -84.54123, 33.72654 ] ] ] } },
{ "type": "Feature", "properties": { "city": "Atlanta", "view": "detected", "cls": "decay", "area_km2": 0.0036 }, "geometry": { "type": "Polygon", "coordinates": [ [ [ -84.395, 33.70941 ], [ -84.39435, 33.70935 ], [ -84.39439, 33.70908 ], [ -84.39471, 33.70911 ], [ -84.39475, 33.70885 ], [ -84.3954, 33.70891 ], [ -84.39536, 33.70918 ], [ -84.39504, 33.70915 ], [ -84.395, 33.70941 ] ] ] } },
{ "type": "Feature", "properties": { "city": "Atlanta", "view": "detected", "cls": "decay", "area_km2": 0.0054 }, "geometry": { "type": "Polygon", "coordinates": [ [ [ -84.52494, 33.71896 ], [ -84.52429, 33.71889 ], [ -84.52433, 33.71863 ], [ -84.52401, 33.71859 ], [ -84.52441, 33.71809 ], [ -84.52502, 33.71843 ], [ -84.52494, 33.71896 ] ] ] } },
{ "type": "Feature", "properties": { "city": "Atlanta", "view": "detected", "cls": "decay", "area_km2": 0.0045 }, "geometry": { "type": "Polygon", "coordinates": [ [ [ -84.39073, 33.70276 ], [ -84.38944, 33.70263 ], [ -84.38948, 33.70236 ], [ -84.39045, 33.70246 ], [ -84.39049, 33.70219 ], [ -84.39081, 33.70223 ], [ -84.39073, 33.70276 ] ] ] } },
{ "type": "Feature", "properties": { "city": "Atlanta", "view": "detected", "cls": "decay", "area_km2": 0.0027 }, "geometry": { "type": "Polygon", "coordinates": [ [ [ -84.47825, 33.71049 ], [ -84.47792, 33.71046 ], [ -84.47804, 33.70966 ], [ -84.47837, 33.70969 ], [ -84.47825, 33.71049 ] ] ] } },
{ "type": "Feature", "properties": { "city": "Atlanta", "view": "detected", "cls": "decay", "area_km2": 0.0621 }, "geometry": { "type": "Polygon", "coordinates": [ [ [ -84.48189, 33.71248 ], [ -84.48092, 33.71239 ], [ -84.48096, 33.71212 ], [ -84.48031, 33.71205 ], [ -84.48007, 33.71149 ], [ -84.47975, 33.71146 ], [ -84.47979, 33.71119 ], [ -84.47914, 33.71112 ], [ -84.47918, 33.71086 ], [ -84.4795, 33.71089 ], [ -84.47966, 33.70982 ], [ -84.48095, 33.70995 ], [ -84.48087, 33.71049 ], [ -84.48152, 33.71055 ], [ -84.4816, 33.71002 ], [ -84.48354, 33.71021 ], [ -84.4835, 33.71048 ], [ -84.48286, 33.71042 ], [ -84.48237, 33.71145 ], [ -84.48205, 33.71142 ], [ -84.4823, 33.71198 ], [ -84.48197, 33.71195 ], [ -84.48189, 33.71248 ] ] ] } },
{ "type": "Feature", "properties": { "city": "Atlanta", "view": "detected", "cls": "decay", "area_km2": 0.0126 }, "geometry": { "type": "Polygon", "coordinates": [ [ [ -84.51651, 33.71379 ], [ -84.5159, 33.71346 ], [ -84.51594, 33.71319 ], [ -84.51562, 33.71316 ], [ -84.5157, 33.71262 ], [ -84.51634, 33.71269 ], [ -84.51638, 33.71242 ], [ -84.51735, 33.71252 ], [ -84.51731, 33.71279 ], [ -84.51699, 33.71275 ], [ -84.51691, 33.71329 ], [ -84.51659, 33.71325 ], [ -84.51651, 33.71379 ] ] ] } },
{ "type": "Feature", "properties": { "city": "Atlanta", "view": "detected", "cls": "decay", "area_km2": 0.0963 }, "geometry": { "type": "Polygon", "coordinates": [ [ [ -84.53222, 33.7186 ], [ -84.53157, 33.71854 ], [ -84.53169, 33.71774 ], [ -84.53108, 33.71741 ], [ -84.53091, 33.71631 ], [ -84.53031, 33.71598 ], [ -84.53038, 33.71544 ], [ -84.53006, 33.71541 ], [ -84.5301, 33.71515 ], [ -84.53042, 33.71518 ], [ -84.5305, 33.71465 ], [ -84.53119, 33.71444 ], [ -84.53131, 33.71364 ], [ -84.53098, 33.71361 ], [ -84.53106, 33.71308 ], [ -84.53171, 33.71314 ], [ -84.53167, 33.71341 ], [ -84.53199, 33.71344 ], [ -84.53176, 33.71504 ], [ -84.53208, 33.71507 ], [ -84.532, 33.71561 ], [ -84.5333, 33.71574 ], [ -84.53322, 33.71627 ], [ -84.53387, 33.71633 ], [ -84.53379, 33.71687 ], [ -84.53411, 33.7169 ], [ -84.53407, 33.71717 ], [ -84.53375, 33.71713 ], [ -84.53367, 33.71767 ], [ -84.53335, 33.71763 ], [ -84.53327, 33.71817 ], [ -84.5323, 33.71807 ], [ -84.53222, 33.7186 ] ] ] } },
{ "type": "Feature", "properties": { "city": "Atlanta", "view": "detected", "cls": "decay", "area_km2": 0.0027 }, "geometry": { "type": "Polygon", "coordinates": [ [ [ -84.51924, 33.70865 ], [ -84.51827, 33.70855 ], [ -84.5183, 33.70829 ], [ -84.51928, 33.70838 ], [ -84.51924, 33.70865 ] ] ] } },
{ "type": "Feature", "properties": { "city": "Atlanta", "view": "detected", "cls": "decay", "area_km2": 0.0351 }, "geometry": { "type": "Polygon", "coordinates": [ [ [ -84.52919, 33.71019 ], [ -84.52789, 33.71006 ], [ -84.52793, 33.70979 ], [ -84.52761, 33.70976 ], [ -84.52769, 33.70922 ], [ -84.52801, 33.70926 ], [ -84.52805, 33.70899 ], [ -84.5287, 33.70905 ], [ -84.52874, 33.70879 ], [ -84.53064, 33.70925 ], [ -84.53068, 33.70898 ], [ -84.53165, 33.70908 ], [ -84.53157, 33.70961 ], [ -84.53125, 33.70958 ], [ -84.53121, 33.70985 ], [ -84.52991, 33.70972 ], [ -84.52988, 33.70998 ], [ -84.52923, 33.70992 ], [ -84.52919, 33.71019 ] ] ] } },
{ "type": "Feature", "properties": { "city": "Atlanta", "view": "detected", "cls": "decay", "area_km2": 0.0027 }, "geometry": { "type": "Polygon", "coordinates": [ [ [ -84.36702, 33.69224 ], [ -84.36641, 33.69191 ], [ -84.36645, 33.69164 ], [ -84.3671, 33.69171 ], [ -84.36702, 33.69224 ] ] ] } },
{ "type": "Feature", "properties": { "city": "Atlanta", "view": "detected", "cls": "decay", "area_km2": 0.0036 }, "geometry": { "type": "Polygon", "coordinates": [ [ [ -84.40587, 33.6959 ], [ -84.40523, 33.69584 ], [ -84.40531, 33.6953 ], [ -84.40595, 33.69537 ], [ -84.40587, 33.6959 ] ] ] } },
{ "type": "Feature", "properties": { "city": "Atlanta", "view": "detected", "cls": "decay", "area_km2": 0.0045 }, "geometry": { "type": "Polygon", "coordinates": [ [ [ -84.46411, 33.70177 ], [ -84.46378, 33.70174 ], [ -84.46382, 33.70147 ], [ -84.46317, 33.70141 ], [ -84.46358, 33.7009 ], [ -84.46418, 33.70124 ], [ -84.46411, 33.70177 ] ] ] } },
{ "type": "Feature", "properties": { "city": "Atlanta", "view": "detected", "cls": "decay", "area_km2": 0.0027 }, "geometry": { "type": "Polygon", "coordinates": [ [ [ -84.39467, 33.69396 ], [ -84.3937, 33.69386 ], [ -84.39374, 33.69359 ], [ -84.39471, 33.69369 ], [ -84.39467, 33.69396 ] ] ] } },
{ "type": "Feature", "properties": { "city": "Atlanta", "view": "detected", "cls": "decay", "area_km2": 0.0378 }, "geometry": { "type": "Polygon", "coordinates": [ [ [ -84.4544, 33.70079 ], [ -84.45343, 33.7007 ], [ -84.45318, 33.70013 ], [ -84.45124, 33.69994 ], [ -84.45132, 33.6994 ], [ -84.45326, 33.6996 ], [ -84.4533, 33.69933 ], [ -84.45589, 33.69959 ], [ -84.45581, 33.70012 ], [ -84.45516, 33.70006 ], [ -84.45476, 33.70056 ], [ -84.45444, 33.70053 ], [ -84.4544, 33.70079 ] ] ] } },
{ "type": "Feature", "properties": { "city": "Atlanta", "view": "detected", "cls": "decay", "area_km2": 0.0054 }, "geometry": { "type": "Polygon", "coordinates": [ [ [ -84.50572, 33.70459 ], [ -84.50507, 33.70453 ], [ -84.50515, 33.70399 ], [ -84.50482, 33.70396 ], [ -84.50486, 33.70369 ], [ -84.50551, 33.70376 ], [ -84.50547, 33.70403 ], [ -84.50579, 33.70406 ], [ -84.50572, 33.70459 ] ] ] } },
{ "type": "Feature", "properties": { "city": "Atlanta", "view": "detected", "cls": "decay", "area_km2": 0.0261 }, "geometry": { "type": "Polygon", "coordinates": [ [ [ -84.48695, 33.70271 ], [ -84.48598, 33.70261 ], [ -84.48602, 33.70235 ], [ -84.48537, 33.70228 ], [ -84.48541, 33.70202 ], [ -84.48509, 33.70198 ], [ -84.48517, 33.70145 ], [ -84.48549, 33.70148 ], [ -84.48553, 33.70122 ], [ -84.48779, 33.70144 ], [ -84.48775, 33.70171 ], [ -84.48743, 33.70168 ], [ -84.48735, 33.70221 ], [ -84.48703, 33.70218 ], [ -84.48695, 33.70271 ] ] ] } },
{ "type": "Feature", "properties": { "city": "Atlanta", "view": "detected", "cls": "decay", "area_km2": 0.0153 }, "geometry": { "type": "Polygon", "coordinates": [ [ [ -84.4986, 33.70388 ], [ -84.49795, 33.70381 ], [ -84.49799, 33.70355 ], [ -84.49767, 33.70351 ], [ -84.49786, 33.70218 ], [ -84.49819, 33.70221 ], [ -84.49823, 33.70195 ], [ -84.49855, 33.70198 ], [ -84.49847, 33.70251 ], [ -84.49879, 33.70255 ], [ -84.4986, 33.70388 ] ] ] } },
{ "type": "Feature", "properties": { "city": "Atlanta", "view": "detected", "cls": "decay", "area_km2": 0.0036 }, "geometry": { "type": "Polygon", "coordinates": [ [ [ -84.52059, 33.70392 ], [ -84.51994, 33.70385 ], [ -84.51998, 33.70358 ], [ -84.52031, 33.70362 ], [ -84.52038, 33.70308 ], [ -84.52071, 33.70312 ], [ -84.52059, 33.70392 ] ] ] } },
{ "type": "Feature", "properties": { "city": "Atlanta", "view": "detected", "cls": "decay", "area_km2": 0.0036 }, "geometry": { "type": "Polygon", "coordinates": [ [ [ -84.39026, 33.69053 ], [ -84.38961, 33.69047 ], [ -84.38969, 33.68994 ], [ -84.39034, 33.69 ], [ -84.39026, 33.69053 ] ] ] } },
{ "type": "Feature", "properties": { "city": "Atlanta", "view": "detected", "cls": "decay", "area_km2": 0.0405 }, "geometry": { "type": "Polygon", "coordinates": [ [ [ -84.36446, 33.68738 ], [ -84.36381, 33.68732 ], [ -84.36393, 33.68652 ], [ -84.36458, 33.68658 ], [ -84.36462, 33.68631 ], [ -84.36494, 33.68635 ], [ -84.36502, 33.68581 ], [ -84.36571, 33.68561 ], [ -84.36575, 33.68535 ], [ -84.36672, 33.68545 ], [ -84.36696, 33.68601 ], [ -84.36761, 33.68608 ], [ -84.36749, 33.68688 ], [ -84.36684, 33.68681 ], [ -84.3668, 33.68708 ], [ -84.36583, 33.68698 ], [ -84.36587, 33.68671 ], [ -84.36523, 33.68665 ], [ -84.36482, 33.68715 ], [ -84.3645, 33.68711 ], [ -84.36446, 33.68738 ] ] ] } },
{ "type": "Feature", "properties": { "city": "Atlanta", "view": "detected", "cls": "decay", "area_km2": 0.009 }, "geometry": { "type": "Polygon", "coordinates": [ [ [ -84.41067, 33.69016 ], [ -84.41006, 33.68983 ], [ -84.41014, 33.6893 ], [ -84.40982, 33.68927 ], [ -84.40986, 33.689 ], [ -84.41083, 33.6891 ], [ -84.41079, 33.68936 ], [ -84.41111, 33.6894 ], [ -84.41103, 33.68993 ], [ -84.41071, 33.6899 ], [ -84.41067, 33.69016 ] ] ] } },
{ "type": "Feature", "properties": { "city": "Atlanta", "view": "detected", "cls": "decay", "area_km2": 0.0054 }, "geometry": { "type": "Polygon", "coordinates": [ [ [ -84.54274, 33.70288 ], [ -84.54177, 33.70279 ], [ -84.54185, 33.70225 ], [ -84.54282, 33.70235 ], [ -84.54274, 33.70288 ] ] ] } },
{ "type": "Feature", "properties": { "city": "Atlanta", "view": "detected", "cls": "decay", "area_km2": 0.0063 }, "geometry": { "type": "Polygon", "coordinates": [ [ [ -84.51567, 33.6972 ], [ -84.5147, 33.6971 ], [ -84.51478, 33.69657 ], [ -84.51543, 33.69664 ], [ -84.51546, 33.69637 ], [ -84.51579, 33.6964 ], [ -84.51567, 33.6972 ] ] ] } },
{ "type": "Feature", "properties": { "city": "Atlanta", "view": "detected", "cls": "decay", "area_km2": 0.0216 }, "geometry": { "type": "Polygon", "coordinates": [ [ [ -84.40071, 33.68645 ], [ -84.39942, 33.68632 ], [ -84.3995, 33.68579 ], [ -84.39982, 33.68582 ], [ -84.3999, 33.68529 ], [ -84.40059, 33.68509 ], [ -84.40063, 33.68482 ], [ -84.40095, 33.68485 ], [ -84.40099, 33.68459 ], [ -84.40131, 33.68462 ], [ -84.40128, 33.68489 ], [ -84.4016, 33.68492 ], [ -84.40152, 33.68545 ], [ -84.4012, 33.68542 ], [ -84.40112, 33.68595 ], [ -84.40079, 33.68592 ], [ -84.40071, 33.68645 ] ] ] } },
{ "type": "Feature", "properties": { "city": "Atlanta", "view": "detected", "cls": "decay", "area_km2": 0.0045 }, "geometry": { "type": "Polygon", "coordinates": [ [ [ -84.39436, 33.68283 ], [ -84.39339, 33.68273 ], [ -84.39343, 33.68247 ], [ -84.39375, 33.6825 ], [ -84.39379, 33.68223 ], [ -84.39444, 33.6823 ], [ -84.39436, 33.68283 ] ] ] } },
{ "type": "Feature", "properties": { "city": "Atlanta", "view": "detected", "cls": "decay", "area_km2": 0.0117 }, "geometry": { "type": "Polygon", "coordinates": [ [ [ -84.40111, 33.68379 ], [ -84.40079, 33.68375 ], [ -84.40087, 33.68322 ], [ -84.40054, 33.68319 ], [ -84.40062, 33.68265 ], [ -84.40131, 33.68245 ], [ -84.40135, 33.68219 ], [ -84.402, 33.68225 ], [ -84.40151, 33.68329 ], [ -84.40119, 33.68325 ], [ -84.40111, 33.68379 ] ] ] } },
{ "type": "Feature", "properties": { "city": "Atlanta", "view": "detected", "cls": "decay", "area_km2": 0.0549 }, "geometry": { "type": "Polygon", "coordinates": [ [ [ -84.5183, 33.69719 ], [ -84.51704, 33.6968 ], [ -84.51708, 33.69653 ], [ -84.51611, 33.69643 ], [ -84.51623, 33.69563 ], [ -84.51688, 33.6957 ], [ -84.51696, 33.69517 ], [ -84.51728, 33.6952 ], [ -84.51744, 33.69413 ], [ -84.51683, 33.6938 ], [ -84.51691, 33.69327 ], [ -84.51788, 33.69337 ], [ -84.51784, 33.69363 ], [ -84.51848, 33.6937 ], [ -84.51845, 33.69396 ], [ -84.51909, 33.69403 ], [ -84.51861, 33.69506 ], [ -84.51829, 33.69503 ], [ -84.51801, 33.6969 ], [ -84.51834, 33.69693 ], [ -84.5183, 33.69719 ] ] ] } },
{ "type": "Feature", "properties": { "city": "Atlanta", "view": "detected", "cls": "decay", "area_km2": 0.0234 }, "geometry": { "type": "Polygon", "coordinates": [ [ [ -84.54385, 33.69758 ], [ -84.54191, 33.69739 ], [ -84.54195, 33.69712 ], [ -84.54227, 33.69716 ], [ -84.54235, 33.69662 ], [ -84.54267, 33.69665 ], [ -84.54283, 33.69559 ], [ -84.54344, 33.69592 ], [ -84.5434, 33.69619 ], [ -84.54372, 33.69622 ], [ -84.54368, 33.69648 ], [ -84.544, 33.69652 ], [ -84.54385, 33.69758 ] ] ] } },
{ "type": "Feature", "properties": { "city": "Atlanta", "view": "detected", "cls": "decay", "area_km2": 0.1008 }, "geometry": { "type": "Polygon", "coordinates": [ [ [ -84.53867, 33.69707 ], [ -84.53738, 33.69694 ], [ -84.53721, 33.69584 ], [ -84.53689, 33.69581 ], [ -84.53708, 33.69447 ], [ -84.53741, 33.69451 ], [ -84.53745, 33.69424 ], [ -84.53809, 33.6943 ], [ -84.53813, 33.69404 ], [ -84.53878, 33.6941 ], [ -84.53882, 33.69384 ], [ -84.54044, 33.694 ], [ -84.54047, 33.69373 ], [ -84.5408, 33.69376 ], [ -84.54076, 33.69403 ], [ -84.54173, 33.69413 ], [ -84.54169, 33.69439 ], [ -84.54201, 33.69442 ], [ -84.54194, 33.69496 ], [ -84.54258, 33.69502 ], [ -84.54254, 33.69529 ], [ -84.54222, 33.69526 ], [ -84.54218, 33.69552 ], [ -84.54121, 33.69543 ], [ -84.54117, 33.69569 ], [ -84.53891, 33.69547 ], [ -84.53867, 33.69707 ] ] ] } },
{ "type": "Feature", "properties": { "city": "Atlanta", "view": "detected", "cls": "decay", "area_km2": 0.0063 }, "geometry": { "type": "Polygon", "coordinates": [ [ [ -84.48653, 33.68779 ], [ -84.4862, 33.68776 ], [ -84.4864, 33.68642 ], [ -84.48701, 33.68676 ], [ -84.48653, 33.68779 ] ] ] } },
{ "type": "Feature", "properties": { "city": "Atlanta", "view": "detected", "cls": "decay", "area_km2": 0.0261 }, "geometry": { "type": "Polygon", "coordinates": [ [ [ -84.49004, 33.68625 ], [ -84.48874, 33.68612 ], [ -84.48878, 33.68585 ], [ -84.48846, 33.68582 ], [ -84.48854, 33.68529 ], [ -84.48793, 33.68495 ], [ -84.48797, 33.68469 ], [ -84.48866, 33.68449 ], [ -84.48862, 33.68475 ], [ -84.48959, 33.68485 ], [ -84.48955, 33.68512 ], [ -84.49052, 33.68521 ], [ -84.4904, 33.68601 ], [ -84.49008, 33.68598 ], [ -84.49004, 33.68625 ] ] ] } },
{ "type": "Feature", "properties": { "city": "Atlanta", "view": "detected", "cls": "decay", "area_km2": 0.0468 }, "geometry": { "type": "Polygon", "coordinates": [ [ [ -84.49874, 33.68956 ], [ -84.49813, 33.68922 ], [ -84.49817, 33.68896 ], [ -84.49785, 33.68892 ], [ -84.49797, 33.68813 ], [ -84.49829, 33.68816 ], [ -84.49837, 33.68762 ], [ -84.49869, 33.68766 ], [ -84.49877, 33.68712 ], [ -84.49845, 33.68709 ], [ -84.49857, 33.68629 ], [ -84.49889, 33.68632 ], [ -84.49897, 33.68579 ], [ -84.49929, 33.68582 ], [ -84.49933, 33.68556 ], [ -84.50063, 33.68569 ], [ -84.50055, 33.68622 ], [ -84.50087, 33.68625 ], [ -84.50083, 33.68652 ], [ -84.50018, 33.68645 ], [ -84.49978, 33.68695 ], [ -84.49946, 33.68692 ], [ -84.49914, 33.68905 ], [ -84.49882, 33.68902 ], [ -84.49874, 33.68956 ] ] ] } },
{ "type": "Feature", "properties": { "city": "Atlanta", "view": "detected", "cls": "decay", "area_km2": 0.0045 }, "geometry": { "type": "Polygon", "coordinates": [ [ [ -84.35731, 33.6715 ], [ -84.3567, 33.67117 ], [ -84.35711, 33.67067 ], [ -84.35771, 33.671 ], [ -84.35731, 33.6715 ] ] ] } },
{ "type": "Feature", "properties": { "city": "Atlanta", "view": "detected", "cls": "decay", "area_km2": 0.0054 }, "geometry": { "type": "Polygon", "coordinates": [ [ [ -84.41819, 33.67712 ], [ -84.41722, 33.67703 ], [ -84.4173, 33.67649 ], [ -84.41827, 33.67659 ], [ -84.41819, 33.67712 ] ] ] } },
{ "type": "Feature", "properties": { "city": "Atlanta", "view": "detected", "cls": "decay", "area_km2": 0.0441 }, "geometry": { "type": "Polygon", "coordinates": [ [ [ -84.53529, 33.69105 ], [ -84.53432, 33.69095 ], [ -84.53451, 33.68962 ], [ -84.53419, 33.68959 ], [ -84.53431, 33.68879 ], [ -84.53463, 33.68882 ], [ -84.53467, 33.68855 ], [ -84.53597, 33.68868 ], [ -84.53604, 33.68815 ], [ -84.53669, 33.68821 ], [ -84.53657, 33.68901 ], [ -84.53625, 33.68898 ], [ -84.53605, 33.69031 ], [ -84.53573, 33.69028 ], [ -84.53565, 33.69081 ], [ -84.53533, 33.69078 ], [ -84.53529, 33.69105 ] ] ] } },
{ "type": "Feature", "properties": { "city": "Atlanta", "view": "detected", "cls": "decay", "area_km2": 0.0054 }, "geometry": { "type": "Polygon", "coordinates": [ [ [ -84.35751, 33.67017 ], [ -84.35654, 33.67007 ], [ -84.35662, 33.66954 ], [ -84.35759, 33.66964 ], [ -84.35751, 33.67017 ] ] ] } },
{ "type": "Feature", "properties": { "city": "Atlanta", "view": "detected", "cls": "decay", "area_km2": 0.0846 }, "geometry": { "type": "Polygon", "coordinates": [ [ [ -84.53808, 33.69214 ], [ -84.53711, 33.69204 ], [ -84.53719, 33.69151 ], [ -84.53658, 33.69118 ], [ -84.53666, 33.69064 ], [ -84.53735, 33.69044 ], [ -84.53743, 33.68991 ], [ -84.53775, 33.68994 ], [ -84.53783, 33.68941 ], [ -84.5375, 33.68938 ], [ -84.53774, 33.68778 ], [ -84.53806, 33.68781 ], [ -84.5381, 33.68754 ], [ -84.53936, 33.68794 ], [ -84.53916, 33.68927 ], [ -84.53948, 33.6893 ], [ -84.53937, 33.6901 ], [ -84.53969, 33.69014 ], [ -84.53913, 33.6917 ], [ -84.53816, 33.69161 ], [ -84.53808, 33.69214 ] ] ] } },
{ "type": "Feature", "properties": { "city": "Atlanta", "view": "detected", "cls": "decay", "area_km2": 0.0117 }, "geometry": { "type": "Polygon", "coordinates": [ [ [ -84.52512, 33.68652 ], [ -84.52448, 33.68645 ], [ -84.52452, 33.68618 ], [ -84.52419, 33.68615 ], [ -84.52435, 33.68509 ], [ -84.525, 33.68515 ], [ -84.52496, 33.68542 ], [ -84.52528, 33.68545 ], [ -84.52512, 33.68652 ] ] ] } },
{ "type": "Feature", "properties": { "city": "Atlanta", "view": "detected", "cls": "decay", "area_km2": 0.0135 }, "geometry": { "type": "Polygon", "coordinates": [ [ [ -84.51481, 33.68521 ], [ -84.51384, 33.68512 ], [ -84.51388, 33.68485 ], [ -84.51356, 33.68482 ], [ -84.5136, 33.68455 ], [ -84.51392, 33.68458 ], [ -84.514, 33.68405 ], [ -84.51497, 33.68415 ], [ -84.51493, 33.68441 ], [ -84.51525, 33.68445 ], [ -84.51517, 33.68498 ], [ -84.51485, 33.68495 ], [ -84.51481, 33.68521 ] ] ] } },
{ "type": "Feature", "properties": { "city": "Atlanta", "view": "detected", "cls": "decay", "area_km2": 0.0423 }, "geometry": { "type": "Polygon", "coordinates": [ [ [ -84.50341, 33.68461 ], [ -84.50151, 33.68415 ], [ -84.50126, 33.68359 ], [ -84.50094, 33.68355 ], [ -84.50098, 33.68329 ], [ -84.50066, 33.68325 ], [ -84.50077, 33.68245 ], [ -84.50174, 33.68255 ], [ -84.50191, 33.68365 ], [ -84.50256, 33.68372 ], [ -84.5026, 33.68345 ], [ -84.50292, 33.68348 ], [ -84.503, 33.68295 ], [ -84.50369, 33.68275 ], [ -84.50372, 33.68248 ], [ -84.50405, 33.68251 ], [ -84.50397, 33.68305 ], [ -84.50429, 33.68308 ], [ -84.50418, 33.68388 ], [ -84.50385, 33.68385 ], [ -84.50377, 33.68438 ], [ -84.50345, 33.68435 ], [ -84.50341, 33.68461 ] ] ] } },
{ "type": "Feature", "properties": { "city": "Atlanta", "view": "detected", "cls": "decay", "area_km2": 0.1386 }, "geometry": { "type": "Polygon", "coordinates": [ [ [ -84.52133, 33.68776 ], [ -84.52068, 33.68769 ], [ -84.52072, 33.68743 ], [ -84.51943, 33.6873 ], [ -84.51939, 33.68756 ], [ -84.51809, 33.68744 ], [ -84.51813, 33.68717 ], [ -84.51749, 33.6871 ], [ -84.51756, 33.68657 ], [ -84.51789, 33.6866 ], [ -84.51793, 33.68634 ], [ -84.51857, 33.6864 ], [ -84.51861, 33.68613 ], [ -84.51894, 33.68617 ], [ -84.51902, 33.68563 ], [ -84.51869, 33.6856 ], [ -84.51873, 33.68534 ], [ -84.51942, 33.68513 ], [ -84.5199, 33.6841 ], [ -84.52058, 33.6839 ], [ -84.52062, 33.68363 ], [ -84.52289, 33.68386 ], [ -84.52281, 33.68439 ], [ -84.52313, 33.68442 ], [ -84.52298, 33.68549 ], [ -84.52265, 33.68546 ], [ -84.52257, 33.68599 ], [ -84.52225, 33.68596 ], [ -84.52217, 33.68649 ], [ -84.52185, 33.68646 ], [ -84.52169, 33.68752 ], [ -84.52137, 33.68749 ], [ -84.52133, 33.68776 ] ] ] } },
{ "type": "Feature", "properties": { "city": "Atlanta", "view": "detected", "cls": "decay", "area_km2": 0.0072 }, "geometry": { "type": "Polygon", "coordinates": [ [ [ -84.50299, 33.68078 ], [ -84.50267, 33.68075 ], [ -84.50275, 33.68022 ], [ -84.50307, 33.68025 ], [ -84.50315, 33.67972 ], [ -84.50412, 33.67981 ], [ -84.50372, 33.68031 ], [ -84.50339, 33.68028 ], [ -84.50335, 33.68055 ], [ -84.50303, 33.68052 ], [ -84.50299, 33.68078 ] ] ] } },
{ "type": "Feature", "properties": { "city": "Atlanta", "view": "detected", "cls": "decay", "area_km2": 0.0027 }, "geometry": { "type": "Polygon", "coordinates": [ [ [ -84.49886, 33.67983 ], [ -84.49854, 33.6798 ], [ -84.49866, 33.679 ], [ -84.49898, 33.67903 ], [ -84.49886, 33.67983 ] ] ] } },
{ "type": "Feature", "properties": { "city": "Atlanta", "view": "detected", "cls": "decay", "area_km2": 0.0315 }, "geometry": { "type": "Polygon", "coordinates": [ [ [ -84.50073, 33.68056 ], [ -84.49976, 33.68046 ], [ -84.4998, 33.68019 ], [ -84.49947, 33.68016 ], [ -84.49967, 33.67883 ], [ -84.49999, 33.67886 ], [ -84.49995, 33.67913 ], [ -84.50189, 33.67932 ], [ -84.50185, 33.67959 ], [ -84.50218, 33.67962 ], [ -84.50206, 33.68042 ], [ -84.50077, 33.68029 ], [ -84.50073, 33.68056 ] ] ] } },
{ "type": "Feature", "properties": { "city": "Atlanta", "view": "detected", "cls": "decay", "area_km2": 0.0063 }, "geometry": { "type": "Polygon", "coordinates": [ [ [ -84.50857, 33.6808 ], [ -84.50824, 33.68077 ], [ -84.50844, 33.67944 ], [ -84.50909, 33.6795 ], [ -84.50901, 33.68003 ], [ -84.50869, 33.68 ], [ -84.50857, 33.6808 ] ] ] } },
{ "type": "Feature", "properties": { "city": "Atlanta", "view": "detected", "cls": "decay", "area_km2": 0.0198 }, "geometry": { "type": "Polygon", "coordinates": [ [ [ -84.53982, 33.68257 ], [ -84.53852, 33.68244 ], [ -84.5386, 33.68191 ], [ -84.53828, 33.68188 ], [ -84.53832, 33.68161 ], [ -84.53864, 33.68164 ], [ -84.53872, 33.68111 ], [ -84.53969, 33.68121 ], [ -84.53994, 33.68177 ], [ -84.54026, 33.68181 ], [ -84.54018, 33.68234 ], [ -84.53986, 33.68231 ], [ -84.53982, 33.68257 ] ] ] } },
{ "type": "Feature", "properties": { "city": "Atlanta", "view": "detected", "cls": "decay", "area_km2": 0.0153 }, "geometry": { "type": "Polygon", "coordinates": [ [ [ -84.52821, 33.68114 ], [ -84.52724, 33.68105 ], [ -84.52707, 33.67995 ], [ -84.52772, 33.68001 ], [ -84.52776, 33.67975 ], [ -84.52808, 33.67978 ], [ -84.52833, 33.68034 ], [ -84.52865, 33.68038 ], [ -84.52857, 33.68091 ], [ -84.52825, 33.68088 ], [ -84.52821, 33.68114 ] ] ] } },
{ "type": "Feature", "properties": { "city": "Atlanta", "view": "detected", "cls": "decay", "area_km2": 0.0036 }, "geometry": { "type": "Polygon", "coordinates": [ [ [ -84.49792, 33.6773 ], [ -84.49728, 33.67723 ], [ -84.49736, 33.6767 ], [ -84.498, 33.67677 ], [ -84.49792, 33.6773 ] ] ] } },
{ "type": "Feature", "properties": { "city": "Atlanta", "view": "detected", "cls": "decay", "area_km2": 0.0036 }, "geometry": { "type": "Polygon", "coordinates": [ [ [ -84.53552, 33.68052 ], [ -84.5352, 33.68049 ], [ -84.53536, 33.67942 ], [ -84.53568, 33.67946 ], [ -84.53552, 33.68052 ] ] ] } },
{ "type": "Feature", "properties": { "city": "Atlanta", "view": "detected", "cls": "decay", "area_km2": 0.0324 }, "geometry": { "type": "Polygon", "coordinates": [ [ [ -84.5358, 33.67866 ], [ -84.53353, 33.67843 ], [ -84.53373, 33.6771 ], [ -84.53341, 33.67706 ], [ -84.53349, 33.67653 ], [ -84.53381, 33.67656 ], [ -84.53377, 33.67683 ], [ -84.53442, 33.67689 ], [ -84.53438, 33.67716 ], [ -84.53502, 33.67723 ], [ -84.53499, 33.67749 ], [ -84.53531, 33.67752 ], [ -84.53539, 33.67699 ], [ -84.53571, 33.67702 ], [ -84.53555, 33.67809 ], [ -84.53588, 33.67812 ], [ -84.5358, 33.67866 ] ] ] } },
{ "type": "Feature", "properties": { "city": "Atlanta", "view": "detected", "cls": "decay", "area_km2": 0.0207 }, "geometry": { "type": "Polygon", "coordinates": [ [ [ -84.52891, 33.67418 ], [ -84.52858, 33.67415 ], [ -84.52862, 33.67388 ], [ -84.52733, 33.67375 ], [ -84.52737, 33.67348 ], [ -84.5264, 33.67339 ], [ -84.52644, 33.67312 ], [ -84.52971, 33.67318 ], [ -84.52959, 33.67398 ], [ -84.52895, 33.67391 ], [ -84.52891, 33.67418 ] ] ] } },
{ "type": "Feature", "properties": { "city": "Atlanta", "view": "detected", "cls": "decay", "area_km2": 0.0639 }, "geometry": { "type": "Polygon", "coordinates": [ [ [ -84.49956, 33.67286 ], [ -84.49831, 33.67247 ], [ -84.49858, 33.6706 ], [ -84.49923, 33.67067 ], [ -84.49963, 33.67017 ], [ -84.49996, 33.6702 ], [ -84.5, 33.66993 ], [ -84.50097, 33.67003 ], [ -84.50093, 33.6703 ], [ -84.50157, 33.67036 ], [ -84.50138, 33.67169 ], [ -84.50069, 33.6719 ], [ -84.50065, 33.67216 ], [ -84.50033, 33.67213 ], [ -84.50029, 33.6724 ], [ -84.49997, 33.67236 ], [ -84.49993, 33.67263 ], [ -84.4996, 33.6726 ], [ -84.49956, 33.67286 ] ] ] } },
{ "type": "Feature", "properties": { "city": "Atlanta", "view": "detected", "cls": "decay", "area_km2": 0.09 }, "geometry": { "type": "Polygon", "coordinates": [ [ [ -84.53522, 33.67589 ], [ -84.53393, 33.67576 ], [ -84.53368, 33.6752 ], [ -84.53206, 33.67504 ], [ -84.5321, 33.67477 ], [ -84.53178, 33.67474 ], [ -84.53186, 33.6742 ], [ -84.53154, 33.67417 ], [ -84.53169, 33.67311 ], [ -84.53396, 33.67333 ], [ -84.534, 33.67306 ], [ -84.53561, 33.67323 ], [ -84.53549, 33.67403 ], [ -84.53582, 33.67406 ], [ -84.53558, 33.67566 ], [ -84.53526, 33.67563 ], [ -84.53522, 33.67589 ] ] ] } },
{ "type": "Feature", "properties": { "city": "Atlanta", "view": "detected", "cls": "decay", "area_km2": 0.0081 }, "geometry": { "type": "Polygon", "coordinates": [ [ [ -84.52587, 33.67252 ], [ -84.52555, 33.67249 ], [ -84.52563, 33.67196 ], [ -84.5253, 33.67193 ], [ -84.5255, 33.67059 ], [ -84.52582, 33.67062 ], [ -84.5257, 33.67142 ], [ -84.52603, 33.67146 ], [ -84.52587, 33.67252 ] ] ] } },
{ "type": "Feature", "properties": { "city": "Atlanta", "view": "detected", "cls": "decay", "area_km2": 0.0081 }, "geometry": { "type": "Polygon", "coordinates": [ [ [ -84.51438, 33.67029 ], [ -84.51406, 33.67026 ], [ -84.5141, 33.66999 ], [ -84.51345, 33.66993 ], [ -84.51353, 33.66939 ], [ -84.51482, 33.66952 ], [ -84.51475, 33.67006 ], [ -84.51442, 33.67003 ], [ -84.51438, 33.67029 ] ] ] } },
{ "type": "Feature", "properties": { "city": "Atlanta", "view": "detected", "cls": "decay", "area_km2": 0.0351 }, "geometry": { "type": "Polygon", "coordinates": [ [ [ -84.37821, 33.65685 ], [ -84.37691, 33.65672 ], [ -84.37695, 33.65645 ], [ -84.37631, 33.65638 ], [ -84.37643, 33.65558 ], [ -84.37675, 33.65562 ], [ -84.37683, 33.65508 ], [ -84.37715, 33.65512 ], [ -84.37719, 33.65485 ], [ -84.37849, 33.65498 ], [ -84.37857, 33.65661 ], [ -84.37825, 33.65658 ], [ -84.37821, 33.65685 ] ] ] } },
{ "type": "Feature", "properties": { "city": "Atlanta", "view": "detected", "cls": "decay", "area_km2": 0.0216 }, "geometry": { "type": "Polygon", "coordinates": [ [ [ -84.35638, 33.65355 ], [ -84.35574, 33.65348 ], [ -84.35581, 33.65295 ], [ -84.3565, 33.65275 ], [ -84.35654, 33.65248 ], [ -84.35719, 33.65255 ], [ -84.35727, 33.65202 ], [ -84.35824, 33.65212 ], [ -84.3584, 33.65321 ], [ -84.35771, 33.65342 ], [ -84.35775, 33.65315 ], [ -84.35646, 33.65302 ], [ -84.35638, 33.65355 ] ] ] } },
{ "type": "Feature", "properties": { "city": "Atlanta", "view": "detected", "cls": "decay", "area_km2": 0.0612 }, "geometry": { "type": "Polygon", "coordinates": [ [ [ -84.35395, 33.65222 ], [ -84.35335, 33.65189 ], [ -84.35339, 33.65162 ], [ -84.35306, 33.65159 ], [ -84.35322, 33.65052 ], [ -84.35391, 33.65032 ], [ -84.35395, 33.65006 ], [ -84.35524, 33.65019 ], [ -84.3552, 33.65045 ], [ -84.35585, 33.65052 ], [ -84.35581, 33.65079 ], [ -84.35613, 33.65082 ], [ -84.35621, 33.65029 ], [ -84.35654, 33.65032 ], [ -84.35658, 33.65005 ], [ -84.35722, 33.65012 ], [ -84.35718, 33.65038 ], [ -84.35751, 33.65042 ], [ -84.35739, 33.65122 ], [ -84.35706, 33.65118 ], [ -84.35702, 33.65145 ], [ -84.35638, 33.65139 ], [ -84.35634, 33.65165 ], [ -84.35537, 33.65155 ], [ -84.35533, 33.65182 ], [ -84.35468, 33.65175 ], [ -84.35464, 33.65202 ], [ -84.35399, 33.65196 ], [ -84.35395, 33.65222 ] ] ] } },
{ "type": "Feature", "properties": { "city": "Atlanta", "view": "detected", "cls": "decay", "area_km2": 0.0234 }, "geometry": { "type": "Polygon", "coordinates": [ [ [ -84.35003, 33.64993 ], [ -84.34971, 33.6499 ], [ -84.34987, 33.64883 ], [ -84.35047, 33.64916 ], [ -84.35059, 33.64836 ], [ -84.35092, 33.6484 ], [ -84.35096, 33.64813 ], [ -84.35225, 33.64826 ], [ -84.35213, 33.64906 ], [ -84.35181, 33.64903 ], [ -84.35177, 33.64929 ], [ -84.35112, 33.64923 ], [ -84.35108, 33.64949 ], [ -84.35043, 33.64943 ], [ -84.35003, 33.64993 ] ] ] } },
{ "type": "Feature", "properties": { "city": "Atlanta", "view": "detected", "cls": "decay", "area_km2": 0.108 }, "geometry": { "type": "Polygon", "coordinates": [ [ [ -84.52212, 33.66457 ], [ -84.52082, 33.66444 ], [ -84.52086, 33.66418 ], [ -84.51989, 33.66408 ], [ -84.51985, 33.66435 ], [ -84.51921, 33.66428 ], [ -84.51925, 33.66402 ], [ -84.5186, 33.66395 ], [ -84.51907, 33.66075 ], [ -84.51939, 33.66078 ], [ -84.51943, 33.66052 ], [ -84.5204, 33.66061 ], [ -84.52065, 33.66118 ], [ -84.52097, 33.66121 ], [ -84.52093, 33.66148 ], [ -84.52126, 33.66151 ], [ -84.52122, 33.66178 ], [ -84.52219, 33.66187 ], [ -84.52178, 33.66238 ], [ -84.52146, 33.66234 ], [ -84.52138, 33.66288 ], [ -84.52235, 33.66297 ], [ -84.52227, 33.66351 ], [ -84.5226, 33.66354 ], [ -84.52248, 33.66434 ], [ -84.52216, 33.66431 ], [ -84.52212, 33.66457 ] ] ] } },
{ "type": "Feature", "properties": { "city": "Atlanta", "view": "detected", "cls": "decay", "area_km2": 0.0297 }, "geometry": { "type": "Polygon", "coordinates": [ [ [ -84.51394, 33.65997 ], [ -84.51297, 33.65987 ], [ -84.51304, 33.65934 ], [ -84.51373, 33.65913 ], [ -84.51377, 33.65887 ], [ -84.51409, 33.6589 ], [ -84.51413, 33.65863 ], [ -84.51446, 33.65867 ], [ -84.51449, 33.6584 ], [ -84.51482, 33.65843 ], [ -84.51486, 33.65817 ], [ -84.51583, 33.65826 ], [ -84.51567, 33.65933 ], [ -84.51498, 33.65953 ], [ -84.51495, 33.6598 ], [ -84.51398, 33.6597 ], [ -84.51394, 33.65997 ] ] ] } },
{ "type": "Feature", "properties": { "city": "Atlanta", "view": "detected", "cls": "decay", "area_km2": 0.009 }, "geometry": { "type": "Polygon", "coordinates": [ [ [ -84.51151, 33.65864 ], [ -84.51086, 33.65858 ], [ -84.51094, 33.65804 ], [ -84.51162, 33.65784 ], [ -84.51166, 33.65757 ], [ -84.51231, 33.65764 ], [ -84.51223, 33.65817 ], [ -84.51155, 33.65837 ], [ -84.51151, 33.65864 ] ] ] } },
{ "type": "Feature", "properties": { "city": "Atlanta", "view": "detected", "cls": "decay", "area_km2": 0.0054 }, "geometry": { "type": "Polygon", "coordinates": [ [ [ -84.51667, 33.65699 ], [ -84.5157, 33.6569 ], [ -84.51574, 33.65663 ], [ -84.51509, 33.65657 ], [ -84.51513, 33.6563 ], [ -84.5161, 33.6564 ], [ -84.51606, 33.65666 ], [ -84.51671, 33.65673 ], [ -84.51667, 33.65699 ] ] ] } }
]
}
