{
"type": "FeatureCollection",
"name": "detroit_detected_decay",
"crs": { "type": "name", "properties": { "name": "urn:ogc:def:crs:OGC:1.3:CRS84" } },
"xy_coordinate_resolution": 1e-05,
"features": [
{ "type": "Feature", "properties": { "city": "Detroit", "view": "detected", "cls": "decay", "area_km2": 0.009 }, "geometry": { "type": "Polygon", "coordinates": [ [ [ -83.02641, 42.44723 ], [ -83.02532, 42.44712 ], [ -83.02547, 42.44633 ], [ -83.02583, 42.44636 ], [ -83.02588, 42.4461 ], [ -83.02656, 42.44644 ], [ -83.02641, 42.44723 ] ] ] } },
{ "type": "Feature", "properties": { "city": "Detroit", "view": "detected", "cls": "decay", "area_km2": 0.0153 }, "geometry": { "type": "Polygon", "coordinates": [ [ [ -82.94728, 42.4268 ], [ -82.94656, 42.42673 ], [ -82.94661, 42.42646 ], [ -82.94624, 42.42642 ], [ -82.94608, 42.42532 ], [ -82.94717, 42.42543 ], [ -82.94743, 42.426 ], [ -82.9478, 42.42604 ], [ -82.9477, 42.42657 ], [ -82.94733, 42.42653 ], [ -82.94728, 42.4268 ] ] ] } },
{ "type": "Feature", "properties": { "city": "Detroit", "view": "detected", "cls": "decay", "area_km2": 0.1152 }, "geometry": { "type": "Polygon", "coordinates": [ [ [ -83.11069, 42.44619 ], [ -83.1096, 42.44608 ], [ -83.1097, 42.44555 ], [ -83.10902, 42.44521 ], [ -83.10917, 42.44441 ], [ -83.10663, 42.44416 ], [ -83.10673, 42.44363 ], [ -83.106, 42.44356 ], [ -83.1061, 42.44302 ], [ -83.10573, 42.44299 ], [ -83.10578, 42.44272 ], [ -83.10615, 42.44276 ], [ -83.1063, 42.44196 ], [ -83.10593, 42.44192 ], [ -83.10608, 42.44113 ], [ -83.10645, 42.44116 ], [ -83.1065, 42.4409 ], [ -83.108, 42.44078 ], [ -83.10826, 42.44134 ], [ -83.10863, 42.44138 ], [ -83.10858, 42.44165 ], [ -83.10894, 42.44168 ], [ -83.10889, 42.44195 ], [ -83.10926, 42.44198 ], [ -83.10911, 42.44278 ], [ -83.10978, 42.44312 ], [ -83.10964, 42.44392 ], [ -83.11031, 42.44426 ], [ -83.11026, 42.44452 ], [ -83.11063, 42.44456 ], [ -83.11058, 42.44482 ], [ -83.11094, 42.44486 ], [ -83.11038, 42.44589 ], [ -83.11074, 42.44592 ], [ -83.11069, 42.44619 ] ] ] } },
{ "type": "Feature", "properties": { "city": "Detroit", "view": "detected", "cls": "decay", "area_km2": 0.0378 }, "geometry": { "type": "Polygon", "coordinates": [ [ [ -82.93722, 42.42714 ], [ -82.93576, 42.42699 ], [ -82.93581, 42.42672 ], [ -82.93545, 42.42669 ], [ -82.93565, 42.42562 ], [ -82.93602, 42.42566 ], [ -82.93612, 42.42513 ], [ -82.93648, 42.42517 ], [ -82.93658, 42.42463 ], [ -82.93694, 42.42467 ], [ -82.93704, 42.42414 ], [ -82.93741, 42.42418 ], [ -82.93751, 42.42364 ], [ -82.93787, 42.42368 ], [ -82.93777, 42.42421 ], [ -82.93813, 42.42425 ], [ -82.93767, 42.42474 ], [ -82.93731, 42.42471 ], [ -82.93706, 42.42604 ], [ -82.93773, 42.42638 ], [ -82.93763, 42.42691 ], [ -82.93727, 42.42687 ], [ -82.93722, 42.42714 ] ] ] } },
{ "type": "Feature", "properties": { "city": "Detroit", "view": "detected", "cls": "decay", "area_km2": 0.0072 }, "geometry": { "type": "Polygon", "coordinates": [ [ [ -83.1039, 42.44091 ], [ -83.10354, 42.44087 ], [ -83.10374, 42.43981 ], [ -83.10446, 42.43988 ], [ -83.10473, 42.44045 ], [ -83.10395, 42.44064 ], [ -83.1039, 42.44091 ] ] ] } },
{ "type": "Feature", "properties": { "city": "Detroit", "view": "detected", "cls": "decay", "area_km2": 0.0189 }, "geometry": { "type": "Polygon", "coordinates": [ [ [ -83.10774, 42.44021 ], [ -83.10664, 42.4401 ], [ -83.10669, 42.43983 ], [ -83.10633, 42.4398 ], [ -83.10648, 42.439 ], [ -83.10684, 42.43904 ], [ -83.10689, 42.43877 ], [ -83.10798, 42.43888 ], [ -83.10793, 42.43914 ], [ -83.1083, 42.43918 ], [ -83.10815, 42.43998 ], [ -83.10778, 42.43994 ], [ -83.10774, 42.44021 ] ] ] } },
{ "type": "Feature", "properties": { "city": "Detroit", "view": "detected", "cls": "decay", "area_km2": 0.0063 }, "geometry": { "type": "Polygon", "coordinates": [ [ [ -83.17892, 42.44377 ], [ -83.17856, 42.44374 ], [ -83.17871, 42.44294 ], [ -83.1798, 42.44305 ], [ -83.1797, 42.44358 ], [ -83.17897, 42.44351 ], [ -83.17892, 42.44377 ] ] ] } },
{ "type": "Feature", "properties": { "city": "Detroit", "view": "detected", "cls": "decay", "area_km2": 0.0027 }, "geometry": { "type": "Polygon", "coordinates": [ [ [ -83.07378, 42.43167 ], [ -83.07341, 42.43163 ], [ -83.07356, 42.43083 ], [ -83.07393, 42.43087 ], [ -83.07378, 42.43167 ] ] ] } },
{ "type": "Feature", "properties": { "city": "Detroit", "view": "detected", "cls": "decay", "area_km2": 0.0261 }, "geometry": { "type": "Polygon", "coordinates": [ [ [ -83.11413, 42.4357 ], [ -83.11231, 42.43552 ], [ -83.11278, 42.43502 ], [ -83.11314, 42.43506 ], [ -83.11307, 42.43343 ], [ -83.11344, 42.43347 ], [ -83.11339, 42.43373 ], [ -83.11412, 42.4338 ], [ -83.11438, 42.43437 ], [ -83.11474, 42.43441 ], [ -83.11459, 42.43521 ], [ -83.11423, 42.43517 ], [ -83.11413, 42.4357 ] ] ] } },
{ "type": "Feature", "properties": { "city": "Detroit", "view": "detected", "cls": "decay", "area_km2": 0.0144 }, "geometry": { "type": "Polygon", "coordinates": [ [ [ -83.13535, 42.43511 ], [ -83.13426, 42.435 ], [ -83.13436, 42.43447 ], [ -83.134, 42.43443 ], [ -83.13405, 42.43417 ], [ -83.13441, 42.4342 ], [ -83.13451, 42.43367 ], [ -83.13519, 42.43401 ], [ -83.13524, 42.43374 ], [ -83.1356, 42.43378 ], [ -83.1355, 42.43431 ], [ -83.13586, 42.43435 ], [ -83.13582, 42.43461 ], [ -83.13545, 42.43458 ], [ -83.13535, 42.43511 ] ] ] } },
{ "type": "Feature", "properties": { "city": "Detroit", "view": "detected", "cls": "decay", "area_km2": 0.0072 }, "geometry": { "type": "Polygon", "coordinates": [ [ [ -83.22147, 42.44203 ], [ -83.22079, 42.44169 ], [ -83.22094, 42.44089 ], [ -83.22166, 42.44097 ], [ -83.22161, 42.44123 ], [ -83.22198, 42.44127 ], [ -83.22193, 42.44153 ], [ -83.22157, 42.4415 ], [ -83.22147, 42.44203 ] ] ] } },
{ "type": "Feature", "properties": { "city": "Detroit", "view": "detected", "cls": "decay", "area_km2": 0.0054 }, "geometry": { "type": "Polygon", "coordinates": [ [ [ -83.09576, 42.42899 ], [ -83.09503, 42.42892 ], [ -83.09508, 42.42865 ], [ -83.09472, 42.42862 ], [ -83.09518, 42.42812 ], [ -83.09586, 42.42846 ], [ -83.09576, 42.42899 ] ] ] } },
{ "type": "Feature", "properties": { "city": "Detroit", "view": "detected", "cls": "decay", "area_km2": 0.0027 }, "geometry": { "type": "Polygon", "coordinates": [ [ [ -83.22307, 42.44138 ], [ -83.22239, 42.44104 ], [ -83.22244, 42.44077 ], [ -83.22317, 42.44084 ], [ -83.22307, 42.44138 ] ] ] } },
{ "type": "Feature", "properties": { "city": "Detroit", "view": "detected", "cls": "decay", "area_km2": 0.0423 }, "geometry": { "type": "Polygon", "coordinates": [ [ [ -83.21657, 42.44046 ], [ -83.21475, 42.44028 ], [ -83.21449, 42.43972 ], [ -83.21413, 42.43968 ], [ -83.21459, 42.43918 ], [ -83.21495, 42.43922 ], [ -83.215, 42.43895 ], [ -83.21536, 42.43899 ], [ -83.21541, 42.43872 ], [ -83.21578, 42.43876 ], [ -83.21588, 42.43823 ], [ -83.21624, 42.43826 ], [ -83.21629, 42.438 ], [ -83.21738, 42.43811 ], [ -83.21718, 42.43917 ], [ -83.21755, 42.43921 ], [ -83.2175, 42.43947 ], [ -83.21713, 42.43944 ], [ -83.21703, 42.43997 ], [ -83.21667, 42.43993 ], [ -83.21657, 42.44046 ] ], [ [ -83.21589, 42.44013 ], [ -83.21594, 42.43986 ], [ -83.21522, 42.43979 ], [ -83.21517, 42.44005 ], [ -83.21589, 42.44013 ] ] ] } },
{ "type": "Feature", "properties": { "city": "Detroit", "view": "detected", "cls": "decay", "area_km2": 0.0027 }, "geometry": { "type": "Polygon", "coordinates": [ [ [ -83.05663, 42.42237 ], [ -83.05554, 42.42226 ], [ -83.05559, 42.42199 ], [ -83.05668, 42.4221 ], [ -83.05663, 42.42237 ] ] ] } },
{ "type": "Feature", "properties": { "city": "Detroit", "view": "detected", "cls": "decay", "area_km2": 0.0081 }, "geometry": { "type": "Polygon", "coordinates": [ [ [ -83.1552, 42.43194 ], [ -83.15411, 42.43183 ], [ -83.15421, 42.4313 ], [ -83.15457, 42.43133 ], [ -83.15462, 42.43107 ], [ -83.15535, 42.43114 ], [ -83.1553, 42.43141 ], [ -83.15566, 42.43144 ], [ -83.1552, 42.43194 ] ] ] } },
{ "type": "Feature", "properties": { "city": "Detroit", "view": "detected", "cls": "decay", "area_km2": 0.0081 }, "geometry": { "type": "Polygon", "coordinates": [ [ [ -83.13986, 42.42879 ], [ -83.13846, 42.42838 ], [ -83.13851, 42.42811 ], [ -83.13887, 42.42815 ], [ -83.13892, 42.42788 ], [ -83.14001, 42.42799 ], [ -83.13986, 42.42879 ] ] ] } },
{ "type": "Feature", "properties": { "city": "Detroit", "view": "detected", "cls": "decay", "area_km2": 0.0693 }, "geometry": { "type": "Polygon", "coordinates": [ [ [ -83.13489, 42.42965 ], [ -83.1338, 42.42954 ], [ -83.13426, 42.42904 ], [ -83.1339, 42.42901 ], [ -83.134, 42.42847 ], [ -83.13327, 42.4284 ], [ -83.13337, 42.42787 ], [ -83.133, 42.42783 ], [ -83.13305, 42.42757 ], [ -83.13342, 42.4276 ], [ -83.13347, 42.42734 ], [ -83.1331, 42.4273 ], [ -83.13315, 42.42704 ], [ -83.13352, 42.42707 ], [ -83.13362, 42.42654 ], [ -83.13471, 42.42665 ], [ -83.13497, 42.42722 ], [ -83.13606, 42.42733 ], [ -83.13616, 42.42679 ], [ -83.13694, 42.4266 ], [ -83.13689, 42.42687 ], [ -83.13725, 42.4269 ], [ -83.13695, 42.4285 ], [ -83.13659, 42.42846 ], [ -83.13654, 42.42873 ], [ -83.13509, 42.42858 ], [ -83.13535, 42.42915 ], [ -83.13499, 42.42911 ], [ -83.13489, 42.42965 ] ] ] } },
{ "type": "Feature", "properties": { "city": "Detroit", "view": "detected", "cls": "decay", "area_km2": 0.0027 }, "geometry": { "type": "Polygon", "coordinates": [ [ [ -83.17167, 42.42897 ], [ -83.171, 42.42863 ], [ -83.17105, 42.42837 ], [ -83.17177, 42.42844 ], [ -83.17167, 42.42897 ] ] ] } },
{ "type": "Feature", "properties": { "city": "Detroit", "view": "detected", "cls": "decay", "area_km2": 0.2007 }, "geometry": { "type": "Polygon", "coordinates": [ [ [ -83.21353, 42.43691 ], [ -83.21171, 42.43673 ], [ -83.21186, 42.43593 ], [ -83.21258, 42.43601 ], [ -83.21263, 42.43574 ], [ -83.21123, 42.43533 ], [ -83.21096, 42.43476 ], [ -83.2106, 42.43473 ], [ -83.21053, 42.4331 ], [ -83.21089, 42.43313 ], [ -83.21099, 42.4326 ], [ -83.21172, 42.43267 ], [ -83.21177, 42.43241 ], [ -83.21286, 42.43251 ], [ -83.21281, 42.43278 ], [ -83.21317, 42.43282 ], [ -83.21364, 42.43232 ], [ -83.21436, 42.43239 ], [ -83.21426, 42.43292 ], [ -83.21499, 42.433 ], [ -83.21489, 42.43353 ], [ -83.21635, 42.43367 ], [ -83.21625, 42.4342 ], [ -83.21698, 42.43428 ], [ -83.21688, 42.43481 ], [ -83.21761, 42.43488 ], [ -83.21714, 42.43537 ], [ -83.21751, 42.43541 ], [ -83.21741, 42.43594 ], [ -83.21777, 42.43598 ], [ -83.21767, 42.43651 ], [ -83.21731, 42.43647 ], [ -83.21726, 42.43674 ], [ -83.21544, 42.43656 ], [ -83.21554, 42.43603 ], [ -83.21518, 42.43599 ], [ -83.21508, 42.43652 ], [ -83.21358, 42.43665 ], [ -83.21353, 42.43691 ] ], [ [ -83.21559, 42.43576 ], [ -83.21564, 42.4355 ], [ -83.21528, 42.43546 ], [ -83.21523, 42.43573 ], [ -83.21559, 42.43576 ] ] ] } },
{ "type": "Feature", "properties": { "city": "Detroit", "view": "detected", "cls": "decay", "area_km2": 0.0108 }, "geometry": { "type": "Polygon", "coordinates": [ [ [ -83.278, 42.43868 ], [ -83.27655, 42.43853 ], [ -83.27628, 42.43796 ], [ -83.27737, 42.43807 ], [ -83.27742, 42.43781 ], [ -83.27815, 42.43788 ], [ -83.27842, 42.43844 ], [ -83.27805, 42.43841 ], [ -83.278, 42.43868 ] ] ] } },
{ "type": "Feature", "properties": { "city": "Detroit", "view": "detected", "cls": "decay", "area_km2": 0.0054 }, "geometry": { "type": "Polygon", "coordinates": [ [ [ -83.22246, 42.43265 ], [ -83.22178, 42.43231 ], [ -83.22183, 42.43205 ], [ -83.2222, 42.43208 ], [ -83.22229, 42.43155 ], [ -83.22266, 42.43159 ], [ -83.22256, 42.43212 ], [ -83.22292, 42.43216 ], [ -83.22246, 42.43265 ] ] ] } },
{ "type": "Feature", "properties": { "city": "Detroit", "view": "detected", "cls": "decay", "area_km2": 1.035 }, "geometry": { "type": "Polygon", "coordinates": [ [ [ -83.12896, 42.44557 ], [ -83.12823, 42.4455 ], [ -83.12828, 42.44524 ], [ -83.12683, 42.44509 ], [ -83.12795, 42.44304 ], [ -83.12759, 42.443 ], [ -83.12768, 42.44247 ], [ -83.12732, 42.44243 ], [ -83.12742, 42.4419 ], [ -83.12706, 42.44186 ], [ -83.12716, 42.44133 ], [ -83.12575, 42.44092 ], [ -83.1258, 42.44066 ], [ -83.12471, 42.44055 ], [ -83.12476, 42.44028 ], [ -83.1244, 42.44024 ], [ -83.12454, 42.43945 ], [ -83.12418, 42.43941 ], [ -83.12428, 42.43888 ], [ -83.12392, 42.43884 ], [ -83.12402, 42.43831 ], [ -83.12329, 42.43824 ], [ -83.12302, 42.43767 ], [ -83.12266, 42.43763 ], [ -83.12276, 42.4371 ], [ -83.1224, 42.43707 ], [ -83.12245, 42.4368 ], [ -83.12281, 42.43684 ], [ -83.12291, 42.43631 ], [ -83.12436, 42.43645 ], [ -83.12482, 42.43595 ], [ -83.12519, 42.43599 ], [ -83.12532, 42.4333 ], [ -83.12568, 42.43333 ], [ -83.12573, 42.43307 ], [ -83.12319, 42.43281 ], [ -83.12273, 42.43331 ], [ -83.122, 42.43324 ], [ -83.1222, 42.43217 ], [ -83.12297, 42.43198 ], [ -83.12271, 42.43141 ], [ -83.12307, 42.43145 ], [ -83.12312, 42.43118 ], [ -83.12276, 42.43114 ], [ -83.12281, 42.43088 ], [ -83.12317, 42.43092 ], [ -83.12322, 42.43065 ], [ -83.12286, 42.43061 ], [ -83.12291, 42.43035 ], [ -83.12327, 42.43038 ], [ -83.12332, 42.43012 ], [ -83.12187, 42.42997 ], [ -83.1214, 42.43047 ], [ -83.11922, 42.43025 ], [ -83.11962, 42.42812 ], [ -83.11926, 42.42809 ], [ -83.11935, 42.42756 ], [ -83.11899, 42.42752 ], [ -83.11909, 42.42699 ], [ -83.11836, 42.42692 ], [ -83.1182, 42.42582 ], [ -83.11783, 42.42578 ], [ -83.1183, 42.42528 ], [ -83.11762, 42.42495 ], [ -83.11767, 42.42468 ], [ -83.11694, 42.42461 ], [ -83.11714, 42.42354 ], [ -83.11678, 42.42351 ], [ -83.11688, 42.42298 ], [ -83.1162, 42.42264 ], [ -83.11625, 42.42237 ], [ -83.11588, 42.42233 ], [ -83.11593, 42.42207 ], [ -83.11448, 42.42192 ], [ -83.11432, 42.42082 ], [ -83.11468, 42.42086 ], [ -83.11473, 42.42059 ], [ -83.11582, 42.4207 ], [ -83.11577, 42.42097 ], [ -83.1165, 42.42104 ], [ -83.11676, 42.42161 ], [ -83.11712, 42.42165 ], [ -83.11702, 42.42218 ], [ -83.1177, 42.42252 ], [ -83.11765, 42.42278 ], [ -83.11838, 42.42285 ], [ -83.11828, 42.42339 ], [ -83.11864, 42.42342 ], [ -83.11859, 42.42369 ], [ -83.11823, 42.42365 ], [ -83.11813, 42.42418 ], [ -83.1174, 42.42411 ], [ -83.11736, 42.42438 ], [ -83.11876, 42.42479 ], [ -83.11871, 42.42505 ], [ -83.11907, 42.42509 ], [ -83.11912, 42.42482 ], [ -83.1198, 42.42516 ], [ -83.11985, 42.4249 ], [ -83.12094, 42.42501 ], [ -83.12121, 42.42557 ], [ -83.12157, 42.42561 ], [ -83.12137, 42.42667 ], [ -83.12101, 42.42664 ], [ -83.12096, 42.4269 ], [ -83.12205, 42.42701 ], [ -83.122, 42.42728 ], [ -83.12091, 42.42717 ], [ -83.12086, 42.42743 ], [ -83.12195, 42.42754 ], [ -83.12185, 42.42808 ], [ -83.12258, 42.42815 ], [ -83.12284, 42.42872 ], [ -83.12321, 42.42875 ], [ -83.12316, 42.42902 ], [ -83.12393, 42.42882 ], [ -83.12383, 42.42936 ], [ -83.1242, 42.42939 ], [ -83.12405, 42.43019 ], [ -83.12441, 42.43023 ], [ -83.12431, 42.43076 ], [ -83.12504, 42.43083 ], [ -83.1253, 42.4314 ], [ -83.12603, 42.43147 ], [ -83.12613, 42.43094 ], [ -83.1254, 42.43087 ], [ -83.12555, 42.43007 ], [ -83.12664, 42.43018 ], [ -83.12691, 42.43075 ], [ -83.12727, 42.43078 ], [ -83.12722, 42.43105 ], [ -83.12758, 42.43108 ], [ -83.12749, 42.43162 ], [ -83.13039, 42.43191 ], [ -83.13044, 42.43164 ], [ -83.13081, 42.43168 ], [ -83.13076, 42.43194 ], [ -83.13148, 42.43201 ], [ -83.13144, 42.43228 ], [ -83.13216, 42.43235 ], [ -83.13206, 42.43288 ], [ -83.13243, 42.43292 ], [ -83.13233, 42.43345 ], [ -83.13269, 42.43349 ], [ -83.13264, 42.43375 ], [ -83.13228, 42.43372 ], [ -83.13218, 42.43425 ], [ -83.13182, 42.43421 ], [ -83.13172, 42.43475 ], [ -83.13135, 42.43471 ], [ -83.13162, 42.43528 ], [ -83.13125, 42.43524 ], [ -83.1312, 42.43551 ], [ -83.13157, 42.43554 ], [ -83.13147, 42.43608 ], [ -83.13183, 42.43611 ], [ -83.13173, 42.43664 ], [ -83.1321, 42.43668 ], [ -83.1319, 42.43774 ], [ -83.13263, 42.43782 ], [ -83.13258, 42.43808 ], [ -83.1318, 42.43827 ], [ -83.13175, 42.43854 ], [ -83.13139, 42.4385 ], [ -83.13144, 42.43824 ], [ -83.13035, 42.43813 ], [ -83.12988, 42.43863 ], [ -83.13025, 42.43866 ], [ -83.1302, 42.43893 ], [ -83.13129, 42.43904 ], [ -83.13134, 42.43877 ], [ -83.1317, 42.43881 ], [ -83.1315, 42.43987 ], [ -83.13073, 42.44006 ], [ -83.13043, 42.44166 ], [ -83.13079, 42.44169 ], [ -83.13064, 42.44249 ], [ -83.13101, 42.44253 ], [ -83.13091, 42.44306 ], [ -83.13159, 42.4434 ], [ -83.13154, 42.44366 ], [ -83.13117, 42.44363 ], [ -83.13092, 42.44496 ], [ -83.1302, 42.44489 ], [ -83.12973, 42.44538 ], [ -83.12901, 42.44531 ], [ -83.12896, 42.44557 ] ], [ [ -83.12354, 42.43691 ], [ -83.12359, 42.43664 ], [ -83.12322, 42.43661 ], [ -83.12317, 42.43687 ], [ -83.12354, 42.43691 ] ], [ [ -83.12866, 42.43525 ], [ -83.12876, 42.43472 ], [ -83.12808, 42.43438 ], [ -83.12793, 42.43518 ], [ -83.12866, 42.43525 ] ] ] } },
{ "type": "Feature", "properties": { "city": "Detroit", "view": "detected", "cls": "decay", "area_km2": 0.0045 }, "geometry": { "type": "Polygon", "coordinates": [ [ [ -83.20121, 42.42946 ], [ -83.20048, 42.42939 ], [ -83.20063, 42.42859 ], [ -83.2013, 42.42893 ], [ -83.20121, 42.42946 ] ] ] } },
{ "type": "Feature", "properties": { "city": "Detroit", "view": "detected", "cls": "decay", "area_km2": 0.0531 }, "geometry": { "type": "Polygon", "coordinates": [ [ [ -83.27386, 42.43908 ], [ -83.27276, 42.43897 ], [ -83.27323, 42.43848 ], [ -83.27286, 42.43844 ], [ -83.27301, 42.43764 ], [ -83.27233, 42.4373 ], [ -83.27258, 42.43597 ], [ -83.27294, 42.43601 ], [ -83.27304, 42.43548 ], [ -83.2734, 42.43551 ], [ -83.27345, 42.43525 ], [ -83.27454, 42.43536 ], [ -83.27449, 42.43562 ], [ -83.27486, 42.43566 ], [ -83.27456, 42.43725 ], [ -83.2742, 42.43722 ], [ -83.27395, 42.43855 ], [ -83.27359, 42.43851 ], [ -83.27386, 42.43908 ] ] ] } },
{ "type": "Feature", "properties": { "city": "Detroit", "view": "detected", "cls": "decay", "area_km2": 0.0108 }, "geometry": { "type": "Polygon", "coordinates": [ [ [ -83.25325, 42.43434 ], [ -83.25253, 42.43427 ], [ -83.25277, 42.43294 ], [ -83.25386, 42.43305 ], [ -83.25381, 42.43331 ], [ -83.25345, 42.43328 ], [ -83.25371, 42.43384 ], [ -83.25335, 42.43381 ], [ -83.25325, 42.43434 ] ] ] } },
{ "type": "Feature", "properties": { "city": "Detroit", "view": "detected", "cls": "decay", "area_km2": 0.0765 }, "geometry": { "type": "Polygon", "coordinates": [ [ [ -83.28751, 42.43934 ], [ -83.28678, 42.43927 ], [ -83.28688, 42.43874 ], [ -83.28651, 42.4387 ], [ -83.28647, 42.43897 ], [ -83.28537, 42.43886 ], [ -83.28542, 42.43859 ], [ -83.2847, 42.43852 ], [ -83.28516, 42.43803 ], [ -83.28552, 42.43806 ], [ -83.28557, 42.4378 ], [ -83.28593, 42.43783 ], [ -83.28584, 42.43836 ], [ -83.28693, 42.43847 ], [ -83.28666, 42.4379 ], [ -83.28703, 42.43794 ], [ -83.28707, 42.43767 ], [ -83.28671, 42.43764 ], [ -83.28681, 42.43711 ], [ -83.28535, 42.43696 ], [ -83.28526, 42.43749 ], [ -83.28416, 42.43739 ], [ -83.28436, 42.43632 ], [ -83.284, 42.43629 ], [ -83.28405, 42.43602 ], [ -83.2855, 42.43616 ], [ -83.28565, 42.43537 ], [ -83.28528, 42.43533 ], [ -83.28533, 42.43506 ], [ -83.28751, 42.43528 ], [ -83.28737, 42.43608 ], [ -83.28773, 42.43611 ], [ -83.28744, 42.43771 ], [ -83.2878, 42.43774 ], [ -83.28751, 42.43934 ] ] ] } },
{ "type": "Feature", "properties": { "city": "Detroit", "view": "detected", "cls": "decay", "area_km2": 0.3699 }, "geometry": { "type": "Polygon", "coordinates": [ [ [ -83.22589, 42.43814 ], [ -83.22407, 42.43796 ], [ -83.22412, 42.43769 ], [ -83.22376, 42.43765 ], [ -83.22386, 42.43712 ], [ -83.22422, 42.43716 ], [ -83.22427, 42.43689 ], [ -83.22391, 42.43686 ], [ -83.224, 42.43632 ], [ -83.22364, 42.43629 ], [ -83.22374, 42.43576 ], [ -83.22337, 42.43572 ], [ -83.22342, 42.43545 ], [ -83.22451, 42.43556 ], [ -83.22461, 42.43503 ], [ -83.22529, 42.43537 ], [ -83.22534, 42.4351 ], [ -83.22643, 42.43521 ], [ -83.22648, 42.43494 ], [ -83.22684, 42.43498 ], [ -83.22709, 42.43365 ], [ -83.22782, 42.43372 ], [ -83.22787, 42.43346 ], [ -83.22568, 42.43324 ], [ -83.22542, 42.43267 ], [ -83.22506, 42.43264 ], [ -83.22511, 42.43237 ], [ -83.22438, 42.4323 ], [ -83.22443, 42.43203 ], [ -83.22406, 42.432 ], [ -83.2239, 42.4309 ], [ -83.22353, 42.43086 ], [ -83.22348, 42.43113 ], [ -83.22276, 42.43106 ], [ -83.22271, 42.43132 ], [ -83.22198, 42.43125 ], [ -83.22171, 42.43068 ], [ -83.22135, 42.43065 ], [ -83.22181, 42.43015 ], [ -83.2229, 42.43026 ], [ -83.22295, 42.42999 ], [ -83.22368, 42.43006 ], [ -83.22373, 42.4298 ], [ -83.22409, 42.42983 ], [ -83.22383, 42.42927 ], [ -83.22346, 42.42923 ], [ -83.22356, 42.4287 ], [ -83.22429, 42.42877 ], [ -83.22434, 42.42851 ], [ -83.22507, 42.42858 ], [ -83.22502, 42.42884 ], [ -83.22647, 42.42899 ], [ -83.22652, 42.42872 ], [ -83.22688, 42.42876 ], [ -83.22684, 42.42902 ], [ -83.2272, 42.42906 ], [ -83.22715, 42.42932 ], [ -83.22642, 42.42925 ], [ -83.22632, 42.42978 ], [ -83.22669, 42.42982 ], [ -83.22664, 42.43009 ], [ -83.22737, 42.43016 ], [ -83.22763, 42.43073 ], [ -83.22685, 42.43092 ], [ -83.22676, 42.43145 ], [ -83.22712, 42.43149 ], [ -83.22702, 42.43202 ], [ -83.22739, 42.43206 ], [ -83.22729, 42.43259 ], [ -83.22801, 42.43266 ], [ -83.22811, 42.43213 ], [ -83.22884, 42.4322 ], [ -83.22838, 42.4327 ], [ -83.22874, 42.43273 ], [ -83.22869, 42.433 ], [ -83.22833, 42.43296 ], [ -83.22828, 42.43323 ], [ -83.22901, 42.4333 ], [ -83.22891, 42.43383 ], [ -83.22964, 42.4339 ], [ -83.22954, 42.43443 ], [ -83.23063, 42.43454 ], [ -83.23058, 42.43481 ], [ -83.23131, 42.43488 ], [ -83.23136, 42.43461 ], [ -83.23245, 42.43472 ], [ -83.2324, 42.43499 ], [ -83.23203, 42.43495 ], [ -83.23184, 42.43602 ], [ -83.23147, 42.43598 ], [ -83.23138, 42.43651 ], [ -83.2306, 42.43671 ], [ -83.23055, 42.43697 ], [ -83.22982, 42.4369 ], [ -83.22972, 42.43743 ], [ -83.22936, 42.4374 ], [ -83.22963, 42.43796 ], [ -83.22781, 42.43778 ], [ -83.22786, 42.43752 ], [ -83.22749, 42.43748 ], [ -83.22744, 42.43775 ], [ -83.22635, 42.43764 ], [ -83.22589, 42.43814 ] ], [ [ -83.22792, 42.43319 ], [ -83.22797, 42.43293 ], [ -83.2276, 42.43289 ], [ -83.22755, 42.43316 ], [ -83.22792, 42.43319 ] ] ] } },
{ "type": "Feature", "properties": { "city": "Detroit", "view": "detected", "cls": "decay", "area_km2": 0.0081 }, "geometry": { "type": "Polygon", "coordinates": [ [ [ -83.11876, 42.41883 ], [ -83.11767, 42.41872 ], [ -83.11772, 42.41846 ], [ -83.11808, 42.41849 ], [ -83.11818, 42.41796 ], [ -83.11927, 42.41807 ], [ -83.11917, 42.4186 ], [ -83.11881, 42.41856 ], [ -83.11876, 42.41883 ] ] ] } },
{ "type": "Feature", "properties": { "city": "Detroit", "view": "detected", "cls": "decay", "area_km2": 0.0027 }, "geometry": { "type": "Polygon", "coordinates": [ [ [ -82.92122, 42.39816 ], [ -82.92086, 42.39812 ], [ -82.92096, 42.39759 ], [ -82.92169, 42.39766 ], [ -82.92164, 42.39793 ], [ -82.92127, 42.39789 ], [ -82.92122, 42.39816 ] ] ] } },
{ "type": "Feature", "properties": { "city": "Detroit", "view": "detected", "cls": "decay", "area_km2": 0.0054 }, "geometry": { "type": "Polygon", "coordinates": [ [ [ -83.2863, 42.43381 ], [ -83.28558, 42.43373 ], [ -83.28572, 42.43294 ], [ -83.28645, 42.43301 ], [ -83.2863, 42.43381 ] ] ] } },
{ "type": "Feature", "properties": { "city": "Detroit", "view": "detected", "cls": "decay", "area_km2": 0.0027 }, "geometry": { "type": "Polygon", "coordinates": [ [ [ -83.28686, 42.43278 ], [ -83.28614, 42.43271 ], [ -83.28623, 42.43218 ], [ -83.28691, 42.43251 ], [ -83.28686, 42.43278 ] ] ] } },
{ "type": "Feature", "properties": { "city": "Detroit", "view": "detected", "cls": "decay", "area_km2": 0.0036 }, "geometry": { "type": "Polygon", "coordinates": [ [ [ -83.23268, 42.42743 ], [ -83.23196, 42.42736 ], [ -83.23205, 42.42683 ], [ -83.23278, 42.4269 ], [ -83.23268, 42.42743 ] ] ] } },
{ "type": "Feature", "properties": { "city": "Detroit", "view": "detected", "cls": "decay", "area_km2": 0.0027 }, "geometry": { "type": "Polygon", "coordinates": [ [ [ -83.24114, 42.42773 ], [ -83.24005, 42.42762 ], [ -83.2401, 42.42736 ], [ -83.24119, 42.42746 ], [ -83.24114, 42.42773 ] ] ] } },
{ "type": "Feature", "properties": { "city": "Detroit", "view": "detected", "cls": "decay", "area_km2": 0.0135 }, "geometry": { "type": "Polygon", "coordinates": [ [ [ -83.22878, 42.42651 ], [ -83.22769, 42.4264 ], [ -83.22779, 42.42587 ], [ -83.22706, 42.4258 ], [ -83.22711, 42.42553 ], [ -83.22784, 42.4256 ], [ -83.22794, 42.42507 ], [ -83.22866, 42.42514 ], [ -83.22857, 42.42567 ], [ -83.22893, 42.42571 ], [ -83.22878, 42.42651 ] ] ] } },
{ "type": "Feature", "properties": { "city": "Detroit", "view": "detected", "cls": "decay", "area_km2": 0.0027 }, "geometry": { "type": "Polygon", "coordinates": [ [ [ -83.16218, 42.41828 ], [ -83.1615, 42.41794 ], [ -83.16155, 42.41768 ], [ -83.16228, 42.41775 ], [ -83.16218, 42.41828 ] ] ] } },
{ "type": "Feature", "properties": { "city": "Detroit", "view": "detected", "cls": "decay", "area_km2": 0.0054 }, "geometry": { "type": "Polygon", "coordinates": [ [ [ -83.15547, 42.41653 ], [ -83.15438, 42.41642 ], [ -83.15443, 42.41616 ], [ -83.1548, 42.41619 ], [ -83.15489, 42.41566 ], [ -83.15557, 42.416 ], [ -83.15547, 42.41653 ] ] ] } },
{ "type": "Feature", "properties": { "city": "Detroit", "view": "detected", "cls": "decay", "area_km2": 0.0117 }, "geometry": { "type": "Polygon", "coordinates": [ [ [ -83.15843, 42.41655 ], [ -83.1577, 42.41648 ], [ -83.15775, 42.41621 ], [ -83.15739, 42.41618 ], [ -83.15749, 42.41565 ], [ -83.15785, 42.41568 ], [ -83.1579, 42.41542 ], [ -83.15899, 42.41553 ], [ -83.15884, 42.41632 ], [ -83.15848, 42.41629 ], [ -83.15843, 42.41655 ] ] ] } },
{ "type": "Feature", "properties": { "city": "Detroit", "view": "detected", "cls": "decay", "area_km2": 0.0306 }, "geometry": { "type": "Polygon", "coordinates": [ [ [ -83.15366, 42.41635 ], [ -83.1522, 42.4162 ], [ -83.1524, 42.41514 ], [ -83.15204, 42.4151 ], [ -83.15228, 42.41377 ], [ -83.15301, 42.41385 ], [ -83.15306, 42.41358 ], [ -83.15374, 42.41392 ], [ -83.15364, 42.41445 ], [ -83.15286, 42.41464 ], [ -83.15276, 42.41518 ], [ -83.15385, 42.41529 ], [ -83.1538, 42.41555 ], [ -83.15417, 42.41559 ], [ -83.15407, 42.41612 ], [ -83.1537, 42.41608 ], [ -83.15366, 42.41635 ] ] ] } },
{ "type": "Feature", "properties": { "city": "Detroit", "view": "detected", "cls": "decay", "area_km2": 0.0027 }, "geometry": { "type": "Polygon", "coordinates": [ [ [ -83.27267, 42.42542 ], [ -83.27158, 42.42532 ], [ -83.27163, 42.42505 ], [ -83.27272, 42.42516 ], [ -83.27267, 42.42542 ] ] ] } },
{ "type": "Feature", "properties": { "city": "Detroit", "view": "detected", "cls": "decay", "area_km2": 0.0027 }, "geometry": { "type": "Polygon", "coordinates": [ [ [ -82.97095, 42.3956 ], [ -82.97058, 42.39557 ], [ -82.97068, 42.39503 ], [ -82.97141, 42.39511 ], [ -82.97136, 42.39537 ], [ -82.971, 42.39534 ], [ -82.97095, 42.3956 ] ] ] } },
{ "type": "Feature", "properties": { "city": "Detroit", "view": "detected", "cls": "decay", "area_km2": 0.0036 }, "geometry": { "type": "Polygon", "coordinates": [ [ [ -83.22373, 42.41978 ], [ -83.223, 42.41971 ], [ -83.2231, 42.41918 ], [ -83.22383, 42.41925 ], [ -83.22373, 42.41978 ] ] ] } },
{ "type": "Feature", "properties": { "city": "Detroit", "view": "detected", "cls": "decay", "area_km2": 0.0072 }, "geometry": { "type": "Polygon", "coordinates": [ [ [ -83.17788, 42.41551 ], [ -83.17679, 42.4154 ], [ -83.17688, 42.41487 ], [ -83.17761, 42.41494 ], [ -83.17766, 42.41467 ], [ -83.17802, 42.41471 ], [ -83.17829, 42.41528 ], [ -83.17793, 42.41524 ], [ -83.17788, 42.41551 ] ] ] } },
{ "type": "Feature", "properties": { "city": "Detroit", "view": "detected", "cls": "decay", "area_km2": 0.0072 }, "geometry": { "type": "Polygon", "coordinates": [ [ [ -83.21791, 42.4192 ], [ -83.21682, 42.4191 ], [ -83.21692, 42.41856 ], [ -83.21729, 42.4186 ], [ -83.21733, 42.41833 ], [ -83.21806, 42.41841 ], [ -83.21791, 42.4192 ] ] ] } },
{ "type": "Feature", "properties": { "city": "Detroit", "view": "detected", "cls": "decay", "area_km2": 0.0027 }, "geometry": { "type": "Polygon", "coordinates": [ [ [ -83.28387, 42.4249 ], [ -83.28278, 42.4248 ], [ -83.28283, 42.42453 ], [ -83.28392, 42.42464 ], [ -83.28387, 42.4249 ] ] ] } },
{ "type": "Feature", "properties": { "city": "Detroit", "view": "detected", "cls": "decay", "area_km2": 0.0459 }, "geometry": { "type": "Polygon", "coordinates": [ [ [ -83.21428, 42.41884 ], [ -83.21319, 42.41874 ], [ -83.21324, 42.41847 ], [ -83.21287, 42.41843 ], [ -83.21302, 42.41764 ], [ -83.21338, 42.41767 ], [ -83.21343, 42.41741 ], [ -83.21452, 42.41752 ], [ -83.21457, 42.41725 ], [ -83.2153, 42.41732 ], [ -83.21576, 42.41683 ], [ -83.21649, 42.4169 ], [ -83.21644, 42.41716 ], [ -83.2168, 42.4172 ], [ -83.21661, 42.41826 ], [ -83.21583, 42.41846 ], [ -83.21578, 42.41872 ], [ -83.21433, 42.41858 ], [ -83.21428, 42.41884 ] ] ] } },
{ "type": "Feature", "properties": { "city": "Detroit", "view": "detected", "cls": "decay", "area_km2": 0.0144 }, "geometry": { "type": "Polygon", "coordinates": [ [ [ -83.2757, 42.42302 ], [ -83.27461, 42.42291 ], [ -83.27466, 42.42264 ], [ -83.27393, 42.42257 ], [ -83.27403, 42.42204 ], [ -83.27559, 42.42165 ], [ -83.27544, 42.42245 ], [ -83.2758, 42.42248 ], [ -83.2757, 42.42302 ] ] ] } },
{ "type": "Feature", "properties": { "city": "Detroit", "view": "detected", "cls": "decay", "area_km2": 0.0063 }, "geometry": { "type": "Polygon", "coordinates": [ [ [ -83.16839, 42.41077 ], [ -83.1673, 42.41066 ], [ -83.16703, 42.4101 ], [ -83.16849, 42.41024 ], [ -83.16839, 42.41077 ] ] ] } },
{ "type": "Feature", "properties": { "city": "Detroit", "view": "detected", "cls": "decay", "area_km2": 0.0072 }, "geometry": { "type": "Polygon", "coordinates": [ [ [ -83.22726, 42.41471 ], [ -83.22581, 42.41457 ], [ -83.2259, 42.41404 ], [ -83.22736, 42.41418 ], [ -83.22726, 42.41471 ] ] ] } },
{ "type": "Feature", "properties": { "city": "Detroit", "view": "detected", "cls": "decay", "area_km2": 0.0027 }, "geometry": { "type": "Polygon", "coordinates": [ [ [ -83.2754, 42.41865 ], [ -83.27503, 42.41862 ], [ -83.27518, 42.41782 ], [ -83.27554, 42.41786 ], [ -83.2754, 42.41865 ] ] ] } },
{ "type": "Feature", "properties": { "city": "Detroit", "view": "detected", "cls": "decay", "area_km2": 0.0045 }, "geometry": { "type": "Polygon", "coordinates": [ [ [ -83.1911, 42.41005 ], [ -83.19038, 42.40998 ], [ -83.19048, 42.40945 ], [ -83.19157, 42.40955 ], [ -83.1911, 42.41005 ] ] ] } },
{ "type": "Feature", "properties": { "city": "Detroit", "view": "detected", "cls": "decay", "area_km2": 0.0063 }, "geometry": { "type": "Polygon", "coordinates": [ [ [ -82.94998, 42.38509 ], [ -82.94853, 42.38494 ], [ -82.94863, 42.38441 ], [ -82.94972, 42.38452 ], [ -82.94998, 42.38509 ] ] ] } },
{ "type": "Feature", "properties": { "city": "Detroit", "view": "detected", "cls": "decay", "area_km2": 0.0063 }, "geometry": { "type": "Polygon", "coordinates": [ [ [ -83.00447, 42.39059 ], [ -83.00379, 42.39025 ], [ -83.00389, 42.38971 ], [ -83.00498, 42.38982 ], [ -83.00488, 42.39036 ], [ -83.00452, 42.39032 ], [ -83.00447, 42.39059 ] ] ] } },
{ "type": "Feature", "properties": { "city": "Detroit", "view": "detected", "cls": "decay", "area_km2": 0.0036 }, "geometry": { "type": "Polygon", "coordinates": [ [ [ -83.18886, 42.4082 ], [ -83.18813, 42.40813 ], [ -83.18823, 42.4076 ], [ -83.18895, 42.40767 ], [ -83.18886, 42.4082 ] ] ] } },
{ "type": "Feature", "properties": { "city": "Detroit", "view": "detected", "cls": "decay", "area_km2": 0.0045 }, "geometry": { "type": "Polygon", "coordinates": [ [ [ -83.25174, 42.41443 ], [ -83.25102, 42.41435 ], [ -83.25112, 42.41382 ], [ -83.25221, 42.41393 ], [ -83.25174, 42.41443 ] ] ] } },
{ "type": "Feature", "properties": { "city": "Detroit", "view": "detected", "cls": "decay", "area_km2": 0.3168 }, "geometry": { "type": "Polygon", "coordinates": [ [ [ -83.28716, 42.42712 ], [ -83.28389, 42.4268 ], [ -83.28372, 42.4257 ], [ -83.2845, 42.42551 ], [ -83.28455, 42.42524 ], [ -83.28528, 42.42531 ], [ -83.28523, 42.42558 ], [ -83.28559, 42.42561 ], [ -83.28605, 42.42512 ], [ -83.28569, 42.42508 ], [ -83.28579, 42.42455 ], [ -83.28506, 42.42448 ], [ -83.28511, 42.42421 ], [ -83.28475, 42.42418 ], [ -83.28489, 42.42338 ], [ -83.28453, 42.42334 ], [ -83.28463, 42.42281 ], [ -83.28281, 42.42263 ], [ -83.28291, 42.4221 ], [ -83.28254, 42.42206 ], [ -83.28274, 42.421 ], [ -83.28237, 42.42097 ], [ -83.28284, 42.42047 ], [ -83.28247, 42.42043 ], [ -83.28257, 42.4199 ], [ -83.28221, 42.41987 ], [ -83.28226, 42.4196 ], [ -83.28189, 42.41956 ], [ -83.28204, 42.41877 ], [ -83.28168, 42.41873 ], [ -83.28172, 42.41846 ], [ -83.28209, 42.4185 ], [ -83.28219, 42.41797 ], [ -83.28255, 42.418 ], [ -83.28265, 42.41747 ], [ -83.2841, 42.41762 ], [ -83.28415, 42.41735 ], [ -83.28488, 42.41742 ], [ -83.28493, 42.41716 ], [ -83.28565, 42.41723 ], [ -83.28575, 42.41669 ], [ -83.28648, 42.41677 ], [ -83.28643, 42.41703 ], [ -83.28679, 42.41707 ], [ -83.2867, 42.4176 ], [ -83.28706, 42.41764 ], [ -83.28684, 42.42086 ], [ -83.2872, 42.4209 ], [ -83.28691, 42.42249 ], [ -83.28727, 42.42253 ], [ -83.28698, 42.42413 ], [ -83.28734, 42.42416 ], [ -83.28724, 42.42469 ], [ -83.28688, 42.42466 ], [ -83.28678, 42.42519 ], [ -83.28642, 42.42515 ], [ -83.28637, 42.42542 ], [ -83.28673, 42.42546 ], [ -83.28663, 42.42599 ], [ -83.287, 42.42602 ], [ -83.2869, 42.42655 ], [ -83.28726, 42.42659 ], [ -83.28716, 42.42712 ] ] ] } },
{ "type": "Feature", "properties": { "city": "Detroit", "view": "detected", "cls": "decay", "area_km2": 0.0441 }, "geometry": { "type": "Polygon", "coordinates": [ [ [ -83.03041, 42.39238 ], [ -83.02932, 42.39227 ], [ -83.02942, 42.39174 ], [ -83.02906, 42.3917 ], [ -83.02916, 42.39117 ], [ -83.02994, 42.39098 ], [ -83.02999, 42.39071 ], [ -83.03294, 42.39074 ], [ -83.03289, 42.39101 ], [ -83.03362, 42.39108 ], [ -83.03352, 42.39161 ], [ -83.03279, 42.39154 ], [ -83.03274, 42.3918 ], [ -83.03165, 42.39169 ], [ -83.0316, 42.39196 ], [ -83.03088, 42.39189 ], [ -83.03041, 42.39238 ] ] ] } },
{ "type": "Feature", "properties": { "city": "Detroit", "view": "detected", "cls": "decay", "area_km2": 0.0036 }, "geometry": { "type": "Polygon", "coordinates": [ [ [ -83.28563, 42.41533 ], [ -83.28495, 42.41499 ], [ -83.285, 42.41473 ], [ -83.28609, 42.41483 ], [ -83.28563, 42.41533 ] ] ] } },
{ "type": "Feature", "properties": { "city": "Detroit", "view": "detected", "cls": "decay", "area_km2": 0.0117 }, "geometry": { "type": "Polygon", "coordinates": [ [ [ -83.23806, 42.41037 ], [ -83.23697, 42.41026 ], [ -83.2367, 42.40969 ], [ -83.23743, 42.40976 ], [ -83.23748, 42.4095 ], [ -83.23893, 42.40964 ], [ -83.23883, 42.41017 ], [ -83.23811, 42.4101 ], [ -83.23806, 42.41037 ] ] ] } },
{ "type": "Feature", "properties": { "city": "Detroit", "view": "detected", "cls": "decay", "area_km2": 0.0261 }, "geometry": { "type": "Polygon", "coordinates": [ [ [ -83.2297, 42.40954 ], [ -83.22824, 42.4094 ], [ -83.22829, 42.40913 ], [ -83.22611, 42.40891 ], [ -83.22621, 42.40838 ], [ -83.22694, 42.40845 ], [ -83.22689, 42.40872 ], [ -83.22798, 42.40883 ], [ -83.22844, 42.40833 ], [ -83.23026, 42.40851 ], [ -83.23016, 42.40904 ], [ -83.23052, 42.40908 ], [ -83.23047, 42.40935 ], [ -83.22975, 42.40927 ], [ -83.2297, 42.40954 ] ] ] } },
{ "type": "Feature", "properties": { "city": "Detroit", "view": "detected", "cls": "decay", "area_km2": 0.027 }, "geometry": { "type": "Polygon", "coordinates": [ [ [ -83.25054, 42.41295 ], [ -83.24913, 42.41254 ], [ -83.24887, 42.41198 ], [ -83.24959, 42.41205 ], [ -83.24969, 42.41152 ], [ -83.25047, 42.41132 ], [ -83.25052, 42.41106 ], [ -83.25088, 42.41109 ], [ -83.25098, 42.41056 ], [ -83.2517, 42.41063 ], [ -83.25197, 42.4112 ], [ -83.25119, 42.41139 ], [ -83.25114, 42.41166 ], [ -83.25078, 42.41162 ], [ -83.25095, 42.41272 ], [ -83.25058, 42.41269 ], [ -83.25054, 42.41295 ] ] ] } },
{ "type": "Feature", "properties": { "city": "Detroit", "view": "detected", "cls": "decay", "area_km2": 0.0036 }, "geometry": { "type": "Polygon", "coordinates": [ [ [ -83.2153, 42.4073 ], [ -83.21458, 42.40723 ], [ -83.21463, 42.40697 ], [ -83.21499, 42.407 ], [ -83.21509, 42.40647 ], [ -83.21545, 42.40651 ], [ -83.2153, 42.4073 ] ] ] } },
{ "type": "Feature", "properties": { "city": "Detroit", "view": "detected", "cls": "decay", "area_km2": 0.0207 }, "geometry": { "type": "Polygon", "coordinates": [ [ [ -83.23629, 42.40992 ], [ -83.23483, 42.40978 ], [ -83.2353, 42.40928 ], [ -83.23493, 42.40924 ], [ -83.23508, 42.40845 ], [ -83.23472, 42.40841 ], [ -83.23477, 42.40815 ], [ -83.23622, 42.40829 ], [ -83.23617, 42.40856 ], [ -83.23653, 42.40859 ], [ -83.23629, 42.40992 ] ] ] } },
{ "type": "Feature", "properties": { "city": "Detroit", "view": "detected", "cls": "decay", "area_km2": 0.0099 }, "geometry": { "type": "Polygon", "coordinates": [ [ [ -83.16161, 42.40143 ], [ -83.16052, 42.40133 ], [ -83.16072, 42.40026 ], [ -83.16144, 42.40033 ], [ -83.16139, 42.4006 ], [ -83.16176, 42.40064 ], [ -83.16161, 42.40143 ] ] ] } },
{ "type": "Feature", "properties": { "city": "Detroit", "view": "detected", "cls": "decay", "area_km2": 0.0027 }, "geometry": { "type": "Polygon", "coordinates": [ [ [ -83.24027, 42.40842 ], [ -83.23954, 42.40835 ], [ -83.23964, 42.40781 ], [ -83.24032, 42.40815 ], [ -83.24027, 42.40842 ] ] ] } },
{ "type": "Feature", "properties": { "city": "Detroit", "view": "detected", "cls": "decay", "area_km2": 0.0306 }, "geometry": { "type": "Polygon", "coordinates": [ [ [ -83.23285, 42.4085 ], [ -83.23176, 42.40839 ], [ -83.23186, 42.40786 ], [ -83.23118, 42.40752 ], [ -83.23123, 42.40725 ], [ -83.2305, 42.40718 ], [ -83.23024, 42.40661 ], [ -83.22987, 42.40658 ], [ -83.22992, 42.40631 ], [ -83.23138, 42.40646 ], [ -83.23133, 42.40672 ], [ -83.23205, 42.40679 ], [ -83.23201, 42.40706 ], [ -83.2331, 42.40717 ], [ -83.23305, 42.40743 ], [ -83.23377, 42.40751 ], [ -83.23368, 42.40804 ], [ -83.23259, 42.40793 ], [ -83.23285, 42.4085 ] ] ] } },
{ "type": "Feature", "properties": { "city": "Detroit", "view": "detected", "cls": "decay", "area_km2": 0.0027 }, "geometry": { "type": "Polygon", "coordinates": [ [ [ -83.28622, 42.41214 ], [ -83.28513, 42.41203 ], [ -83.28518, 42.41176 ], [ -83.28627, 42.41187 ], [ -83.28622, 42.41214 ] ] ] } },
{ "type": "Feature", "properties": { "city": "Detroit", "view": "detected", "cls": "decay", "area_km2": 0.0054 }, "geometry": { "type": "Polygon", "coordinates": [ [ [ -83.22469, 42.40661 ], [ -83.22396, 42.40654 ], [ -83.22406, 42.406 ], [ -83.22369, 42.40597 ], [ -83.22374, 42.4057 ], [ -83.22483, 42.40581 ], [ -83.22437, 42.40631 ], [ -83.22474, 42.40634 ], [ -83.22469, 42.40661 ] ] ] } },
{ "type": "Feature", "properties": { "city": "Detroit", "view": "detected", "cls": "decay", "area_km2": 0.0153 }, "geometry": { "type": "Polygon", "coordinates": [ [ [ -83.22272, 42.40722 ], [ -83.22204, 42.40689 ], [ -83.22229, 42.40556 ], [ -83.22265, 42.40559 ], [ -83.2227, 42.40533 ], [ -83.22338, 42.40567 ], [ -83.22313, 42.407 ], [ -83.22277, 42.40696 ], [ -83.22272, 42.40722 ] ] ] } },
{ "type": "Feature", "properties": { "city": "Detroit", "view": "detected", "cls": "decay", "area_km2": 0.0108 }, "geometry": { "type": "Polygon", "coordinates": [ [ [ -83.2155, 42.40624 ], [ -83.21514, 42.4062 ], [ -83.21524, 42.40567 ], [ -83.21451, 42.4056 ], [ -83.21471, 42.40454 ], [ -83.21507, 42.40457 ], [ -83.21502, 42.40484 ], [ -83.21575, 42.40491 ], [ -83.2155, 42.40624 ] ] ] } },
{ "type": "Feature", "properties": { "city": "Detroit", "view": "detected", "cls": "decay", "area_km2": 0.0036 }, "geometry": { "type": "Polygon", "coordinates": [ [ [ -83.23714, 42.4073 ], [ -83.23605, 42.40719 ], [ -83.2361, 42.40692 ], [ -83.23688, 42.40673 ], [ -83.23714, 42.4073 ] ] ] } },
{ "type": "Feature", "properties": { "city": "Detroit", "view": "detected", "cls": "decay", "area_km2": 0.0027 }, "geometry": { "type": "Polygon", "coordinates": [ [ [ -83.1999, 42.40253 ], [ -83.19954, 42.40249 ], [ -83.19969, 42.40169 ], [ -83.20005, 42.40173 ], [ -83.1999, 42.40253 ] ] ] } },
{ "type": "Feature", "properties": { "city": "Detroit", "view": "detected", "cls": "decay", "area_km2": 0.054 }, "geometry": { "type": "Polygon", "coordinates": [ [ [ -83.22915, 42.40651 ], [ -83.22769, 42.40636 ], [ -83.22743, 42.4058 ], [ -83.22706, 42.40576 ], [ -83.22716, 42.40523 ], [ -83.22566, 42.40535 ], [ -83.22561, 42.40562 ], [ -83.22416, 42.40547 ], [ -83.22445, 42.40388 ], [ -83.22481, 42.40391 ], [ -83.22477, 42.40418 ], [ -83.22586, 42.40429 ], [ -83.22581, 42.40455 ], [ -83.22658, 42.40436 ], [ -83.22653, 42.40462 ], [ -83.22799, 42.40477 ], [ -83.22794, 42.40503 ], [ -83.22867, 42.40511 ], [ -83.22893, 42.40567 ], [ -83.22966, 42.40574 ], [ -83.22956, 42.40628 ], [ -83.2292, 42.40624 ], [ -83.22915, 42.40651 ] ] ] } },
{ "type": "Feature", "properties": { "city": "Detroit", "view": "detected", "cls": "decay", "area_km2": 0.0162 }, "geometry": { "type": "Polygon", "coordinates": [ [ [ -83.1865, 42.40093 ], [ -83.18541, 42.40082 ], [ -83.18634, 42.39983 ], [ -83.18852, 42.40004 ], [ -83.18842, 42.40058 ], [ -83.18806, 42.40054 ], [ -83.1881, 42.40027 ], [ -83.18738, 42.4002 ], [ -83.18728, 42.40073 ], [ -83.18655, 42.40066 ], [ -83.1865, 42.40093 ] ] ] } },
{ "type": "Feature", "properties": { "city": "Detroit", "view": "detected", "cls": "decay", "area_km2": 0.0261 }, "geometry": { "type": "Polygon", "coordinates": [ [ [ -83.02299, 42.38459 ], [ -83.02118, 42.38441 ], [ -83.02256, 42.38293 ], [ -83.02365, 42.38304 ], [ -83.02355, 42.38357 ], [ -83.02392, 42.3836 ], [ -83.02377, 42.3844 ], [ -83.02304, 42.38433 ], [ -83.02299, 42.38459 ] ] ] } },
{ "type": "Feature", "properties": { "city": "Detroit", "view": "detected", "cls": "decay", "area_km2": 0.0027 }, "geometry": { "type": "Polygon", "coordinates": [ [ [ -83.16831, 42.39723 ], [ -83.16722, 42.39712 ], [ -83.16727, 42.39685 ], [ -83.16836, 42.39696 ], [ -83.16831, 42.39723 ] ] ] } },
{ "type": "Feature", "properties": { "city": "Detroit", "view": "detected", "cls": "decay", "area_km2": 0.0288 }, "geometry": { "type": "Polygon", "coordinates": [ [ [ -83.19288, 42.40048 ], [ -83.1907, 42.40026 ], [ -83.19075, 42.4 ], [ -83.19038, 42.39996 ], [ -83.19053, 42.39916 ], [ -83.19126, 42.39923 ], [ -83.19131, 42.39897 ], [ -83.19276, 42.39911 ], [ -83.19271, 42.39938 ], [ -83.19308, 42.39941 ], [ -83.19298, 42.39995 ], [ -83.19334, 42.39998 ], [ -83.19288, 42.40048 ] ] ] } },
{ "type": "Feature", "properties": { "city": "Detroit", "view": "detected", "cls": "decay", "area_km2": 0.0216 }, "geometry": { "type": "Polygon", "coordinates": [ [ [ -83.21941, 42.40311 ], [ -83.21868, 42.40303 ], [ -83.21862, 42.4014 ], [ -83.22002, 42.40181 ], [ -83.22029, 42.40238 ], [ -83.22101, 42.40245 ], [ -83.22091, 42.40298 ], [ -83.22019, 42.40291 ], [ -83.22024, 42.40265 ], [ -83.21987, 42.40261 ], [ -83.21941, 42.40311 ] ] ] } },
{ "type": "Feature", "properties": { "city": "Detroit", "view": "detected", "cls": "decay", "area_km2": 0.2862 }, "geometry": { "type": "Polygon", "coordinates": [ [ [ -83.27933, 42.41336 ], [ -83.27861, 42.41328 ], [ -83.2787, 42.41275 ], [ -83.27979, 42.41286 ], [ -83.27994, 42.41206 ], [ -83.28072, 42.41187 ], [ -83.28045, 42.4113 ], [ -83.28082, 42.41134 ], [ -83.28086, 42.41107 ], [ -83.28019, 42.41073 ], [ -83.28024, 42.41047 ], [ -83.27987, 42.41043 ], [ -83.28002, 42.40963 ], [ -83.28075, 42.4097 ], [ -83.28084, 42.40917 ], [ -83.28121, 42.40921 ], [ -83.28135, 42.40841 ], [ -83.28099, 42.40837 ], [ -83.28119, 42.40731 ], [ -83.28155, 42.40735 ], [ -83.2816, 42.40708 ], [ -83.28342, 42.40726 ], [ -83.28347, 42.40699 ], [ -83.28528, 42.40717 ], [ -83.28533, 42.40691 ], [ -83.28642, 42.40701 ], [ -83.28628, 42.40781 ], [ -83.28664, 42.40785 ], [ -83.28654, 42.40838 ], [ -83.28581, 42.40831 ], [ -83.28577, 42.40857 ], [ -83.28613, 42.40861 ], [ -83.28603, 42.40914 ], [ -83.28639, 42.40918 ], [ -83.28635, 42.40944 ], [ -83.28671, 42.40948 ], [ -83.28642, 42.41107 ], [ -83.28605, 42.41104 ], [ -83.28595, 42.41157 ], [ -83.28523, 42.4115 ], [ -83.28528, 42.41123 ], [ -83.28491, 42.4112 ], [ -83.28486, 42.41146 ], [ -83.28377, 42.41136 ], [ -83.28382, 42.41109 ], [ -83.28309, 42.41102 ], [ -83.28305, 42.41128 ], [ -83.28268, 42.41125 ], [ -83.28254, 42.41205 ], [ -83.28321, 42.41238 ], [ -83.28316, 42.41265 ], [ -83.28353, 42.41269 ], [ -83.28363, 42.41215 ], [ -83.28399, 42.41219 ], [ -83.28404, 42.41192 ], [ -83.28477, 42.412 ], [ -83.28472, 42.41226 ], [ -83.28581, 42.41237 ], [ -83.28535, 42.41286 ], [ -83.28571, 42.4129 ], [ -83.28566, 42.41317 ], [ -83.28343, 42.41322 ], [ -83.28348, 42.41295 ], [ -83.28312, 42.41292 ], [ -83.28307, 42.41318 ], [ -83.28161, 42.41304 ], [ -83.28156, 42.4133 ], [ -83.28047, 42.4132 ], [ -83.28057, 42.41267 ], [ -83.28021, 42.41263 ], [ -83.28011, 42.41316 ], [ -83.27938, 42.41309 ], [ -83.27933, 42.41336 ] ] ] } },
{ "type": "Feature", "properties": { "city": "Detroit", "view": "detected", "cls": "decay", "area_km2": 0.0261 }, "geometry": { "type": "Polygon", "coordinates": [ [ [ -83.22542, 42.40262 ], [ -83.2247, 42.40255 ], [ -83.22475, 42.40228 ], [ -83.22438, 42.40224 ], [ -83.22458, 42.40118 ], [ -83.22494, 42.40122 ], [ -83.22504, 42.40069 ], [ -83.22577, 42.40076 ], [ -83.22572, 42.40102 ], [ -83.22681, 42.40113 ], [ -83.22666, 42.40193 ], [ -83.22593, 42.40186 ], [ -83.22584, 42.40239 ], [ -83.22547, 42.40235 ], [ -83.22542, 42.40262 ] ] ] } },
{ "type": "Feature", "properties": { "city": "Detroit", "view": "detected", "cls": "decay", "area_km2": 0.0027 }, "geometry": { "type": "Polygon", "coordinates": [ [ [ -83.23122, 42.4013 ], [ -83.23013, 42.40119 ], [ -83.23018, 42.40092 ], [ -83.23127, 42.40103 ], [ -83.23122, 42.4013 ] ] ] } },
{ "type": "Feature", "properties": { "city": "Detroit", "view": "detected", "cls": "decay", "area_km2": 0.0027 }, "geometry": { "type": "Polygon", "coordinates": [ [ [ -83.22977, 42.40115 ], [ -83.22868, 42.40104 ], [ -83.22872, 42.40078 ], [ -83.22982, 42.40089 ], [ -83.22977, 42.40115 ] ] ] } },
{ "type": "Feature", "properties": { "city": "Detroit", "view": "detected", "cls": "decay", "area_km2": 0.0045 }, "geometry": { "type": "Polygon", "coordinates": [ [ [ -83.23631, 42.4018 ], [ -83.23485, 42.40166 ], [ -83.2349, 42.40139 ], [ -83.23568, 42.4012 ], [ -83.23563, 42.40146 ], [ -83.23636, 42.40153 ], [ -83.23631, 42.4018 ] ] ] } },
{ "type": "Feature", "properties": { "city": "Detroit", "view": "detected", "cls": "decay", "area_km2": 0.0135 }, "geometry": { "type": "Polygon", "coordinates": [ [ [ -82.97865, 42.37634 ], [ -82.9772, 42.37619 ], [ -82.97725, 42.37592 ], [ -82.97802, 42.37573 ], [ -82.97812, 42.3752 ], [ -82.97958, 42.37535 ], [ -82.97953, 42.37561 ], [ -82.97916, 42.37558 ], [ -82.97906, 42.37611 ], [ -82.9787, 42.37607 ], [ -82.97865, 42.37634 ] ] ] } },
{ "type": "Feature", "properties": { "city": "Detroit", "view": "detected", "cls": "decay", "area_km2": 0.0216 }, "geometry": { "type": "Polygon", "coordinates": [ [ [ -83.22426, 42.40088 ], [ -83.22281, 42.40074 ], [ -83.22286, 42.40047 ], [ -83.2225, 42.40043 ], [ -83.22255, 42.40017 ], [ -83.22291, 42.4002 ], [ -83.22301, 42.39967 ], [ -83.22378, 42.39948 ], [ -83.22383, 42.39921 ], [ -83.22451, 42.39955 ], [ -83.22446, 42.39982 ], [ -83.22482, 42.39985 ], [ -83.22468, 42.40065 ], [ -83.22431, 42.40061 ], [ -83.22426, 42.40088 ] ] ] } },
{ "type": "Feature", "properties": { "city": "Detroit", "view": "detected", "cls": "decay", "area_km2": 0.0036 }, "geometry": { "type": "Polygon", "coordinates": [ [ [ -83.21891, 42.39981 ], [ -83.21855, 42.39977 ], [ -83.21874, 42.39871 ], [ -83.21911, 42.39874 ], [ -83.21891, 42.39981 ] ] ] } },
{ "type": "Feature", "properties": { "city": "Detroit", "view": "detected", "cls": "decay", "area_km2": 0.0207 }, "geometry": { "type": "Polygon", "coordinates": [ [ [ -83.21751, 42.3994 ], [ -83.21569, 42.39922 ], [ -83.21542, 42.39865 ], [ -83.21506, 42.39861 ], [ -83.21516, 42.39808 ], [ -83.21734, 42.3983 ], [ -83.21751, 42.3994 ] ] ] } },
{ "type": "Feature", "properties": { "city": "Detroit", "view": "detected", "cls": "decay", "area_km2": 0.0414 }, "geometry": { "type": "Polygon", "coordinates": [ [ [ -83.20718, 42.39919 ], [ -83.20646, 42.39912 ], [ -83.2065, 42.39885 ], [ -83.20614, 42.39881 ], [ -83.20619, 42.39855 ], [ -83.20655, 42.39858 ], [ -83.20665, 42.39805 ], [ -83.20629, 42.39802 ], [ -83.20644, 42.39722 ], [ -83.20607, 42.39718 ], [ -83.20622, 42.39638 ], [ -83.20767, 42.39653 ], [ -83.20794, 42.3971 ], [ -83.2083, 42.39713 ], [ -83.20825, 42.3974 ], [ -83.20862, 42.39743 ], [ -83.20852, 42.39797 ], [ -83.20816, 42.39793 ], [ -83.20801, 42.39873 ], [ -83.20723, 42.39892 ], [ -83.20718, 42.39919 ] ] ] } },
{ "type": "Feature", "properties": { "city": "Detroit", "view": "detected", "cls": "decay", "area_km2": 0.0081 }, "geometry": { "type": "Polygon", "coordinates": [ [ [ -83.20445, 42.39594 ], [ -83.20264, 42.39576 ], [ -83.20273, 42.39523 ], [ -83.20419, 42.39537 ], [ -83.20445, 42.39594 ] ] ] } },
{ "type": "Feature", "properties": { "city": "Detroit", "view": "detected", "cls": "decay", "area_km2": 0.0369 }, "geometry": { "type": "Polygon", "coordinates": [ [ [ -83.21484, 42.39778 ], [ -83.21412, 42.39771 ], [ -83.21417, 42.39744 ], [ -83.21308, 42.39733 ], [ -83.21303, 42.3976 ], [ -83.21121, 42.39742 ], [ -83.21131, 42.39689 ], [ -83.21167, 42.39693 ], [ -83.21172, 42.39666 ], [ -83.21281, 42.39677 ], [ -83.21286, 42.3965 ], [ -83.21359, 42.39657 ], [ -83.21369, 42.39604 ], [ -83.21514, 42.39619 ], [ -83.21504, 42.39672 ], [ -83.21541, 42.39675 ], [ -83.21536, 42.39702 ], [ -83.21499, 42.39698 ], [ -83.21484, 42.39778 ] ] ] } },
{ "type": "Feature", "properties": { "city": "Detroit", "view": "detected", "cls": "decay", "area_km2": 0.0126 }, "geometry": { "type": "Polygon", "coordinates": [ [ [ -82.97489, 42.37271 ], [ -82.97417, 42.37263 ], [ -82.97427, 42.3721 ], [ -82.9739, 42.37207 ], [ -82.97405, 42.37127 ], [ -82.97551, 42.37141 ], [ -82.97546, 42.37168 ], [ -82.97509, 42.37164 ], [ -82.97489, 42.37271 ] ] ] } },
{ "type": "Feature", "properties": { "city": "Detroit", "view": "detected", "cls": "decay", "area_km2": 0.0108 }, "geometry": { "type": "Polygon", "coordinates": [ [ [ -83.24635, 42.39954 ], [ -83.24562, 42.39947 ], [ -83.24536, 42.3989 ], [ -83.24499, 42.39887 ], [ -83.24514, 42.39807 ], [ -83.24587, 42.39814 ], [ -83.24582, 42.39841 ], [ -83.24618, 42.39844 ], [ -83.24603, 42.39924 ], [ -83.2464, 42.39928 ], [ -83.24635, 42.39954 ] ] ] } },
{ "type": "Feature", "properties": { "city": "Detroit", "view": "detected", "cls": "decay", "area_km2": 0.0306 }, "geometry": { "type": "Polygon", "coordinates": [ [ [ -83.17351, 42.39314 ], [ -83.17211, 42.39273 ], [ -83.17221, 42.3922 ], [ -83.17298, 42.392 ], [ -83.17303, 42.39174 ], [ -83.1734, 42.39177 ], [ -83.17345, 42.39151 ], [ -83.17381, 42.39154 ], [ -83.17391, 42.39101 ], [ -83.17464, 42.39108 ], [ -83.17459, 42.39135 ], [ -83.17495, 42.39139 ], [ -83.17475, 42.39245 ], [ -83.17439, 42.39241 ], [ -83.17429, 42.39295 ], [ -83.17356, 42.39287 ], [ -83.17351, 42.39314 ] ] ] } },
{ "type": "Feature", "properties": { "city": "Detroit", "view": "detected", "cls": "decay", "area_km2": 0.0027 }, "geometry": { "type": "Polygon", "coordinates": [ [ [ -83.2741, 42.39957 ], [ -83.27301, 42.39947 ], [ -83.27306, 42.3992 ], [ -83.27415, 42.39931 ], [ -83.2741, 42.39957 ] ] ] } },
{ "type": "Feature", "properties": { "city": "Detroit", "view": "detected", "cls": "decay", "area_km2": 0.0567 }, "geometry": { "type": "Polygon", "coordinates": [ [ [ -83.23118, 42.3975 ], [ -83.23082, 42.39747 ], [ -83.23092, 42.39693 ], [ -83.23014, 42.39713 ], [ -83.23019, 42.39686 ], [ -83.22983, 42.39683 ], [ -83.22973, 42.39736 ], [ -83.22864, 42.39725 ], [ -83.22873, 42.39672 ], [ -83.22728, 42.39657 ], [ -83.22733, 42.39631 ], [ -83.22806, 42.39638 ], [ -83.22811, 42.39611 ], [ -83.22738, 42.39604 ], [ -83.22772, 42.39418 ], [ -83.22881, 42.39429 ], [ -83.22852, 42.39588 ], [ -83.2307, 42.3961 ], [ -83.23116, 42.3956 ], [ -83.23152, 42.39564 ], [ -83.23143, 42.39617 ], [ -83.23215, 42.39624 ], [ -83.2321, 42.39651 ], [ -83.23138, 42.39644 ], [ -83.23118, 42.3975 ] ] ] } },
{ "type": "Feature", "properties": { "city": "Detroit", "view": "detected", "cls": "decay", "area_km2": 0.0027 }, "geometry": { "type": "Polygon", "coordinates": [ [ [ -82.96932, 42.36889 ], [ -82.96859, 42.36882 ], [ -82.96869, 42.36829 ], [ -82.96937, 42.36863 ], [ -82.96932, 42.36889 ] ] ] } },
{ "type": "Feature", "properties": { "city": "Detroit", "view": "detected", "cls": "decay", "area_km2": 0.0099 }, "geometry": { "type": "Polygon", "coordinates": [ [ [ -83.24611, 42.39681 ], [ -83.24502, 42.3967 ], [ -83.24517, 42.39591 ], [ -83.24699, 42.39609 ], [ -83.24694, 42.39635 ], [ -83.24621, 42.39628 ], [ -83.24611, 42.39681 ] ] ] } },
{ "type": "Feature", "properties": { "city": "Detroit", "view": "detected", "cls": "decay", "area_km2": 0.0099 }, "geometry": { "type": "Polygon", "coordinates": [ [ [ -83.2254, 42.39476 ], [ -83.22431, 42.39466 ], [ -83.2244, 42.39412 ], [ -83.22404, 42.39409 ], [ -83.22409, 42.39382 ], [ -83.22591, 42.394 ], [ -83.22586, 42.39427 ], [ -83.22549, 42.39423 ], [ -83.2254, 42.39476 ] ] ] } },
{ "type": "Feature", "properties": { "city": "Detroit", "view": "detected", "cls": "decay", "area_km2": 0.0378 }, "geometry": { "type": "Polygon", "coordinates": [ [ [ -83.24831, 42.39892 ], [ -83.24759, 42.39885 ], [ -83.24763, 42.39859 ], [ -83.24727, 42.39855 ], [ -83.24742, 42.39775 ], [ -83.24778, 42.39779 ], [ -83.24788, 42.39726 ], [ -83.2472, 42.39692 ], [ -83.2474, 42.39586 ], [ -83.24808, 42.39619 ], [ -83.24813, 42.39593 ], [ -83.24849, 42.39596 ], [ -83.24844, 42.39623 ], [ -83.2488, 42.39627 ], [ -83.2487, 42.3968 ], [ -83.24907, 42.39683 ], [ -83.24902, 42.3971 ], [ -83.24866, 42.39706 ], [ -83.24851, 42.39786 ], [ -83.25033, 42.39804 ], [ -83.25028, 42.39831 ], [ -83.24955, 42.39823 ], [ -83.2495, 42.3985 ], [ -83.24877, 42.39843 ], [ -83.24831, 42.39892 ] ] ] } },
{ "type": "Feature", "properties": { "city": "Detroit", "view": "detected", "cls": "decay", "area_km2": 0.036 }, "geometry": { "type": "Polygon", "coordinates": [ [ [ -83.17255, 42.39034 ], [ -83.17183, 42.39026 ], [ -83.17207, 42.38893 ], [ -83.17285, 42.38874 ], [ -83.1729, 42.38848 ], [ -83.17326, 42.38851 ], [ -83.17331, 42.38825 ], [ -83.17368, 42.38828 ], [ -83.17372, 42.38802 ], [ -83.17481, 42.38812 ], [ -83.17477, 42.38839 ], [ -83.17513, 42.38843 ], [ -83.17503, 42.38896 ], [ -83.17425, 42.38915 ], [ -83.1742, 42.38942 ], [ -83.17384, 42.38938 ], [ -83.17379, 42.38965 ], [ -83.17343, 42.38961 ], [ -83.17338, 42.38988 ], [ -83.17302, 42.38984 ], [ -83.17297, 42.39011 ], [ -83.1726, 42.39007 ], [ -83.17255, 42.39034 ] ] ] } },
{ "type": "Feature", "properties": { "city": "Detroit", "view": "detected", "cls": "decay", "area_km2": 0.0081 }, "geometry": { "type": "Polygon", "coordinates": [ [ [ -83.22751, 42.39335 ], [ -83.22642, 42.39324 ], [ -83.22656, 42.39244 ], [ -83.22765, 42.39255 ], [ -83.22751, 42.39335 ] ] ] } },
{ "type": "Feature", "properties": { "city": "Detroit", "view": "detected", "cls": "decay", "area_km2": 0.0936 }, "geometry": { "type": "Polygon", "coordinates": [ [ [ -83.21228, 42.39563 ], [ -83.21192, 42.3956 ], [ -83.21197, 42.39533 ], [ -83.21124, 42.39526 ], [ -83.21129, 42.39499 ], [ -83.21056, 42.39492 ], [ -83.2104, 42.39382 ], [ -83.21003, 42.39378 ], [ -83.21038, 42.39192 ], [ -83.21074, 42.39196 ], [ -83.21084, 42.39143 ], [ -83.2112, 42.39146 ], [ -83.2113, 42.39093 ], [ -83.21239, 42.39104 ], [ -83.21224, 42.39184 ], [ -83.21152, 42.39177 ], [ -83.21147, 42.39203 ], [ -83.21183, 42.39207 ], [ -83.21173, 42.3926 ], [ -83.21246, 42.39267 ], [ -83.21241, 42.39294 ], [ -83.21277, 42.39297 ], [ -83.21272, 42.39324 ], [ -83.21345, 42.39331 ], [ -83.21335, 42.39384 ], [ -83.21444, 42.39395 ], [ -83.21454, 42.39342 ], [ -83.21527, 42.39349 ], [ -83.21522, 42.39376 ], [ -83.21486, 42.39372 ], [ -83.21476, 42.39425 ], [ -83.21403, 42.39418 ], [ -83.21393, 42.39471 ], [ -83.21321, 42.39464 ], [ -83.21274, 42.39514 ], [ -83.21238, 42.3951 ], [ -83.21228, 42.39563 ] ] ] } },
{ "type": "Feature", "properties": { "city": "Detroit", "view": "detected", "cls": "decay", "area_km2": 0.0783 }, "geometry": { "type": "Polygon", "coordinates": [ [ [ -82.96102, 42.36778 ], [ -82.96065, 42.36775 ], [ -82.96019, 42.36824 ], [ -82.95983, 42.36821 ], [ -82.95956, 42.36764 ], [ -82.95884, 42.36756 ], [ -82.95837, 42.36806 ], [ -82.95765, 42.36799 ], [ -82.9576, 42.36825 ], [ -82.95687, 42.36818 ], [ -82.95717, 42.36658 ], [ -82.95754, 42.36662 ], [ -82.95769, 42.36582 ], [ -82.95836, 42.36616 ], [ -82.95831, 42.36643 ], [ -82.95868, 42.36646 ], [ -82.95863, 42.36673 ], [ -82.9594, 42.36654 ], [ -82.95935, 42.3668 ], [ -82.95972, 42.36684 ], [ -82.96018, 42.36635 ], [ -82.96127, 42.36646 ], [ -82.96173, 42.36596 ], [ -82.96282, 42.36607 ], [ -82.96236, 42.36657 ], [ -82.96272, 42.3666 ], [ -82.96267, 42.36687 ], [ -82.96231, 42.36683 ], [ -82.96226, 42.3671 ], [ -82.96262, 42.36713 ], [ -82.96257, 42.3674 ], [ -82.96221, 42.36736 ], [ -82.96216, 42.36763 ], [ -82.96252, 42.36767 ], [ -82.96247, 42.36793 ], [ -82.96211, 42.36789 ], [ -82.96206, 42.36816 ], [ -82.96097, 42.36805 ], [ -82.96102, 42.36778 ] ], [ [ -82.96138, 42.36782 ], [ -82.96143, 42.36756 ], [ -82.96107, 42.36752 ], [ -82.96102, 42.36778 ], [ -82.96138, 42.36782 ] ], [ [ -82.95956, 42.36764 ], [ -82.95993, 42.36767 ], [ -82.95998, 42.36741 ], [ -82.95961, 42.36737 ], [ -82.95956, 42.36764 ] ] ] } },
{ "type": "Feature", "properties": { "city": "Detroit", "view": "detected", "cls": "decay", "area_km2": 0.0333 }, "geometry": { "type": "Polygon", "coordinates": [ [ [ -83.21213, 42.39047 ], [ -83.2114, 42.3904 ], [ -83.21145, 42.39013 ], [ -83.21, 42.38999 ], [ -83.21004, 42.38972 ], [ -83.21082, 42.38953 ], [ -83.21087, 42.38926 ], [ -83.21232, 42.38941 ], [ -83.21237, 42.38914 ], [ -83.21419, 42.38932 ], [ -83.21399, 42.39039 ], [ -83.21218, 42.39021 ], [ -83.21213, 42.39047 ] ] ] } },
{ "type": "Feature", "properties": { "city": "Detroit", "view": "detected", "cls": "decay", "area_km2": 0.1332 }, "geometry": { "type": "Polygon", "coordinates": [ [ [ -83.24641, 42.39522 ], [ -83.24532, 42.39511 ], [ -83.24536, 42.39484 ], [ -83.24464, 42.39477 ], [ -83.24469, 42.3945 ], [ -83.24432, 42.39447 ], [ -83.24427, 42.39473 ], [ -83.24355, 42.39466 ], [ -83.2435, 42.39493 ], [ -83.24132, 42.39471 ], [ -83.24151, 42.39365 ], [ -83.24188, 42.39369 ], [ -83.24202, 42.39289 ], [ -83.24275, 42.39296 ], [ -83.2428, 42.39269 ], [ -83.24207, 42.39262 ], [ -83.24222, 42.39182 ], [ -83.24295, 42.3919 ], [ -83.24305, 42.39136 ], [ -83.24377, 42.39144 ], [ -83.24387, 42.3909 ], [ -83.24455, 42.39124 ], [ -83.2446, 42.39098 ], [ -83.24496, 42.39101 ], [ -83.24486, 42.39154 ], [ -83.24523, 42.39158 ], [ -83.24503, 42.39264 ], [ -83.24571, 42.39298 ], [ -83.24566, 42.39325 ], [ -83.24639, 42.39332 ], [ -83.24644, 42.39305 ], [ -83.2468, 42.39309 ], [ -83.24704, 42.39176 ], [ -83.24777, 42.39183 ], [ -83.24772, 42.3921 ], [ -83.24736, 42.39206 ], [ -83.24706, 42.39366 ], [ -83.2467, 42.39362 ], [ -83.24641, 42.39522 ] ] ] } },
{ "type": "Feature", "properties": { "city": "Detroit", "view": "detected", "cls": "decay", "area_km2": 0.3888 }, "geometry": { "type": "Polygon", "coordinates": [ [ [ -83.2354, 42.39467 ], [ -83.23327, 42.39419 ], [ -83.23332, 42.39392 ], [ -83.23296, 42.39389 ], [ -83.23306, 42.39336 ], [ -83.23233, 42.39328 ], [ -83.23243, 42.39275 ], [ -83.2317, 42.39268 ], [ -83.2316, 42.39321 ], [ -83.23015, 42.39307 ], [ -83.2302, 42.3928 ], [ -83.23093, 42.39287 ], [ -83.23097, 42.39261 ], [ -83.22916, 42.39243 ], [ -83.22911, 42.39269 ], [ -83.22984, 42.39277 ], [ -83.22979, 42.39303 ], [ -83.22828, 42.39315 ], [ -83.22833, 42.39289 ], [ -83.22797, 42.39285 ], [ -83.22807, 42.39232 ], [ -83.22443, 42.39196 ], [ -83.22448, 42.39169 ], [ -83.22376, 42.39162 ], [ -83.22385, 42.39109 ], [ -83.22494, 42.3912 ], [ -83.22468, 42.39063 ], [ -83.22504, 42.39067 ], [ -83.22509, 42.3904 ], [ -83.22473, 42.39037 ], [ -83.22478, 42.3901 ], [ -83.2255, 42.39017 ], [ -83.22555, 42.38991 ], [ -83.22592, 42.38994 ], [ -83.22587, 42.39021 ], [ -83.22696, 42.39032 ], [ -83.22715, 42.38925 ], [ -83.22788, 42.38932 ], [ -83.22815, 42.38989 ], [ -83.23183, 42.38998 ], [ -83.23188, 42.38972 ], [ -83.23224, 42.38975 ], [ -83.23234, 42.38922 ], [ -83.23307, 42.3893 ], [ -83.23317, 42.38876 ], [ -83.23462, 42.38891 ], [ -83.23488, 42.38947 ], [ -83.23597, 42.38958 ], [ -83.23624, 42.39015 ], [ -83.2366, 42.39019 ], [ -83.23641, 42.39125 ], [ -83.23677, 42.39129 ], [ -83.23667, 42.39182 ], [ -83.23704, 42.39185 ], [ -83.23638, 42.39341 ], [ -83.23674, 42.39345 ], [ -83.23669, 42.39371 ], [ -83.23742, 42.39379 ], [ -83.23747, 42.39352 ], [ -83.23783, 42.39356 ], [ -83.23778, 42.39382 ], [ -83.23815, 42.39386 ], [ -83.23805, 42.39439 ], [ -83.23732, 42.39432 ], [ -83.23737, 42.39405 ], [ -83.23701, 42.39402 ], [ -83.23696, 42.39428 ], [ -83.23587, 42.39417 ], [ -83.2354, 42.39467 ] ] ] } },
{ "type": "Feature", "properties": { "city": "Detroit", "view": "detected", "cls": "decay", "area_km2": 0.0036 }, "geometry": { "type": "Polygon", "coordinates": [ [ [ -82.92903, 42.35886 ], [ -82.92866, 42.35882 ], [ -82.92876, 42.35829 ], [ -82.9284, 42.35825 ], [ -82.92845, 42.35799 ], [ -82.92918, 42.35806 ], [ -82.92903, 42.35886 ] ] ] } },
{ "type": "Feature", "properties": { "city": "Detroit", "view": "detected", "cls": "decay", "area_km2": 0.0135 }, "geometry": { "type": "Polygon", "coordinates": [ [ [ -82.93121, 42.35908 ], [ -82.93053, 42.35874 ], [ -82.93063, 42.35821 ], [ -82.92995, 42.35787 ], [ -82.93, 42.3576 ], [ -82.93146, 42.35775 ], [ -82.93141, 42.35802 ], [ -82.93177, 42.35805 ], [ -82.93162, 42.35885 ], [ -82.93126, 42.35881 ], [ -82.93121, 42.35908 ] ] ] } },
{ "type": "Feature", "properties": { "city": "Detroit", "view": "detected", "cls": "decay", "area_km2": 0.0099 }, "geometry": { "type": "Polygon", "coordinates": [ [ [ -83.2111, 42.38604 ], [ -83.21037, 42.38597 ], [ -83.21042, 42.3857 ], [ -83.21006, 42.38566 ], [ -83.21015, 42.38513 ], [ -83.21052, 42.38517 ], [ -83.21057, 42.3849 ], [ -83.21093, 42.38494 ], [ -83.21088, 42.3852 ], [ -83.21161, 42.38528 ], [ -83.21151, 42.38581 ], [ -83.21115, 42.38577 ], [ -83.2111, 42.38604 ] ] ] } },
{ "type": "Feature", "properties": { "city": "Detroit", "view": "detected", "cls": "decay", "area_km2": 0.0234 }, "geometry": { "type": "Polygon", "coordinates": [ [ [ -82.93499, 42.35865 ], [ -82.93462, 42.35861 ], [ -82.93472, 42.35808 ], [ -82.934, 42.35801 ], [ -82.9341, 42.35748 ], [ -82.93374, 42.35744 ], [ -82.93466, 42.35645 ], [ -82.93539, 42.35652 ], [ -82.93534, 42.35679 ], [ -82.9357, 42.35683 ], [ -82.9354, 42.35842 ], [ -82.93504, 42.35839 ], [ -82.93499, 42.35865 ] ] ] } },
{ "type": "Feature", "properties": { "city": "Detroit", "view": "detected", "cls": "decay", "area_km2": 0.0747 }, "geometry": { "type": "Polygon", "coordinates": [ [ [ -82.93815, 42.35951 ], [ -82.93743, 42.35944 ], [ -82.93763, 42.35838 ], [ -82.93836, 42.35845 ], [ -82.93846, 42.35792 ], [ -82.93778, 42.35758 ], [ -82.93783, 42.35731 ], [ -82.9371, 42.35724 ], [ -82.93715, 42.35697 ], [ -82.93643, 42.3569 ], [ -82.93648, 42.35663 ], [ -82.93798, 42.35652 ], [ -82.93803, 42.35625 ], [ -82.93948, 42.3564 ], [ -82.93938, 42.35693 ], [ -82.94151, 42.35742 ], [ -82.94177, 42.35798 ], [ -82.941, 42.35818 ], [ -82.94095, 42.35844 ], [ -82.94058, 42.3584 ], [ -82.94053, 42.35867 ], [ -82.94017, 42.35863 ], [ -82.94012, 42.3589 ], [ -82.93939, 42.35883 ], [ -82.93893, 42.35932 ], [ -82.93821, 42.35925 ], [ -82.93815, 42.35951 ] ], [ [ -82.94037, 42.35757 ], [ -82.94042, 42.35731 ], [ -82.94006, 42.35727 ], [ -82.94001, 42.35753 ], [ -82.94037, 42.35757 ] ] ] } },
{ "type": "Feature", "properties": { "city": "Detroit", "view": "detected", "cls": "decay", "area_km2": 0.0054 }, "geometry": { "type": "Polygon", "coordinates": [ [ [ -82.95147, 42.35761 ], [ -82.95074, 42.35754 ], [ -82.95089, 42.35674 ], [ -82.95162, 42.35681 ], [ -82.95147, 42.35761 ] ] ] } },
{ "type": "Feature", "properties": { "city": "Detroit", "view": "detected", "cls": "decay", "area_km2": 0.0108 }, "geometry": { "type": "Polygon", "coordinates": [ [ [ -83.25079, 42.38753 ], [ -83.25006, 42.38745 ], [ -83.25011, 42.38719 ], [ -83.24974, 42.38715 ], [ -83.24989, 42.38635 ], [ -83.25025, 42.38639 ], [ -83.2503, 42.38612 ], [ -83.25098, 42.38646 ], [ -83.25079, 42.38753 ] ] ] } },
{ "type": "Feature", "properties": { "city": "Detroit", "view": "detected", "cls": "decay", "area_km2": 0.009 }, "geometry": { "type": "Polygon", "coordinates": [ [ [ -83.25457, 42.38709 ], [ -83.25311, 42.38694 ], [ -83.25321, 42.38641 ], [ -83.25539, 42.38663 ], [ -83.25534, 42.38689 ], [ -83.25462, 42.38682 ], [ -83.25457, 42.38709 ] ] ] } },
{ "type": "Feature", "properties": { "city": "Detroit", "view": "detected", "cls": "decay", "area_km2": 0.0468 }, "geometry": { "type": "Polygon", "coordinates": [ [ [ -82.94768, 42.35804 ], [ -82.94701, 42.3577 ], [ -82.94711, 42.35717 ], [ -82.94675, 42.35713 ], [ -82.94685, 42.3566 ], [ -82.94648, 42.35656 ], [ -82.94658, 42.35603 ], [ -82.94622, 42.356 ], [ -82.94627, 42.35573 ], [ -82.94772, 42.35588 ], [ -82.94819, 42.35538 ], [ -82.94891, 42.35546 ], [ -82.94917, 42.35602 ], [ -82.9499, 42.3561 ], [ -82.9498, 42.35663 ], [ -82.94902, 42.35682 ], [ -82.94897, 42.35709 ], [ -82.94861, 42.35705 ], [ -82.94851, 42.35758 ], [ -82.94773, 42.35777 ], [ -82.94768, 42.35804 ] ] ] } },
{ "type": "Feature", "properties": { "city": "Detroit", "view": "detected", "cls": "decay", "area_km2": 7.3332 }, "geometry": { "type": "Polygon", "coordinates": [ [ [ -83.24323, 42.42848 ], [ -83.24177, 42.42833 ], [ -83.24182, 42.42807 ], [ -83.24146, 42.42803 ], [ -83.24165, 42.42697 ], [ -83.24202, 42.427 ], [ -83.24217, 42.42621 ], [ -83.2418, 42.42617 ], [ -83.24224, 42.42378 ], [ -83.24188, 42.42374 ], [ -83.24193, 42.42347 ], [ -83.2412, 42.4234 ], [ -83.2411, 42.42393 ], [ -83.24001, 42.42383 ], [ -83.24006, 42.42356 ], [ -83.24043, 42.4236 ], [ -83.24016, 42.42303 ], [ -83.24052, 42.42306 ], [ -83.24067, 42.42227 ], [ -83.24031, 42.42223 ], [ -83.2406, 42.42064 ], [ -83.24024, 42.4206 ], [ -83.24034, 42.42007 ], [ -83.23997, 42.42003 ], [ -83.24012, 42.41923 ], [ -83.24048, 42.41927 ], [ -83.24053, 42.419 ], [ -83.24017, 42.41897 ], [ -83.24022, 42.4187 ], [ -83.24058, 42.41874 ], [ -83.24063, 42.41847 ], [ -83.24027, 42.41844 ], [ -83.24032, 42.41817 ], [ -83.24104, 42.41824 ], [ -83.24114, 42.41771 ], [ -83.24192, 42.41752 ], [ -83.24197, 42.41725 ], [ -83.2427, 42.41732 ], [ -83.24279, 42.41679 ], [ -83.24352, 42.41686 ], [ -83.24357, 42.4166 ], [ -83.24284, 42.41652 ], [ -83.24289, 42.41626 ], [ -83.24071, 42.41604 ], [ -83.24045, 42.41548 ], [ -83.24154, 42.41558 ], [ -83.24163, 42.41505 ], [ -83.242, 42.41509 ], [ -83.24205, 42.41482 ], [ -83.24241, 42.41486 ], [ -83.24236, 42.41512 ], [ -83.24418, 42.4153 ], [ -83.24423, 42.41504 ], [ -83.24496, 42.41511 ], [ -83.24491, 42.41537 ], [ -83.24563, 42.41545 ], [ -83.24558, 42.41571 ], [ -83.24636, 42.41552 ], [ -83.24631, 42.41578 ], [ -83.24667, 42.41582 ], [ -83.24658, 42.41635 ], [ -83.24621, 42.41632 ], [ -83.24616, 42.41658 ], [ -83.24653, 42.41662 ], [ -83.24648, 42.41688 ], [ -83.24539, 42.41678 ], [ -83.24534, 42.41704 ], [ -83.24607, 42.41711 ], [ -83.24597, 42.41765 ], [ -83.24669, 42.41772 ], [ -83.24665, 42.41798 ], [ -83.24701, 42.41802 ], [ -83.24747, 42.41752 ], [ -83.24783, 42.41756 ], [ -83.24798, 42.41676 ], [ -83.24871, 42.41683 ], [ -83.24927, 42.41581 ], [ -83.24859, 42.41547 ], [ -83.24849, 42.416 ], [ -83.24772, 42.41619 ], [ -83.24777, 42.41593 ], [ -83.2474, 42.41589 ], [ -83.2475, 42.41536 ], [ -83.24677, 42.41529 ], [ -83.24682, 42.41502 ], [ -83.24755, 42.41509 ], [ -83.2476, 42.41483 ], [ -83.24869, 42.41494 ], [ -83.24864, 42.4152 ], [ -83.25155, 42.41549 ], [ -83.25172, 42.41659 ], [ -83.25208, 42.41662 ], [ -83.25198, 42.41716 ], [ -83.25234, 42.41719 ], [ -83.25188, 42.41769 ], [ -83.25256, 42.41803 ], [ -83.25251, 42.41829 ], [ -83.25329, 42.4181 ], [ -83.25334, 42.41783 ], [ -83.2537, 42.41787 ], [ -83.25375, 42.4176 ], [ -83.25411, 42.41764 ], [ -83.25406, 42.4179 ], [ -83.25479, 42.41798 ], [ -83.25474, 42.41824 ], [ -83.2562, 42.41838 ], [ -83.25625, 42.41812 ], [ -83.25697, 42.41819 ], [ -83.25678, 42.41925 ], [ -83.25714, 42.41929 ], [ -83.2568, 42.42115 ], [ -83.25716, 42.42119 ], [ -83.25711, 42.42145 ], [ -83.25784, 42.42153 ], [ -83.25779, 42.42179 ], [ -83.25852, 42.42186 ], [ -83.25847, 42.42213 ], [ -83.25992, 42.42227 ], [ -83.26012, 42.42121 ], [ -83.26048, 42.42124 ], [ -83.26053, 42.42098 ], [ -83.26017, 42.42094 ], [ -83.26022, 42.42068 ], [ -83.26058, 42.42071 ], [ -83.26063, 42.42045 ], [ -83.26027, 42.42041 ], [ -83.26031, 42.42014 ], [ -83.26068, 42.42018 ], [ -83.26073, 42.41991 ], [ -83.26036, 42.41988 ], [ -83.26041, 42.41961 ], [ -83.26114, 42.41968 ], [ -83.26104, 42.42022 ], [ -83.2614, 42.42025 ], [ -83.26155, 42.41945 ], [ -83.2601, 42.41931 ], [ -83.26015, 42.41905 ], [ -83.25906, 42.41894 ], [ -83.25879, 42.41837 ], [ -83.25915, 42.41841 ], [ -83.2592, 42.41814 ], [ -83.26102, 42.41832 ], [ -83.26097, 42.41859 ], [ -83.2617, 42.41866 ], [ -83.26165, 42.41892 ], [ -83.26274, 42.41903 ], [ -83.26269, 42.4193 ], [ -83.26342, 42.41937 ], [ -83.26337, 42.41963 ], [ -83.26482, 42.41978 ], [ -83.26478, 42.42004 ], [ -83.26514, 42.42008 ], [ -83.26504, 42.42061 ], [ -83.26654, 42.42049 ], [ -83.26659, 42.42022 ], [ -83.26696, 42.42026 ], [ -83.2671, 42.41946 ], [ -83.26643, 42.41912 ], [ -83.26647, 42.41886 ], [ -83.26502, 42.41871 ], [ -83.26507, 42.41845 ], [ -83.26471, 42.41841 ], [ -83.26527, 42.41738 ], [ -83.26563, 42.41742 ], [ -83.26578, 42.41662 ], [ -83.26359, 42.41641 ], [ -83.26369, 42.41588 ], [ -83.26406, 42.41591 ], [ -83.26411, 42.41565 ], [ -83.2652, 42.41575 ], [ -83.26524, 42.41549 ], [ -83.26592, 42.41582 ], [ -83.26597, 42.41556 ], [ -83.2667, 42.41563 ], [ -83.2668, 42.4151 ], [ -83.26757, 42.4149 ], [ -83.26762, 42.41464 ], [ -83.26799, 42.41467 ], [ -83.26803, 42.41441 ], [ -83.2684, 42.41444 ], [ -83.26845, 42.41418 ], [ -83.26808, 42.41414 ], [ -83.26818, 42.41361 ], [ -83.26709, 42.4135 ], [ -83.26704, 42.41377 ], [ -83.26668, 42.41373 ], [ -83.26673, 42.41347 ], [ -83.26527, 42.41332 ], [ -83.26501, 42.41276 ], [ -83.26423, 42.41295 ], [ -83.26418, 42.41322 ], [ -83.262, 42.413 ], [ -83.26174, 42.41243 ], [ -83.26101, 42.41236 ], [ -83.26121, 42.4113 ], [ -83.26053, 42.41096 ], [ -83.26058, 42.41069 ], [ -83.26021, 42.41066 ], [ -83.2606, 42.40853 ], [ -83.26024, 42.4085 ], [ -83.26034, 42.40796 ], [ -83.25966, 42.40763 ], [ -83.25971, 42.40736 ], [ -83.25898, 42.40729 ], [ -83.25869, 42.40888 ], [ -83.25542, 42.40856 ], [ -83.25547, 42.40829 ], [ -83.2551, 42.40826 ], [ -83.25505, 42.40852 ], [ -83.25469, 42.40849 ], [ -83.25442, 42.40792 ], [ -83.2537, 42.40785 ], [ -83.2536, 42.40838 ], [ -83.25287, 42.40831 ], [ -83.25241, 42.40881 ], [ -83.25132, 42.4087 ], [ -83.25127, 42.40896 ], [ -83.25091, 42.40893 ], [ -83.25096, 42.40866 ], [ -83.25059, 42.40863 ], [ -83.25054, 42.40889 ], [ -83.24945, 42.40878 ], [ -83.2495, 42.40852 ], [ -83.24914, 42.40848 ], [ -83.24924, 42.40795 ], [ -83.24887, 42.40791 ], [ -83.24934, 42.40742 ], [ -83.24897, 42.40738 ], [ -83.24902, 42.40712 ], [ -83.2498, 42.40692 ], [ -83.24985, 42.40666 ], [ -83.25057, 42.40673 ], [ -83.25077, 42.40567 ], [ -83.24968, 42.40556 ], [ -83.24973, 42.40529 ], [ -83.24755, 42.40508 ], [ -83.24706, 42.40774 ], [ -83.24342, 42.40738 ], [ -83.24357, 42.40658 ], [ -83.2443, 42.40665 ], [ -83.24476, 42.40615 ], [ -83.24512, 42.40619 ], [ -83.24517, 42.40592 ], [ -83.24553, 42.40596 ], [ -83.24537, 42.40486 ], [ -83.245, 42.40482 ], [ -83.24535, 42.40296 ], [ -83.24612, 42.40277 ], [ -83.24617, 42.4025 ], [ -83.24799, 42.40268 ], [ -83.2476, 42.40481 ], [ -83.24796, 42.40485 ], [ -83.24806, 42.40431 ], [ -83.24951, 42.40446 ], [ -83.24961, 42.40393 ], [ -83.25034, 42.404 ], [ -83.25039, 42.40373 ], [ -83.25002, 42.4037 ], [ -83.25012, 42.40316 ], [ -83.24976, 42.40313 ], [ -83.24995, 42.40206 ], [ -83.24959, 42.40203 ], [ -83.24969, 42.4015 ], [ -83.24823, 42.40135 ], [ -83.24814, 42.40189 ], [ -83.24596, 42.40167 ], [ -83.24605, 42.40114 ], [ -83.24642, 42.40117 ], [ -83.24647, 42.40091 ], [ -83.24719, 42.40098 ], [ -83.24724, 42.40071 ], [ -83.24833, 42.40082 ], [ -83.24838, 42.40056 ], [ -83.2502, 42.40074 ], [ -83.25025, 42.40047 ], [ -83.25061, 42.40051 ], [ -83.25081, 42.39944 ], [ -83.25117, 42.39948 ], [ -83.25122, 42.39921 ], [ -83.25195, 42.39928 ], [ -83.252, 42.39902 ], [ -83.25127, 42.39895 ], [ -83.25137, 42.39841 ], [ -83.25064, 42.39834 ], [ -83.25069, 42.39808 ], [ -83.25219, 42.39795 ], [ -83.25224, 42.39769 ], [ -83.25333, 42.3978 ], [ -83.25307, 42.39723 ], [ -83.25161, 42.39708 ], [ -83.25166, 42.39682 ], [ -83.2513, 42.39678 ], [ -83.25176, 42.39629 ], [ -83.2514, 42.39625 ], [ -83.25145, 42.39598 ], [ -83.25181, 42.39602 ], [ -83.25186, 42.39575 ], [ -83.25113, 42.39568 ], [ -83.25096, 42.39458 ], [ -83.24987, 42.39448 ], [ -83.24992, 42.39421 ], [ -83.24956, 42.39417 ], [ -83.24864, 42.39517 ], [ -83.24827, 42.39513 ], [ -83.24832, 42.39486 ], [ -83.24723, 42.39476 ], [ -83.24769, 42.39426 ], [ -83.24733, 42.39422 ], [ -83.24748, 42.39343 ], [ -83.24903, 42.39304 ], [ -83.24896, 42.39141 ], [ -83.25005, 42.39151 ], [ -83.24959, 42.39201 ], [ -83.24995, 42.39205 ], [ -83.2499, 42.39231 ], [ -83.24954, 42.39228 ], [ -83.24949, 42.39254 ], [ -83.24985, 42.39258 ], [ -83.24976, 42.39311 ], [ -83.25048, 42.39318 ], [ -83.25094, 42.39269 ], [ -83.25131, 42.39272 ], [ -83.25136, 42.39246 ], [ -83.25172, 42.39249 ], [ -83.25187, 42.39169 ], [ -83.25223, 42.39173 ], [ -83.25228, 42.39146 ], [ -83.25192, 42.39143 ], [ -83.25211, 42.39036 ], [ -83.25175, 42.39033 ], [ -83.25185, 42.3898 ], [ -83.25148, 42.38976 ], [ -83.25194, 42.38927 ], [ -83.25158, 42.38923 ], [ -83.25163, 42.38896 ], [ -83.25241, 42.38877 ], [ -83.25246, 42.3885 ], [ -83.25282, 42.38854 ], [ -83.25287, 42.38827 ], [ -83.25323, 42.38831 ], [ -83.25328, 42.38804 ], [ -83.25401, 42.38812 ], [ -83.25406, 42.38785 ], [ -83.25551, 42.38799 ], [ -83.25546, 42.38826 ], [ -83.25619, 42.38833 ], [ -83.25614, 42.3886 ], [ -83.25723, 42.3887 ], [ -83.25703, 42.38977 ], [ -83.25667, 42.38973 ], [ -83.25662, 42.39 ], [ -83.25698, 42.39003 ], [ -83.25689, 42.39057 ], [ -83.2587, 42.39074 ], [ -83.2588, 42.39021 ], [ -83.25916, 42.39025 ], [ -83.25921, 42.38998 ], [ -83.25885, 42.38995 ], [ -83.25895, 42.38942 ], [ -83.25822, 42.38934 ], [ -83.25868, 42.38885 ], [ -83.25832, 42.38881 ], [ -83.25837, 42.38855 ], [ -83.25987, 42.38842 ], [ -83.25992, 42.38816 ], [ -83.26101, 42.38826 ], [ -83.26118, 42.38936 ], [ -83.26154, 42.3894 ], [ -83.26144, 42.38993 ], [ -83.26217, 42.39 ], [ -83.26171, 42.3905 ], [ -83.26207, 42.39054 ], [ -83.26197, 42.39107 ], [ -83.26306, 42.39117 ], [ -83.26297, 42.39171 ], [ -83.26333, 42.39174 ], [ -83.26308, 42.39307 ], [ -83.26345, 42.39311 ], [ -83.26335, 42.39364 ], [ -83.26371, 42.39368 ], [ -83.26361, 42.39421 ], [ -83.26507, 42.39435 ], [ -83.26553, 42.39385 ], [ -83.26589, 42.39389 ], [ -83.26594, 42.39362 ], [ -83.26631, 42.39366 ], [ -83.2664, 42.39313 ], [ -83.26718, 42.39293 ], [ -83.26723, 42.39267 ], [ -83.26759, 42.3927 ], [ -83.26769, 42.39217 ], [ -83.26847, 42.39198 ], [ -83.26852, 42.39171 ], [ -83.26888, 42.39175 ], [ -83.26893, 42.39148 ], [ -83.26929, 42.39152 ], [ -83.26934, 42.39125 ], [ -83.2697, 42.39129 ], [ -83.2698, 42.39076 ], [ -83.27016, 42.39079 ], [ -83.27036, 42.38973 ], [ -83.26968, 42.38939 ], [ -83.26973, 42.38913 ], [ -83.26864, 42.38902 ], [ -83.26869, 42.38875 ], [ -83.26651, 42.38854 ], [ -83.26697, 42.38804 ], [ -83.26629, 42.3877 ], [ -83.26639, 42.38717 ], [ -83.26566, 42.3871 ], [ -83.26571, 42.38683 ], [ -83.26426, 42.38669 ], [ -83.26431, 42.38642 ], [ -83.26508, 42.38623 ], [ -83.26513, 42.38596 ], [ -83.26659, 42.38611 ], [ -83.26664, 42.38584 ], [ -83.26773, 42.38595 ], [ -83.26778, 42.38568 ], [ -83.26923, 42.38583 ], [ -83.26928, 42.38556 ], [ -83.27146, 42.38578 ], [ -83.27141, 42.38604 ], [ -83.27177, 42.38608 ], [ -83.27168, 42.38661 ], [ -83.27204, 42.38665 ], [ -83.27189, 42.38744 ], [ -83.27257, 42.38778 ], [ -83.27252, 42.38805 ], [ -83.27288, 42.38808 ], [ -83.27274, 42.38888 ], [ -83.27342, 42.38922 ], [ -83.27337, 42.38948 ], [ -83.27409, 42.38956 ], [ -83.27404, 42.38982 ], [ -83.27441, 42.38986 ], [ -83.27431, 42.39039 ], [ -83.27395, 42.39035 ], [ -83.27375, 42.39142 ], [ -83.27339, 42.39138 ], [ -83.27314, 42.39271 ], [ -83.27351, 42.39275 ], [ -83.27321, 42.39434 ], [ -83.27358, 42.39438 ], [ -83.27313, 42.39677 ], [ -83.27391, 42.39658 ], [ -83.27386, 42.39684 ], [ -83.27422, 42.39688 ], [ -83.27413, 42.39741 ], [ -83.27376, 42.39737 ], [ -83.27367, 42.39791 ], [ -83.27294, 42.39783 ], [ -83.27267, 42.39727 ], [ -83.27195, 42.39719 ], [ -83.27165, 42.39879 ], [ -83.27202, 42.39883 ], [ -83.27187, 42.39962 ], [ -83.2726, 42.3997 ], [ -83.27264, 42.39943 ], [ -83.27301, 42.39947 ], [ -83.27296, 42.39973 ], [ -83.27332, 42.39977 ], [ -83.27318, 42.40057 ], [ -83.27453, 42.40124 ], [ -83.27443, 42.40177 ], [ -83.27407, 42.40174 ], [ -83.27363, 42.40413 ], [ -83.27436, 42.4042 ], [ -83.27462, 42.40477 ], [ -83.27499, 42.4048 ], [ -83.27489, 42.40534 ], [ -83.27561, 42.40541 ], [ -83.27552, 42.40594 ], [ -83.27515, 42.4059 ], [ -83.2751, 42.40617 ], [ -83.27401, 42.40606 ], [ -83.27396, 42.40633 ], [ -83.27251, 42.40619 ], [ -83.27246, 42.40645 ], [ -83.2721, 42.40642 ], [ -83.27195, 42.40721 ], [ -83.27118, 42.40741 ], [ -83.27103, 42.40821 ], [ -83.27171, 42.40854 ], [ -83.27166, 42.40881 ], [ -83.27202, 42.40884 ], [ -83.27197, 42.40911 ], [ -83.27234, 42.40915 ], [ -83.27229, 42.40941 ], [ -83.27265, 42.40945 ], [ -83.27311, 42.40895 ], [ -83.27348, 42.40899 ], [ -83.27352, 42.40872 ], [ -83.27389, 42.40876 ], [ -83.27394, 42.40849 ], [ -83.2743, 42.40853 ], [ -83.2742, 42.40906 ], [ -83.27488, 42.4094 ], [ -83.27478, 42.40993 ], [ -83.27515, 42.40996 ], [ -83.27505, 42.4105 ], [ -83.27573, 42.41083 ], [ -83.27568, 42.4111 ], [ -83.27531, 42.41106 ], [ -83.27558, 42.41163 ], [ -83.27522, 42.4116 ], [ -83.27482, 42.41372 ], [ -83.2741, 42.41365 ], [ -83.274, 42.41418 ], [ -83.27327, 42.41411 ], [ -83.27322, 42.41438 ], [ -83.27395, 42.41445 ], [ -83.27422, 42.41502 ], [ -83.27458, 42.41505 ], [ -83.27453, 42.41532 ], [ -83.2738, 42.41525 ], [ -83.27366, 42.41605 ], [ -83.27438, 42.41612 ], [ -83.27392, 42.41661 ], [ -83.27429, 42.41665 ], [ -83.27409, 42.41771 ], [ -83.27445, 42.41775 ], [ -83.2744, 42.41801 ], [ -83.27404, 42.41798 ], [ -83.27431, 42.41855 ], [ -83.27394, 42.41851 ], [ -83.2738, 42.41931 ], [ -83.27416, 42.41934 ], [ -83.27401, 42.42014 ], [ -83.27365, 42.42011 ], [ -83.27355, 42.42064 ], [ -83.27319, 42.4206 ], [ -83.27309, 42.42113 ], [ -83.27236, 42.42106 ], [ -83.2719, 42.42156 ], [ -83.27045, 42.42141 ], [ -83.27049, 42.42115 ], [ -83.27013, 42.42111 ], [ -83.27008, 42.42138 ], [ -83.26972, 42.42134 ], [ -83.26967, 42.42161 ], [ -83.27003, 42.42164 ], [ -83.26994, 42.42218 ], [ -83.27066, 42.42225 ], [ -83.27061, 42.42251 ], [ -83.27212, 42.42239 ], [ -83.27207, 42.42266 ], [ -83.27243, 42.42269 ], [ -83.2725, 42.42432 ], [ -83.27214, 42.42429 ], [ -83.27204, 42.42482 ], [ -83.26986, 42.42461 ], [ -83.27012, 42.42517 ], [ -83.26976, 42.42514 ], [ -83.26961, 42.42594 ], [ -83.26998, 42.42597 ], [ -83.26988, 42.4265 ], [ -83.27024, 42.42654 ], [ -83.27, 42.42787 ], [ -83.26927, 42.4278 ], [ -83.26932, 42.42753 ], [ -83.26896, 42.42749 ], [ -83.26915, 42.42643 ], [ -83.26847, 42.42609 ], [ -83.26857, 42.42556 ], [ -83.26748, 42.42545 ], [ -83.26738, 42.42599 ], [ -83.26702, 42.42595 ], [ -83.26697, 42.42622 ], [ -83.26733, 42.42625 ], [ -83.26714, 42.42732 ], [ -83.26677, 42.42728 ], [ -83.26663, 42.42808 ], [ -83.2659, 42.42801 ], [ -83.26595, 42.42774 ], [ -83.26449, 42.4276 ], [ -83.26403, 42.42809 ], [ -83.26367, 42.42806 ], [ -83.26362, 42.42832 ], [ -83.26326, 42.42829 ], [ -83.26321, 42.42855 ], [ -83.26248, 42.42848 ], [ -83.26243, 42.42875 ], [ -83.25988, 42.4285 ], [ -83.25993, 42.42823 ], [ -83.25848, 42.42809 ], [ -83.25853, 42.42782 ], [ -83.2578, 42.42775 ], [ -83.25785, 42.42748 ], [ -83.25712, 42.42741 ], [ -83.25717, 42.42715 ], [ -83.25562, 42.42753 ], [ -83.25572, 42.427 ], [ -83.25504, 42.42666 ], [ -83.25509, 42.4264 ], [ -83.25363, 42.42625 ], [ -83.25358, 42.42652 ], [ -83.25286, 42.42645 ], [ -83.2524, 42.42694 ], [ -83.25203, 42.42691 ], [ -83.25198, 42.42717 ], [ -83.25162, 42.42714 ], [ -83.25152, 42.42767 ], [ -83.25075, 42.42786 ], [ -83.2507, 42.42813 ], [ -83.25033, 42.42809 ], [ -83.25007, 42.42753 ], [ -83.2497, 42.42749 ], [ -83.24985, 42.42669 ], [ -83.25021, 42.42673 ], [ -83.25031, 42.4262 ], [ -83.25068, 42.42623 ], [ -83.25073, 42.42597 ], [ -83.25, 42.4259 ], [ -83.25005, 42.42563 ], [ -83.24896, 42.42552 ], [ -83.24901, 42.42526 ], [ -83.24828, 42.42518 ], [ -83.24818, 42.42572 ], [ -83.24782, 42.42568 ], [ -83.24777, 42.42595 ], [ -83.24813, 42.42598 ], [ -83.24793, 42.42705 ], [ -83.24861, 42.42738 ], [ -83.24856, 42.42765 ], [ -83.24893, 42.42769 ], [ -83.24888, 42.42795 ], [ -83.24815, 42.42788 ], [ -83.24805, 42.42841 ], [ -83.24733, 42.42834 ], [ -83.24728, 42.42861 ], [ -83.24509, 42.42839 ], [ -83.24514, 42.42812 ], [ -83.24405, 42.42802 ], [ -83.2443, 42.42669 ], [ -83.24466, 42.42672 ], [ -83.24476, 42.42619 ], [ -83.24512, 42.42623 ], [ -83.24527, 42.42543 ], [ -83.24459, 42.42509 ], [ -83.24464, 42.42483 ], [ -83.24391, 42.42475 ], [ -83.24337, 42.42768 ], [ -83.24374, 42.42771 ], [ -83.24369, 42.42798 ], [ -83.24333, 42.42794 ], [ -83.24323, 42.42848 ] ], [ [ -83.24583, 42.4244 ], [ -83.24629, 42.42391 ], [ -83.24666, 42.42394 ], [ -83.24705, 42.42181 ], [ -83.24669, 42.42178 ], [ -83.24678, 42.42125 ], [ -83.24533, 42.4211 ], [ -83.24543, 42.42057 ], [ -83.24475, 42.42023 ], [ -83.24465, 42.42076 ], [ -83.24501, 42.4208 ], [ -83.24455, 42.4213 ], [ -83.24492, 42.42133 ], [ -83.24443, 42.42399 ], [ -83.24479, 42.42403 ], [ -83.24474, 42.42429 ], [ -83.24583, 42.4244 ] ], [ [ -83.25684, 42.40085 ], [ -83.25689, 42.40058 ], [ -83.25943, 42.40083 ], [ -83.25948, 42.40057 ], [ -83.26275, 42.40089 ], [ -83.26321, 42.4004 ], [ -83.26503, 42.40057 ], [ -83.26508, 42.40031 ], [ -83.26617, 42.40042 ], [ -83.26622, 42.40015 ], [ -83.27022, 42.40054 ], [ -83.27068, 42.40005 ], [ -83.27104, 42.40008 ], [ -83.27109, 42.39982 ], [ -83.26891, 42.3996 ], [ -83.26865, 42.39904 ], [ -83.26756, 42.39893 ], [ -83.26709, 42.39942 ], [ -83.26673, 42.39939 ], [ -83.26668, 42.39965 ], [ -83.26596, 42.39958 ], [ -83.266, 42.39932 ], [ -83.26491, 42.39921 ], [ -83.26486, 42.39947 ], [ -83.26414, 42.3994 ], [ -83.26409, 42.39967 ], [ -83.26227, 42.39949 ], [ -83.26222, 42.39976 ], [ -83.26004, 42.39954 ], [ -83.26009, 42.39927 ], [ -83.25931, 42.39947 ], [ -83.25936, 42.3992 ], [ -83.25609, 42.39888 ], [ -83.25599, 42.39941 ], [ -83.25563, 42.39938 ], [ -83.25558, 42.39964 ], [ -83.25485, 42.39957 ], [ -83.2549, 42.3993 ], [ -83.25345, 42.39916 ], [ -83.25335, 42.39969 ], [ -83.25299, 42.39966 ], [ -83.25289, 42.40019 ], [ -83.25367, 42.39999 ], [ -83.25362, 42.40026 ], [ -83.25616, 42.40051 ], [ -83.25611, 42.40078 ], [ -83.25684, 42.40085 ] ], [ [ -83.25634, 42.39755 ], [ -83.2568, 42.39705 ], [ -83.25862, 42.39723 ], [ -83.25871, 42.3967 ], [ -83.25908, 42.39674 ], [ -83.25913, 42.39647 ], [ -83.25876, 42.39644 ], [ -83.25881, 42.39617 ], [ -83.25918, 42.39621 ], [ -83.25922, 42.39594 ], [ -83.25886, 42.3959 ], [ -83.25896, 42.39537 ], [ -83.25642, 42.39512 ], [ -83.25637, 42.39539 ], [ -83.25746, 42.3955 ], [ -83.25731, 42.39629 ], [ -83.25695, 42.39626 ], [ -83.257, 42.39599 ], [ -83.25627, 42.39592 ], [ -83.25622, 42.39619 ], [ -83.25586, 42.39615 ], [ -83.25576, 42.39668 ], [ -83.25503, 42.39661 ], [ -83.25498, 42.39688 ], [ -83.25425, 42.3968 ], [ -83.25421, 42.39707 ], [ -83.25384, 42.39703 ], [ -83.25379, 42.3973 ], [ -83.25634, 42.39755 ] ], [ [ -83.25817, 42.40369 ], [ -83.25863, 42.40319 ], [ -83.25936, 42.40326 ], [ -83.25945, 42.40273 ], [ -83.26023, 42.40254 ], [ -83.26028, 42.40227 ], [ -83.26101, 42.40234 ], [ -83.2611, 42.40181 ], [ -83.25892, 42.4016 ], [ -83.25897, 42.40133 ], [ -83.25788, 42.40122 ], [ -83.25778, 42.40175 ], [ -83.25742, 42.40172 ], [ -83.25747, 42.40145 ], [ -83.25638, 42.40135 ], [ -83.25623, 42.40214 ], [ -83.25764, 42.40255 ], [ -83.2578, 42.40365 ], [ -83.25817, 42.40369 ] ], [ [ -83.26255, 42.396 ], [ -83.26259, 42.39573 ], [ -83.26223, 42.3957 ], [ -83.26218, 42.39596 ], [ -83.26255, 42.396 ] ], [ [ -83.26879, 42.39824 ], [ -83.26884, 42.39797 ], [ -83.26848, 42.39794 ], [ -83.26858, 42.3974 ], [ -83.26785, 42.39733 ], [ -83.2678, 42.3976 ], [ -83.26816, 42.39763 ], [ -83.26807, 42.39817 ], [ -83.26879, 42.39824 ] ], [ [ -83.26785, 42.39733 ], [ -83.2679, 42.39707 ], [ -83.26754, 42.39703 ], [ -83.26758, 42.39676 ], [ -83.26649, 42.39666 ], [ -83.26659, 42.39613 ], [ -83.26477, 42.39595 ], [ -83.26473, 42.39621 ], [ -83.26509, 42.39625 ], [ -83.26499, 42.39678 ], [ -83.26463, 42.39674 ], [ -83.26458, 42.39701 ], [ -83.26385, 42.39694 ], [ -83.26375, 42.39747 ], [ -83.26412, 42.39751 ], [ -83.26407, 42.39777 ], [ -83.26516, 42.39788 ], [ -83.26511, 42.39815 ], [ -83.26547, 42.39818 ], [ -83.26552, 42.39792 ], [ -83.26661, 42.39802 ], [ -83.26707, 42.39753 ], [ -83.26744, 42.39756 ], [ -83.26749, 42.3973 ], [ -83.26785, 42.39733 ] ], [ [ -83.25982, 42.4228 ], [ -83.25987, 42.42254 ], [ -83.25915, 42.42247 ], [ -83.2591, 42.42273 ], [ -83.25982, 42.4228 ] ], [ [ -83.26052, 42.42504 ], [ -83.26062, 42.42451 ], [ -83.26098, 42.42454 ], [ -83.26103, 42.42428 ], [ -83.26067, 42.42424 ], [ -83.26077, 42.42371 ], [ -83.25968, 42.4236 ], [ -83.25963, 42.42387 ], [ -83.26035, 42.42394 ], [ -83.26031, 42.42421 ], [ -83.25958, 42.42413 ], [ -83.25943, 42.42493 ], [ -83.26052, 42.42504 ] ], [ [ -83.27272, 42.397 ], [ -83.27277, 42.39673 ], [ -83.27241, 42.3967 ], [ -83.27236, 42.39696 ], [ -83.27272, 42.397 ] ], [ [ -83.27043, 42.41952 ], [ -83.27052, 42.41899 ], [ -83.27089, 42.41902 ], [ -83.27094, 42.41876 ], [ -83.27026, 42.41842 ], [ -83.27031, 42.41815 ], [ -83.26958, 42.41808 ], [ -83.26948, 42.41861 ], [ -83.26912, 42.41858 ], [ -83.26907, 42.41884 ], [ -83.26943, 42.41888 ], [ -83.26933, 42.41941 ], [ -83.27043, 42.41952 ] ], [ [ -83.27244, 42.40455 ], [ -83.27254, 42.40402 ], [ -83.2729, 42.40406 ], [ -83.27295, 42.40379 ], [ -83.27186, 42.40368 ], [ -83.27213, 42.40425 ], [ -83.27176, 42.40422 ], [ -83.27171, 42.40448 ], [ -83.27244, 42.40455 ] ] ] } },
{ "type": "Feature", "properties": { "city": "Detroit", "view": "detected", "cls": "decay", "area_km2": 0.0936 }, "geometry": { "type": "Polygon", "coordinates": [ [ [ -82.9551, 42.35798 ], [ -82.95442, 42.35764 ], [ -82.95447, 42.35737 ], [ -82.95411, 42.35734 ], [ -82.95421, 42.3568 ], [ -82.95353, 42.35646 ], [ -82.95358, 42.3562 ], [ -82.95286, 42.35613 ], [ -82.95296, 42.35559 ], [ -82.95332, 42.35563 ], [ -82.95347, 42.35483 ], [ -82.95425, 42.35464 ], [ -82.9543, 42.35438 ], [ -82.95466, 42.35441 ], [ -82.95471, 42.35415 ], [ -82.95544, 42.35422 ], [ -82.95539, 42.35449 ], [ -82.95647, 42.3546 ], [ -82.95637, 42.35513 ], [ -82.95705, 42.35547 ], [ -82.957, 42.35573 ], [ -82.95736, 42.35577 ], [ -82.95726, 42.3563 ], [ -82.95763, 42.35634 ], [ -82.95758, 42.3566 ], [ -82.9583, 42.35668 ], [ -82.95857, 42.35724 ], [ -82.95893, 42.35728 ], [ -82.95883, 42.35781 ], [ -82.95846, 42.35778 ], [ -82.95841, 42.35804 ], [ -82.95701, 42.35763 ], [ -82.95696, 42.35789 ], [ -82.95624, 42.35782 ], [ -82.95597, 42.35725 ], [ -82.95561, 42.35722 ], [ -82.95571, 42.35668 ], [ -82.95607, 42.35672 ], [ -82.95627, 42.35566 ], [ -82.95555, 42.35559 ], [ -82.9556, 42.35532 ], [ -82.95524, 42.35528 ], [ -82.95519, 42.35555 ], [ -82.95482, 42.35551 ], [ -82.95467, 42.35631 ], [ -82.95431, 42.35627 ], [ -82.95426, 42.35654 ], [ -82.95493, 42.35688 ], [ -82.95488, 42.35714 ], [ -82.95525, 42.35718 ], [ -82.9551, 42.35798 ] ] ] } },
{ "type": "Feature", "properties": { "city": "Detroit", "view": "detected", "cls": "decay", "area_km2": 0.0054 }, "geometry": { "type": "Polygon", "coordinates": [ [ [ -83.14445, 42.37427 ], [ -83.14409, 42.37424 ], [ -83.14424, 42.37344 ], [ -83.14502, 42.37325 ], [ -83.14487, 42.37404 ], [ -83.1445, 42.37401 ], [ -83.14445, 42.37427 ] ] ] } },
{ "type": "Feature", "properties": { "city": "Detroit", "view": "detected", "cls": "decay", "area_km2": 0.009 }, "geometry": { "type": "Polygon", "coordinates": [ [ [ -83.19474, 42.37846 ], [ -83.19365, 42.37835 ], [ -83.19375, 42.37782 ], [ -83.19452, 42.37763 ], [ -83.19457, 42.37736 ], [ -83.19525, 42.3777 ], [ -83.1952, 42.37796 ], [ -83.19484, 42.37793 ], [ -83.19474, 42.37846 ] ] ] } },
{ "type": "Feature", "properties": { "city": "Detroit", "view": "detected", "cls": "decay", "area_km2": 0.0081 }, "geometry": { "type": "Polygon", "coordinates": [ [ [ -83.19997, 42.37817 ], [ -83.19852, 42.37802 ], [ -83.19862, 42.37749 ], [ -83.19939, 42.3773 ], [ -83.19934, 42.37756 ], [ -83.20007, 42.37763 ], [ -83.19997, 42.37817 ] ] ] } },
{ "type": "Feature", "properties": { "city": "Detroit", "view": "detected", "cls": "decay", "area_km2": 0.0279 }, "geometry": { "type": "Polygon", "coordinates": [ [ [ -83.25537, 42.38473 ], [ -83.25428, 42.38462 ], [ -83.25433, 42.38436 ], [ -83.25397, 42.38432 ], [ -83.25411, 42.38352 ], [ -83.25375, 42.38349 ], [ -83.254, 42.38216 ], [ -83.25472, 42.38223 ], [ -83.25499, 42.3828 ], [ -83.25535, 42.38283 ], [ -83.25515, 42.3839 ], [ -83.25552, 42.38393 ], [ -83.25537, 42.38473 ] ] ] } },
{ "type": "Feature", "properties": { "city": "Detroit", "view": "detected", "cls": "decay", "area_km2": 0.0027 }, "geometry": { "type": "Polygon", "coordinates": [ [ [ -83.00621, 42.35772 ], [ -83.00584, 42.35768 ], [ -83.00594, 42.35715 ], [ -83.00667, 42.35722 ], [ -83.00662, 42.35749 ], [ -83.00626, 42.35745 ], [ -83.00621, 42.35772 ] ] ] } },
{ "type": "Feature", "properties": { "city": "Detroit", "view": "detected", "cls": "decay", "area_km2": 0.0081 }, "geometry": { "type": "Polygon", "coordinates": [ [ [ -82.97856, 42.3552 ], [ -82.97783, 42.35513 ], [ -82.97788, 42.35486 ], [ -82.97752, 42.35483 ], [ -82.97767, 42.35403 ], [ -82.9784, 42.3541 ], [ -82.97856, 42.3552 ] ] ] } },
{ "type": "Feature", "properties": { "city": "Detroit", "view": "detected", "cls": "decay", "area_km2": 0.0036 }, "geometry": { "type": "Polygon", "coordinates": [ [ [ -82.98031, 42.35375 ], [ -82.97959, 42.35368 ], [ -82.97969, 42.35315 ], [ -82.98041, 42.35322 ], [ -82.98031, 42.35375 ] ] ] } },
{ "type": "Feature", "properties": { "city": "Detroit", "view": "detected", "cls": "decay", "area_km2": 0.0027 }, "geometry": { "type": "Polygon", "coordinates": [ [ [ -83.20529, 42.37544 ], [ -83.20456, 42.37537 ], [ -83.20502, 42.37488 ], [ -83.20539, 42.37491 ], [ -83.20529, 42.37544 ] ] ] } },
{ "type": "Feature", "properties": { "city": "Detroit", "view": "detected", "cls": "decay", "area_km2": 0.0144 }, "geometry": { "type": "Polygon", "coordinates": [ [ [ -82.96563, 42.35119 ], [ -82.96526, 42.35115 ], [ -82.96531, 42.35088 ], [ -82.96423, 42.35077 ], [ -82.96438, 42.34998 ], [ -82.96583, 42.35012 ], [ -82.96609, 42.35069 ], [ -82.96645, 42.35073 ], [ -82.9664, 42.35099 ], [ -82.96568, 42.35092 ], [ -82.96563, 42.35119 ] ] ] } },
{ "type": "Feature", "properties": { "city": "Detroit", "view": "detected", "cls": "decay", "area_km2": 0.0027 }, "geometry": { "type": "Polygon", "coordinates": [ [ [ -83.23087, 42.37716 ], [ -83.23014, 42.37709 ], [ -83.2306, 42.3766 ], [ -83.23097, 42.37663 ], [ -83.23087, 42.37716 ] ] ] } },
{ "type": "Feature", "properties": { "city": "Detroit", "view": "detected", "cls": "decay", "area_km2": 0.0027 }, "geometry": { "type": "Polygon", "coordinates": [ [ [ -82.96796, 42.35061 ], [ -82.96687, 42.3505 ], [ -82.96692, 42.35023 ], [ -82.96801, 42.35034 ], [ -82.96796, 42.35061 ] ] ] } },
{ "type": "Feature", "properties": { "city": "Detroit", "view": "detected", "cls": "decay", "area_km2": 0.0036 }, "geometry": { "type": "Polygon", "coordinates": [ [ [ -82.98606, 42.35271 ], [ -82.9857, 42.35267 ], [ -82.98585, 42.35187 ], [ -82.98657, 42.35195 ], [ -82.98652, 42.35221 ], [ -82.98616, 42.35218 ], [ -82.98606, 42.35271 ] ] ] } },
{ "type": "Feature", "properties": { "city": "Detroit", "view": "detected", "cls": "decay", "area_km2": 0.3699 }, "geometry": { "type": "Polygon", "coordinates": [ [ [ -83.25101, 42.3843 ], [ -83.25028, 42.38423 ], [ -83.25048, 42.38316 ], [ -83.25012, 42.38313 ], [ -83.25051, 42.381 ], [ -83.25087, 42.38104 ], [ -83.25122, 42.37918 ], [ -83.25376, 42.37943 ], [ -83.25381, 42.37916 ], [ -83.25417, 42.3792 ], [ -83.25412, 42.37946 ], [ -83.25449, 42.3795 ], [ -83.25453, 42.37923 ], [ -83.25562, 42.37934 ], [ -83.25609, 42.37884 ], [ -83.25645, 42.37888 ], [ -83.2565, 42.37861 ], [ -83.25723, 42.37869 ], [ -83.25727, 42.37842 ], [ -83.25655, 42.37835 ], [ -83.2566, 42.37808 ], [ -83.25696, 42.37812 ], [ -83.25716, 42.37705 ], [ -83.25788, 42.37713 ], [ -83.25774, 42.37792 ], [ -83.25846, 42.378 ], [ -83.25841, 42.37826 ], [ -83.26023, 42.37844 ], [ -83.26013, 42.37897 ], [ -83.2605, 42.37901 ], [ -83.2603, 42.38007 ], [ -83.26098, 42.38041 ], [ -83.26114, 42.38151 ], [ -83.26151, 42.38155 ], [ -83.26126, 42.38287 ], [ -83.26163, 42.38291 ], [ -83.26158, 42.38318 ], [ -83.26267, 42.38328 ], [ -83.26313, 42.38279 ], [ -83.26349, 42.38282 ], [ -83.26354, 42.38256 ], [ -83.26427, 42.38263 ], [ -83.26453, 42.3832 ], [ -83.2649, 42.38323 ], [ -83.2647, 42.3843 ], [ -83.26506, 42.38433 ], [ -83.26502, 42.3846 ], [ -83.26579, 42.3844 ], [ -83.26589, 42.38387 ], [ -83.26739, 42.38375 ], [ -83.26744, 42.38348 ], [ -83.26885, 42.38389 ], [ -83.2688, 42.38416 ], [ -83.27025, 42.3843 ], [ -83.27015, 42.38483 ], [ -83.26979, 42.3848 ], [ -83.26974, 42.38506 ], [ -83.26792, 42.38489 ], [ -83.26787, 42.38515 ], [ -83.26497, 42.38486 ], [ -83.26492, 42.38513 ], [ -83.26274, 42.38492 ], [ -83.26279, 42.38465 ], [ -83.26206, 42.38458 ], [ -83.26201, 42.38484 ], [ -83.26092, 42.38474 ], [ -83.26065, 42.38417 ], [ -83.25993, 42.3841 ], [ -83.26007, 42.3833 ], [ -83.2594, 42.38296 ], [ -83.25945, 42.3827 ], [ -83.25908, 42.38266 ], [ -83.25913, 42.38239 ], [ -83.25877, 42.38236 ], [ -83.25882, 42.38209 ], [ -83.25845, 42.38206 ], [ -83.2585, 42.38179 ], [ -83.25596, 42.38154 ], [ -83.25611, 42.38074 ], [ -83.25647, 42.38078 ], [ -83.25652, 42.38051 ], [ -83.25616, 42.38048 ], [ -83.2562, 42.38021 ], [ -83.25548, 42.38014 ], [ -83.25553, 42.37987 ], [ -83.25407, 42.37973 ], [ -83.25402, 42.37999 ], [ -83.25366, 42.37996 ], [ -83.25351, 42.38076 ], [ -83.25279, 42.38068 ], [ -83.25233, 42.38118 ], [ -83.25196, 42.38114 ], [ -83.25157, 42.38327 ], [ -83.25121, 42.38324 ], [ -83.25111, 42.38377 ], [ -83.25075, 42.38373 ], [ -83.25101, 42.3843 ] ], [ [ -83.25865, 42.38099 ], [ -83.25911, 42.3805 ], [ -83.25947, 42.38053 ], [ -83.25952, 42.38027 ], [ -83.25989, 42.3803 ], [ -83.25999, 42.37977 ], [ -83.25926, 42.3797 ], [ -83.25936, 42.37917 ], [ -83.25827, 42.37906 ], [ -83.25797, 42.38065 ], [ -83.25865, 42.38099 ] ] ] } },
{ "type": "Feature", "properties": { "city": "Detroit", "view": "detected", "cls": "decay", "area_km2": 0.0189 }, "geometry": { "type": "Polygon", "coordinates": [ [ [ -83.21341, 42.37354 ], [ -83.21159, 42.37336 ], [ -83.21164, 42.37309 ], [ -83.21128, 42.37306 ], [ -83.21123, 42.37332 ], [ -83.21087, 42.37329 ], [ -83.2106, 42.37272 ], [ -83.21205, 42.37286 ], [ -83.2121, 42.3726 ], [ -83.21392, 42.37278 ], [ -83.21418, 42.37335 ], [ -83.21346, 42.37327 ], [ -83.21341, 42.37354 ] ] ] } },
{ "type": "Feature", "properties": { "city": "Detroit", "view": "detected", "cls": "decay", "area_km2": 0.0072 }, "geometry": { "type": "Polygon", "coordinates": [ [ [ -83.25433, 42.37434 ], [ -83.2536, 42.37427 ], [ -83.25375, 42.37347 ], [ -83.25484, 42.37358 ], [ -83.25474, 42.37411 ], [ -83.25438, 42.37407 ], [ -83.25433, 42.37434 ] ] ] } },
{ "type": "Feature", "properties": { "city": "Detroit", "view": "detected", "cls": "decay", "area_km2": 0.0144 }, "geometry": { "type": "Polygon", "coordinates": [ [ [ -82.99691, 42.34811 ], [ -82.99655, 42.34808 ], [ -82.99665, 42.34755 ], [ -82.99629, 42.34751 ], [ -82.99634, 42.34724 ], [ -82.9967, 42.34728 ], [ -82.9968, 42.34675 ], [ -82.99716, 42.34679 ], [ -82.99721, 42.34652 ], [ -82.99794, 42.34659 ], [ -82.99769, 42.34792 ], [ -82.99696, 42.34785 ], [ -82.99691, 42.34811 ] ] ] } },
{ "type": "Feature", "properties": { "city": "Detroit", "view": "detected", "cls": "decay", "area_km2": 0.2421 }, "geometry": { "type": "Polygon", "coordinates": [ [ [ -83.25192, 42.37735 ], [ -83.25156, 42.37731 ], [ -83.25161, 42.37705 ], [ -83.25052, 42.37694 ], [ -83.25047, 42.37721 ], [ -83.24793, 42.37696 ], [ -83.24802, 42.37642 ], [ -83.24766, 42.37639 ], [ -83.24776, 42.37586 ], [ -83.24739, 42.37582 ], [ -83.24744, 42.37555 ], [ -83.24781, 42.37559 ], [ -83.24791, 42.37506 ], [ -83.24827, 42.37509 ], [ -83.24846, 42.37403 ], [ -83.24883, 42.37407 ], [ -83.24898, 42.37327 ], [ -83.24789, 42.37316 ], [ -83.24793, 42.3729 ], [ -83.24721, 42.37282 ], [ -83.24735, 42.37203 ], [ -83.24772, 42.37206 ], [ -83.24777, 42.3718 ], [ -83.25072, 42.37182 ], [ -83.25067, 42.37208 ], [ -83.2514, 42.37215 ], [ -83.2513, 42.37269 ], [ -83.25167, 42.37272 ], [ -83.25176, 42.37219 ], [ -83.25249, 42.37226 ], [ -83.25259, 42.37173 ], [ -83.25368, 42.37184 ], [ -83.25275, 42.37689 ], [ -83.25197, 42.37708 ], [ -83.25192, 42.37735 ] ] ] } },
{ "type": "Feature", "properties": { "city": "Detroit", "view": "detected", "cls": "decay", "area_km2": 0.0072 }, "geometry": { "type": "Polygon", "coordinates": [ [ [ -83.20993, 42.36832 ], [ -83.20884, 42.36821 ], [ -83.20858, 42.36765 ], [ -83.20931, 42.36772 ], [ -83.20936, 42.36745 ], [ -83.20972, 42.36749 ], [ -83.20967, 42.36776 ], [ -83.21003, 42.36779 ], [ -83.20993, 42.36832 ] ] ] } },
{ "type": "Feature", "properties": { "city": "Detroit", "view": "detected", "cls": "decay", "area_km2": 0.1764 }, "geometry": { "type": "Polygon", "coordinates": [ [ [ -83.15201, 42.36744 ], [ -83.14911, 42.36715 ], [ -83.14916, 42.36689 ], [ -83.14879, 42.36685 ], [ -83.14904, 42.36552 ], [ -83.14868, 42.36549 ], [ -83.14883, 42.36469 ], [ -83.14846, 42.36465 ], [ -83.14851, 42.36439 ], [ -83.14929, 42.36419 ], [ -83.14934, 42.36393 ], [ -83.1497, 42.36396 ], [ -83.14985, 42.36317 ], [ -83.14949, 42.36313 ], [ -83.14958, 42.3626 ], [ -83.14995, 42.36263 ], [ -83.15005, 42.3621 ], [ -83.14968, 42.36207 ], [ -83.14973, 42.3618 ], [ -83.1501, 42.36184 ], [ -83.15019, 42.36131 ], [ -83.15087, 42.36164 ], [ -83.15072, 42.36244 ], [ -83.15036, 42.3624 ], [ -83.15031, 42.36267 ], [ -83.15067, 42.36271 ], [ -83.15062, 42.36297 ], [ -83.15099, 42.36301 ], [ -83.15104, 42.36274 ], [ -83.15176, 42.36282 ], [ -83.15181, 42.36255 ], [ -83.15254, 42.36262 ], [ -83.1528, 42.36319 ], [ -83.15317, 42.36323 ], [ -83.15312, 42.36349 ], [ -83.15348, 42.36353 ], [ -83.15333, 42.36433 ], [ -83.15479, 42.36447 ], [ -83.15474, 42.36474 ], [ -83.1551, 42.36477 ], [ -83.155, 42.3653 ], [ -83.15464, 42.36527 ], [ -83.15459, 42.36553 ], [ -83.15318, 42.36512 ], [ -83.15272, 42.36562 ], [ -83.15236, 42.36558 ], [ -83.15231, 42.36585 ], [ -83.15195, 42.36581 ], [ -83.1518, 42.36661 ], [ -83.15253, 42.36668 ], [ -83.15243, 42.36721 ], [ -83.15206, 42.36718 ], [ -83.15201, 42.36744 ] ] ] } },
{ "type": "Feature", "properties": { "city": "Detroit", "view": "detected", "cls": "decay", "area_km2": 0.0045 }, "geometry": { "type": "Polygon", "coordinates": [ [ [ -83.242, 42.37096 ], [ -83.24128, 42.37088 ], [ -83.24142, 42.37009 ], [ -83.2421, 42.37042 ], [ -83.242, 42.37096 ] ] ] } },
{ "type": "Feature", "properties": { "city": "Detroit", "view": "detected", "cls": "decay", "area_km2": 0.0081 }, "geometry": { "type": "Polygon", "coordinates": [ [ [ -83.2066, 42.36637 ], [ -83.20587, 42.3663 ], [ -83.20602, 42.3655 ], [ -83.20638, 42.36553 ], [ -83.20643, 42.36527 ], [ -83.20711, 42.36561 ], [ -83.20701, 42.36614 ], [ -83.20665, 42.3661 ], [ -83.2066, 42.36637 ] ] ] } },
{ "type": "Feature", "properties": { "city": "Detroit", "view": "detected", "cls": "decay", "area_km2": 0.0036 }, "geometry": { "type": "Polygon", "coordinates": [ [ [ -83.00357, 42.34418 ], [ -83.00248, 42.34407 ], [ -83.00253, 42.34381 ], [ -83.00331, 42.34361 ], [ -83.00357, 42.34418 ] ] ] } },
{ "type": "Feature", "properties": { "city": "Detroit", "view": "detected", "cls": "decay", "area_km2": 0.0036 }, "geometry": { "type": "Polygon", "coordinates": [ [ [ -83.00656, 42.34205 ], [ -83.00584, 42.34197 ], [ -83.00594, 42.34144 ], [ -83.00666, 42.34151 ], [ -83.00656, 42.34205 ] ] ] } },
{ "type": "Feature", "properties": { "city": "Detroit", "view": "detected", "cls": "decay", "area_km2": 0.0099 }, "geometry": { "type": "Polygon", "coordinates": [ [ [ -83.24708, 42.3655 ], [ -83.24599, 42.36539 ], [ -83.24614, 42.3646 ], [ -83.24759, 42.36474 ], [ -83.24749, 42.36527 ], [ -83.24713, 42.36523 ], [ -83.24708, 42.3655 ] ] ] } },
{ "type": "Feature", "properties": { "city": "Detroit", "view": "detected", "cls": "decay", "area_km2": 1.1556 }, "geometry": { "type": "Polygon", "coordinates": [ [ [ -82.95971, 42.34923 ], [ -82.95825, 42.34909 ], [ -82.9583, 42.34882 ], [ -82.95794, 42.34878 ], [ -82.9584, 42.34829 ], [ -82.95991, 42.34817 ], [ -82.96037, 42.34768 ], [ -82.96073, 42.34771 ], [ -82.96078, 42.34745 ], [ -82.96115, 42.34748 ], [ -82.9612, 42.34722 ], [ -82.96083, 42.34718 ], [ -82.9613, 42.34669 ], [ -82.96093, 42.34665 ], [ -82.96108, 42.34585 ], [ -82.96072, 42.34582 ], [ -82.96082, 42.34528 ], [ -82.96046, 42.34525 ], [ -82.96056, 42.34472 ], [ -82.96133, 42.34452 ], [ -82.96143, 42.34399 ], [ -82.96076, 42.34365 ], [ -82.96081, 42.34339 ], [ -82.96045, 42.34335 ], [ -82.96055, 42.34282 ], [ -82.96018, 42.34278 ], [ -82.95988, 42.34438 ], [ -82.95879, 42.34427 ], [ -82.95833, 42.34476 ], [ -82.95797, 42.34472 ], [ -82.95792, 42.34499 ], [ -82.95755, 42.34495 ], [ -82.95699, 42.34598 ], [ -82.95621, 42.34617 ], [ -82.95611, 42.3467 ], [ -82.95575, 42.34667 ], [ -82.9557, 42.34693 ], [ -82.95497, 42.34686 ], [ -82.95451, 42.34735 ], [ -82.95415, 42.34732 ], [ -82.9541, 42.34758 ], [ -82.95301, 42.34747 ], [ -82.95311, 42.34694 ], [ -82.95275, 42.34691 ], [ -82.9529, 42.34611 ], [ -82.95326, 42.34614 ], [ -82.95336, 42.34561 ], [ -82.95414, 42.34542 ], [ -82.95419, 42.34516 ], [ -82.95455, 42.34519 ], [ -82.95511, 42.34417 ], [ -82.95589, 42.34397 ], [ -82.95604, 42.34318 ], [ -82.9564, 42.34321 ], [ -82.9565, 42.34268 ], [ -82.95728, 42.34249 ], [ -82.95733, 42.34222 ], [ -82.95769, 42.34226 ], [ -82.95774, 42.34199 ], [ -82.95847, 42.34207 ], [ -82.95852, 42.3418 ], [ -82.95961, 42.34191 ], [ -82.95987, 42.34248 ], [ -82.96023, 42.34252 ], [ -82.9607, 42.34202 ], [ -82.96106, 42.34206 ], [ -82.96111, 42.34179 ], [ -82.96147, 42.34183 ], [ -82.96157, 42.3413 ], [ -82.96235, 42.34111 ], [ -82.96245, 42.34057 ], [ -82.96172, 42.3405 ], [ -82.9608, 42.34149 ], [ -82.95971, 42.34138 ], [ -82.95976, 42.34111 ], [ -82.95939, 42.34108 ], [ -82.95955, 42.34028 ], [ -82.96032, 42.34009 ], [ -82.96037, 42.33982 ], [ -82.96146, 42.33993 ], [ -82.96192, 42.33944 ], [ -82.96483, 42.33973 ], [ -82.96473, 42.34026 ], [ -82.96618, 42.34041 ], [ -82.96623, 42.34014 ], [ -82.96659, 42.34018 ], [ -82.96686, 42.34075 ], [ -82.96649, 42.34071 ], [ -82.96639, 42.34124 ], [ -82.96603, 42.34121 ], [ -82.96598, 42.34147 ], [ -82.96634, 42.34151 ], [ -82.96629, 42.34177 ], [ -82.96702, 42.34185 ], [ -82.96697, 42.34211 ], [ -82.96842, 42.34226 ], [ -82.96888, 42.34177 ], [ -82.96961, 42.34184 ], [ -82.97007, 42.34134 ], [ -82.97044, 42.34138 ], [ -82.97049, 42.34111 ], [ -82.97121, 42.34119 ], [ -82.97126, 42.34092 ], [ -82.97271, 42.34107 ], [ -82.97281, 42.34054 ], [ -82.97354, 42.34061 ], [ -82.974, 42.34012 ], [ -82.97437, 42.34015 ], [ -82.97447, 42.33962 ], [ -82.97483, 42.33966 ], [ -82.97488, 42.33939 ], [ -82.9742, 42.33905 ], [ -82.97425, 42.33879 ], [ -82.97389, 42.33875 ], [ -82.97399, 42.33822 ], [ -82.97363, 42.33818 ], [ -82.97378, 42.33738 ], [ -82.97455, 42.33719 ], [ -82.9746, 42.33693 ], [ -82.97569, 42.33704 ], [ -82.97549, 42.3381 ], [ -82.97695, 42.33825 ], [ -82.97689, 42.33851 ], [ -82.97726, 42.33855 ], [ -82.97721, 42.33881 ], [ -82.97648, 42.33874 ], [ -82.97643, 42.33901 ], [ -82.97571, 42.33893 ], [ -82.97556, 42.33973 ], [ -82.97519, 42.33969 ], [ -82.97509, 42.34023 ], [ -82.97546, 42.34026 ], [ -82.97511, 42.34212 ], [ -82.97547, 42.34216 ], [ -82.97537, 42.34269 ], [ -82.97573, 42.34273 ], [ -82.97553, 42.34379 ], [ -82.97517, 42.34375 ], [ -82.97512, 42.34402 ], [ -82.97657, 42.34417 ], [ -82.97703, 42.34367 ], [ -82.9774, 42.34371 ], [ -82.97745, 42.34344 ], [ -82.97781, 42.34348 ], [ -82.97786, 42.34321 ], [ -82.97822, 42.34325 ], [ -82.97837, 42.34245 ], [ -82.97692, 42.34231 ], [ -82.97707, 42.34151 ], [ -82.97743, 42.34155 ], [ -82.97753, 42.34101 ], [ -82.97831, 42.34082 ], [ -82.97836, 42.34056 ], [ -82.97981, 42.3407 ], [ -82.97971, 42.34123 ], [ -82.98007, 42.34127 ], [ -82.98002, 42.34154 ], [ -82.97966, 42.3415 ], [ -82.97951, 42.3423 ], [ -82.9806, 42.34241 ], [ -82.98055, 42.34267 ], [ -82.98019, 42.34264 ], [ -82.98009, 42.34317 ], [ -82.97972, 42.34313 ], [ -82.97967, 42.3434 ], [ -82.97895, 42.34332 ], [ -82.9789, 42.34359 ], [ -82.97854, 42.34355 ], [ -82.97849, 42.34382 ], [ -82.97921, 42.34389 ], [ -82.97855, 42.34545 ], [ -82.97777, 42.34564 ], [ -82.97767, 42.34617 ], [ -82.97695, 42.3461 ], [ -82.97685, 42.34663 ], [ -82.97648, 42.3466 ], [ -82.97664, 42.3477 ], [ -82.97701, 42.34773 ], [ -82.97634, 42.34929 ], [ -82.97562, 42.34922 ], [ -82.97516, 42.34971 ], [ -82.97443, 42.34964 ], [ -82.97433, 42.35017 ], [ -82.97324, 42.35006 ], [ -82.97319, 42.35033 ], [ -82.97174, 42.35018 ], [ -82.97184, 42.34965 ], [ -82.97365, 42.34983 ], [ -82.9741, 42.34744 ], [ -82.97447, 42.34748 ], [ -82.97452, 42.34721 ], [ -82.97415, 42.34717 ], [ -82.9743, 42.34638 ], [ -82.97394, 42.34634 ], [ -82.97404, 42.34581 ], [ -82.97331, 42.34573 ], [ -82.97357, 42.34441 ], [ -82.97279, 42.3446 ], [ -82.97284, 42.34433 ], [ -82.97102, 42.34415 ], [ -82.97107, 42.34388 ], [ -82.96999, 42.34377 ], [ -82.97004, 42.34351 ], [ -82.96895, 42.3434 ], [ -82.9689, 42.34366 ], [ -82.96817, 42.34359 ], [ -82.96771, 42.34408 ], [ -82.96734, 42.34405 ], [ -82.96729, 42.34431 ], [ -82.96693, 42.34428 ], [ -82.96688, 42.34454 ], [ -82.96652, 42.34451 ], [ -82.96647, 42.34477 ], [ -82.9661, 42.34473 ], [ -82.966, 42.34527 ], [ -82.96782, 42.34545 ], [ -82.96777, 42.34572 ], [ -82.9685, 42.34579 ], [ -82.96845, 42.34605 ], [ -82.97026, 42.34624 ], [ -82.97021, 42.3465 ], [ -82.96943, 42.3467 ], [ -82.96938, 42.34696 ], [ -82.96902, 42.34693 ], [ -82.96897, 42.34719 ], [ -82.96861, 42.34715 ], [ -82.96856, 42.34742 ], [ -82.96819, 42.34738 ], [ -82.96814, 42.34765 ], [ -82.96706, 42.34754 ], [ -82.96701, 42.34781 ], [ -82.96628, 42.34773 ], [ -82.96623, 42.348 ], [ -82.96441, 42.34781 ], [ -82.96451, 42.34728 ], [ -82.96384, 42.34694 ], [ -82.96389, 42.34668 ], [ -82.96316, 42.3466 ], [ -82.96321, 42.34634 ], [ -82.96212, 42.34623 ], [ -82.96192, 42.34729 ], [ -82.96156, 42.34725 ], [ -82.96146, 42.34779 ], [ -82.9611, 42.34775 ], [ -82.9609, 42.34881 ], [ -82.96053, 42.34878 ], [ -82.96048, 42.34904 ], [ -82.95976, 42.34897 ], [ -82.95971, 42.34923 ] ], [ [ -82.95967, 42.34354 ], [ -82.95977, 42.34301 ], [ -82.95941, 42.34297 ], [ -82.95931, 42.34351 ], [ -82.95967, 42.34354 ] ] ] } },
{ "type": "Feature", "properties": { "city": "Detroit", "view": "detected", "cls": "decay", "area_km2": 0.0027 }, "geometry": { "type": "Polygon", "coordinates": [ [ [ -83.20758, 42.36105 ], [ -83.20722, 42.36101 ], [ -83.20736, 42.36022 ], [ -83.20773, 42.36025 ], [ -83.20758, 42.36105 ] ] ] } },
{ "type": "Feature", "properties": { "city": "Detroit", "view": "detected", "cls": "decay", "area_km2": 0.0297 }, "geometry": { "type": "Polygon", "coordinates": [ [ [ -82.99437, 42.34 ], [ -82.99432, 42.34027 ], [ -82.99396, 42.34023 ], [ -82.99381, 42.34103 ], [ -82.99344, 42.34099 ], [ -82.99339, 42.34126 ], [ -82.99272, 42.34092 ], [ -82.99277, 42.34066 ], [ -82.99204, 42.34058 ], [ -82.99214, 42.34005 ], [ -82.9925, 42.34009 ], [ -82.99255, 42.33982 ], [ -82.99328, 42.33989 ], [ -82.99338, 42.33936 ], [ -82.99416, 42.33917 ], [ -82.99421, 42.3389 ], [ -82.9953, 42.33901 ], [ -82.99483, 42.33951 ], [ -82.9952, 42.33955 ], [ -82.99515, 42.33981 ], [ -82.99437, 42.34 ] ], [ [ -82.99437, 42.34 ], [ -82.99442, 42.33974 ], [ -82.99406, 42.3397 ], [ -82.99401, 42.33997 ], [ -82.99437, 42.34 ] ] ] } },
{ "type": "Feature", "properties": { "city": "Detroit", "view": "detected", "cls": "decay", "area_km2": 0.0027 }, "geometry": { "type": "Polygon", "coordinates": [ [ [ -83.22403, 42.36214 ], [ -83.2233, 42.36207 ], [ -83.2234, 42.36153 ], [ -83.22407, 42.36187 ], [ -83.22403, 42.36214 ] ] ] } },
{ "type": "Feature", "properties": { "city": "Detroit", "view": "detected", "cls": "decay", "area_km2": 0.0189 }, "geometry": { "type": "Polygon", "coordinates": [ [ [ -82.97798, 42.33862 ], [ -82.97762, 42.33859 ], [ -82.97777, 42.33779 ], [ -82.97741, 42.33775 ], [ -82.97751, 42.33722 ], [ -82.97787, 42.33726 ], [ -82.97792, 42.33699 ], [ -82.97937, 42.33714 ], [ -82.97942, 42.33687 ], [ -82.97979, 42.33691 ], [ -82.97969, 42.33744 ], [ -82.97891, 42.33763 ], [ -82.97881, 42.33816 ], [ -82.97803, 42.33836 ], [ -82.97798, 42.33862 ] ] ] } },
{ "type": "Feature", "properties": { "city": "Detroit", "view": "detected", "cls": "decay", "area_km2": 0.0072 }, "geometry": { "type": "Polygon", "coordinates": [ [ [ -83.00292, 42.33978 ], [ -83.00183, 42.33967 ], [ -83.00198, 42.33888 ], [ -83.00234, 42.33891 ], [ -83.00239, 42.33865 ], [ -83.00276, 42.33868 ], [ -83.00261, 42.33948 ], [ -83.00297, 42.33952 ], [ -83.00292, 42.33978 ] ] ] } },
{ "type": "Feature", "properties": { "city": "Detroit", "view": "detected", "cls": "decay", "area_km2": 0.0063 }, "geometry": { "type": "Polygon", "coordinates": [ [ [ -83.18836, 42.35698 ], [ -83.18763, 42.3569 ], [ -83.18773, 42.35637 ], [ -83.1881, 42.35641 ], [ -83.18814, 42.35614 ], [ -83.18851, 42.35618 ], [ -83.18846, 42.35645 ], [ -83.18918, 42.35652 ], [ -83.18914, 42.35678 ], [ -83.18841, 42.35671 ], [ -83.18836, 42.35698 ] ] ] } },
{ "type": "Feature", "properties": { "city": "Detroit", "view": "detected", "cls": "decay", "area_km2": 0.0063 }, "geometry": { "type": "Polygon", "coordinates": [ [ [ -83.00031, 42.3379 ], [ -82.99964, 42.33756 ], [ -82.99979, 42.33676 ], [ -83.00051, 42.33683 ], [ -83.00031, 42.3379 ] ] ] } },
{ "type": "Feature", "properties": { "city": "Detroit", "view": "detected", "cls": "decay", "area_km2": 0.0198 }, "geometry": { "type": "Polygon", "coordinates": [ [ [ -82.98688, 42.33654 ], [ -82.98548, 42.33613 ], [ -82.98568, 42.33507 ], [ -82.9875, 42.33525 ], [ -82.9873, 42.33631 ], [ -82.98693, 42.33628 ], [ -82.98688, 42.33654 ] ] ] } },
{ "type": "Feature", "properties": { "city": "Detroit", "view": "detected", "cls": "decay", "area_km2": 0.0117 }, "geometry": { "type": "Polygon", "coordinates": [ [ [ -83.03154, 42.34104 ], [ -83.03081, 42.34097 ], [ -83.03086, 42.3407 ], [ -83.0305, 42.34066 ], [ -83.03065, 42.33987 ], [ -83.03028, 42.33983 ], [ -83.03033, 42.33956 ], [ -83.0307, 42.3396 ], [ -83.03075, 42.33933 ], [ -83.03142, 42.33967 ], [ -83.03127, 42.34047 ], [ -83.03164, 42.34051 ], [ -83.03154, 42.34104 ] ] ] } },
{ "type": "Feature", "properties": { "city": "Detroit", "view": "detected", "cls": "decay", "area_km2": 0.0036 }, "geometry": { "type": "Polygon", "coordinates": [ [ [ -83.00699, 42.33586 ], [ -83.00631, 42.33552 ], [ -83.00636, 42.33525 ], [ -83.00745, 42.33536 ], [ -83.00699, 42.33586 ] ] ] } },
{ "type": "Feature", "properties": { "city": "Detroit", "view": "detected", "cls": "decay", "area_km2": 0.0666 }, "geometry": { "type": "Polygon", "coordinates": [ [ [ -83.00134, 42.33637 ], [ -83.00061, 42.3363 ], [ -83.00035, 42.33573 ], [ -82.99999, 42.3357 ], [ -83.00009, 42.33516 ], [ -83.00086, 42.33497 ], [ -83.00101, 42.33417 ], [ -83.00138, 42.33421 ], [ -83.00153, 42.33341 ], [ -83.00189, 42.33345 ], [ -83.00194, 42.33318 ], [ -83.00267, 42.33326 ], [ -83.00277, 42.33273 ], [ -83.00313, 42.33276 ], [ -83.00318, 42.3325 ], [ -83.00463, 42.33264 ], [ -83.00448, 42.33344 ], [ -83.00412, 42.3334 ], [ -83.00402, 42.33394 ], [ -83.00366, 42.3339 ], [ -83.00361, 42.33416 ], [ -83.00324, 42.33413 ], [ -83.00268, 42.33515 ], [ -83.0019, 42.33535 ], [ -83.00134, 42.33637 ] ] ] } },
{ "type": "Feature", "properties": { "city": "Detroit", "view": "detected", "cls": "decay", "area_km2": 0.0045 }, "geometry": { "type": "Polygon", "coordinates": [ [ [ -83.0513, 42.33625 ], [ -83.05021, 42.33614 ], [ -83.05026, 42.33588 ], [ -83.05062, 42.33591 ], [ -83.05067, 42.33565 ], [ -83.0514, 42.33572 ], [ -83.0513, 42.33625 ] ] ] } },
{ "type": "Feature", "properties": { "city": "Detroit", "view": "detected", "cls": "decay", "area_km2": 0.0027 }, "geometry": { "type": "Polygon", "coordinates": [ [ [ -83.0223, 42.33307 ], [ -83.02158, 42.333 ], [ -83.02204, 42.3325 ], [ -83.0224, 42.33254 ], [ -83.0223, 42.33307 ] ] ] } },
{ "type": "Feature", "properties": { "city": "Detroit", "view": "detected", "cls": "decay", "area_km2": 0.0054 }, "geometry": { "type": "Polygon", "coordinates": [ [ [ -83.14824, 42.34595 ], [ -83.14756, 42.34561 ], [ -83.14766, 42.34508 ], [ -83.14803, 42.34511 ], [ -83.14808, 42.34485 ], [ -83.14844, 42.34488 ], [ -83.14824, 42.34595 ] ] ] } },
{ "type": "Feature", "properties": { "city": "Detroit", "view": "detected", "cls": "decay", "area_km2": 0.0405 }, "geometry": { "type": "Polygon", "coordinates": [ [ [ -83.02732, 42.33195 ], [ -83.02623, 42.33184 ], [ -83.02638, 42.33104 ], [ -83.02675, 42.33108 ], [ -83.0268, 42.33081 ], [ -83.0283, 42.33069 ], [ -83.02835, 42.33043 ], [ -83.02944, 42.33054 ], [ -83.0299, 42.33004 ], [ -83.03026, 42.33008 ], [ -83.03031, 42.32981 ], [ -83.03104, 42.32988 ], [ -83.03089, 42.33068 ], [ -83.03053, 42.33065 ], [ -83.03043, 42.33118 ], [ -83.0297, 42.3311 ], [ -83.02965, 42.33137 ], [ -83.02856, 42.33126 ], [ -83.0281, 42.33176 ], [ -83.02737, 42.33168 ], [ -83.02732, 42.33195 ] ] ] } },
{ "type": "Feature", "properties": { "city": "Detroit", "view": "detected", "cls": "decay", "area_km2": 0.0081 }, "geometry": { "type": "Polygon", "coordinates": [ [ [ -83.04114, 42.32927 ], [ -83.03969, 42.32913 ], [ -83.03984, 42.32833 ], [ -83.04056, 42.3284 ], [ -83.04083, 42.32897 ], [ -83.04119, 42.32901 ], [ -83.04114, 42.32927 ] ] ] } },
{ "type": "Feature", "properties": { "city": "Detroit", "view": "detected", "cls": "decay", "area_km2": 0.0054 }, "geometry": { "type": "Polygon", "coordinates": [ [ [ -83.2452, 42.34961 ], [ -83.24484, 42.34958 ], [ -83.24494, 42.34904 ], [ -83.24457, 42.34901 ], [ -83.24462, 42.34874 ], [ -83.24571, 42.34885 ], [ -83.24561, 42.34938 ], [ -83.24525, 42.34935 ], [ -83.2452, 42.34961 ] ] ] } },
{ "type": "Feature", "properties": { "city": "Detroit", "view": "detected", "cls": "decay", "area_km2": 0.0036 }, "geometry": { "type": "Polygon", "coordinates": [ [ [ -83.04464, 42.32638 ], [ -83.04428, 42.32634 ], [ -83.04438, 42.32581 ], [ -83.04547, 42.32592 ], [ -83.04542, 42.32618 ], [ -83.04469, 42.32611 ], [ -83.04464, 42.32638 ] ] ] } },
{ "type": "Feature", "properties": { "city": "Detroit", "view": "detected", "cls": "decay", "area_km2": 0.2295 }, "geometry": { "type": "Polygon", "coordinates": [ [ [ -83.13193, 42.34216 ], [ -83.13157, 42.34212 ], [ -83.13162, 42.34185 ], [ -83.13089, 42.34178 ], [ -83.13094, 42.34152 ], [ -83.12949, 42.34137 ], [ -83.12969, 42.34031 ], [ -83.13046, 42.34011 ], [ -83.13051, 42.33985 ], [ -83.13124, 42.33992 ], [ -83.13134, 42.33939 ], [ -83.13243, 42.3395 ], [ -83.13233, 42.34003 ], [ -83.13305, 42.3401 ], [ -83.1332, 42.3393 ], [ -83.13175, 42.33916 ], [ -83.13185, 42.33863 ], [ -83.13149, 42.33859 ], [ -83.13154, 42.33832 ], [ -83.1319, 42.33836 ], [ -83.13163, 42.33779 ], [ -83.132, 42.33783 ], [ -83.13205, 42.33756 ], [ -83.13168, 42.33753 ], [ -83.13173, 42.33726 ], [ -83.1321, 42.3373 ], [ -83.1322, 42.33677 ], [ -83.13152, 42.33643 ], [ -83.13157, 42.33616 ], [ -83.12975, 42.33598 ], [ -83.1298, 42.33572 ], [ -83.13058, 42.33552 ], [ -83.13063, 42.33526 ], [ -83.13099, 42.33529 ], [ -83.13104, 42.33503 ], [ -83.13213, 42.33513 ], [ -83.13218, 42.33487 ], [ -83.1329, 42.33494 ], [ -83.13295, 42.33468 ], [ -83.13404, 42.33478 ], [ -83.13409, 42.33452 ], [ -83.13446, 42.33455 ], [ -83.13472, 42.33512 ], [ -83.13508, 42.33516 ], [ -83.13498, 42.33569 ], [ -83.13571, 42.33576 ], [ -83.13561, 42.33629 ], [ -83.13489, 42.33622 ], [ -83.13442, 42.33672 ], [ -83.13479, 42.33675 ], [ -83.13454, 42.33808 ], [ -83.1349, 42.33812 ], [ -83.1347, 42.33918 ], [ -83.13507, 42.33922 ], [ -83.13482, 42.34055 ], [ -83.13404, 42.34074 ], [ -83.1339, 42.34154 ], [ -83.13312, 42.34173 ], [ -83.13307, 42.342 ], [ -83.13198, 42.34189 ], [ -83.13193, 42.34216 ] ] ] } },
{ "type": "Feature", "properties": { "city": "Detroit", "view": "detected", "cls": "decay", "area_km2": 0.0279 }, "geometry": { "type": "Polygon", "coordinates": [ [ [ -83.26167, 42.34853 ], [ -83.26095, 42.34846 ], [ -83.26109, 42.34766 ], [ -83.26146, 42.3477 ], [ -83.26165, 42.34663 ], [ -83.26347, 42.34681 ], [ -83.26337, 42.34735 ], [ -83.26373, 42.34738 ], [ -83.26368, 42.34765 ], [ -83.26291, 42.34784 ], [ -83.26286, 42.34811 ], [ -83.26213, 42.34804 ], [ -83.26167, 42.34853 ] ] ] } },
{ "type": "Feature", "properties": { "city": "Detroit", "view": "detected", "cls": "decay", "area_km2": 0.0045 }, "geometry": { "type": "Polygon", "coordinates": [ [ [ -83.23727, 42.3445 ], [ -83.23618, 42.34439 ], [ -83.23623, 42.34412 ], [ -83.23659, 42.34416 ], [ -83.23664, 42.34389 ], [ -83.23737, 42.34396 ], [ -83.23727, 42.3445 ] ] ] } },
{ "type": "Feature", "properties": { "city": "Detroit", "view": "detected", "cls": "decay", "area_km2": 0.018 }, "geometry": { "type": "Polygon", "coordinates": [ [ [ -83.12361, 42.3332 ], [ -83.12252, 42.33309 ], [ -83.12226, 42.33253 ], [ -83.1219, 42.33249 ], [ -83.122, 42.33196 ], [ -83.12163, 42.33192 ], [ -83.12168, 42.33166 ], [ -83.12314, 42.3318 ], [ -83.1234, 42.33237 ], [ -83.12376, 42.3324 ], [ -83.12361, 42.3332 ] ] ] } },
{ "type": "Feature", "properties": { "city": "Detroit", "view": "detected", "cls": "decay", "area_km2": 2.5506 }, "geometry": { "type": "Polygon", "coordinates": [ [ [ -83.25593, 42.37368 ], [ -83.25484, 42.37358 ], [ -83.25508, 42.37225 ], [ -83.25472, 42.37221 ], [ -83.25477, 42.37195 ], [ -83.25554, 42.37175 ], [ -83.25564, 42.37122 ], [ -83.25492, 42.37115 ], [ -83.25538, 42.37065 ], [ -83.25501, 42.37062 ], [ -83.25506, 42.37035 ], [ -83.25543, 42.37039 ], [ -83.25547, 42.37012 ], [ -83.25402, 42.36998 ], [ -83.25392, 42.37051 ], [ -83.25356, 42.37047 ], [ -83.25329, 42.3699 ], [ -83.25293, 42.36987 ], [ -83.25339, 42.36937 ], [ -83.25303, 42.36934 ], [ -83.25318, 42.36854 ], [ -83.25354, 42.36858 ], [ -83.25364, 42.36804 ], [ -83.254, 42.36808 ], [ -83.2543, 42.36648 ], [ -83.25393, 42.36645 ], [ -83.25413, 42.36538 ], [ -83.25376, 42.36535 ], [ -83.25386, 42.36482 ], [ -83.25319, 42.36448 ], [ -83.25323, 42.36421 ], [ -83.25287, 42.36418 ], [ -83.25292, 42.36391 ], [ -83.25183, 42.3638 ], [ -83.25178, 42.36407 ], [ -83.25142, 42.36403 ], [ -83.25147, 42.36377 ], [ -83.2511, 42.36373 ], [ -83.25115, 42.36347 ], [ -83.25152, 42.3635 ], [ -83.25125, 42.36293 ], [ -83.25161, 42.36297 ], [ -83.25181, 42.36191 ], [ -83.25145, 42.36187 ], [ -83.25155, 42.36134 ], [ -83.25118, 42.3613 ], [ -83.25123, 42.36104 ], [ -83.25087, 42.361 ], [ -83.25101, 42.3602 ], [ -83.25065, 42.36017 ], [ -83.25111, 42.35967 ], [ -83.25184, 42.35974 ], [ -83.25189, 42.35948 ], [ -83.25407, 42.35969 ], [ -83.25412, 42.35943 ], [ -83.25448, 42.35946 ], [ -83.25463, 42.35867 ], [ -83.25499, 42.3587 ], [ -83.25509, 42.35817 ], [ -83.25545, 42.35821 ], [ -83.25555, 42.35767 ], [ -83.25519, 42.35764 ], [ -83.25533, 42.35684 ], [ -83.25466, 42.3565 ], [ -83.25475, 42.35597 ], [ -83.25403, 42.3559 ], [ -83.25408, 42.35563 ], [ -83.25371, 42.3556 ], [ -83.25366, 42.35586 ], [ -83.2533, 42.35583 ], [ -83.2534, 42.3553 ], [ -83.25231, 42.35519 ], [ -83.25211, 42.35625 ], [ -83.25139, 42.35618 ], [ -83.25129, 42.35671 ], [ -83.24916, 42.35623 ], [ -83.24911, 42.3565 ], [ -83.24657, 42.35624 ], [ -83.24666, 42.35571 ], [ -83.24739, 42.35578 ], [ -83.24785, 42.35529 ], [ -83.24822, 42.35532 ], [ -83.24826, 42.35506 ], [ -83.24863, 42.35509 ], [ -83.24868, 42.35483 ], [ -83.24831, 42.35479 ], [ -83.24846, 42.354 ], [ -83.2481, 42.35396 ], [ -83.24815, 42.35369 ], [ -83.24706, 42.35359 ], [ -83.24711, 42.35332 ], [ -83.24674, 42.35328 ], [ -83.24694, 42.35222 ], [ -83.2473, 42.35226 ], [ -83.24745, 42.35146 ], [ -83.24854, 42.35157 ], [ -83.24849, 42.35183 ], [ -83.24885, 42.35187 ], [ -83.24895, 42.35134 ], [ -83.24931, 42.35137 ], [ -83.24946, 42.35057 ], [ -83.24982, 42.35061 ], [ -83.24956, 42.35004 ], [ -83.2492, 42.35001 ], [ -83.24925, 42.34974 ], [ -83.24888, 42.34971 ], [ -83.24893, 42.34944 ], [ -83.24857, 42.3494 ], [ -83.2484, 42.3483 ], [ -83.24804, 42.34827 ], [ -83.24833, 42.34667 ], [ -83.24869, 42.34671 ], [ -83.24884, 42.34591 ], [ -83.24921, 42.34595 ], [ -83.24935, 42.34515 ], [ -83.24899, 42.34511 ], [ -83.24904, 42.34485 ], [ -83.2494, 42.34488 ], [ -83.2497, 42.34329 ], [ -83.24824, 42.34314 ], [ -83.24798, 42.34258 ], [ -83.24834, 42.34261 ], [ -83.24839, 42.34235 ], [ -83.24948, 42.34245 ], [ -83.24953, 42.34219 ], [ -83.25134, 42.34237 ], [ -83.25161, 42.34294 ], [ -83.25197, 42.34297 ], [ -83.25141, 42.344 ], [ -83.25209, 42.34434 ], [ -83.25204, 42.3446 ], [ -83.2524, 42.34464 ], [ -83.25236, 42.3449 ], [ -83.25272, 42.34494 ], [ -83.25267, 42.34521 ], [ -83.2534, 42.34528 ], [ -83.25366, 42.34585 ], [ -83.25402, 42.34588 ], [ -83.25378, 42.34721 ], [ -83.25487, 42.34732 ], [ -83.25482, 42.34758 ], [ -83.25518, 42.34762 ], [ -83.25509, 42.34815 ], [ -83.25545, 42.34819 ], [ -83.2554, 42.34845 ], [ -83.25613, 42.34853 ], [ -83.25639, 42.34909 ], [ -83.25748, 42.3492 ], [ -83.25743, 42.34947 ], [ -83.2578, 42.3495 ], [ -83.25765, 42.3503 ], [ -83.25837, 42.35037 ], [ -83.25833, 42.35064 ], [ -83.25869, 42.35067 ], [ -83.25859, 42.35121 ], [ -83.26041, 42.35138 ], [ -83.26067, 42.35195 ], [ -83.26249, 42.35213 ], [ -83.26244, 42.3524 ], [ -83.2628, 42.35243 ], [ -83.26266, 42.35323 ], [ -83.26302, 42.35327 ], [ -83.26292, 42.3538 ], [ -83.2636, 42.35414 ], [ -83.26355, 42.3544 ], [ -83.26428, 42.35447 ], [ -83.26454, 42.35504 ], [ -83.2649, 42.35508 ], [ -83.26471, 42.35614 ], [ -83.26507, 42.35618 ], [ -83.26497, 42.35671 ], [ -83.26534, 42.35674 ], [ -83.26524, 42.35728 ], [ -83.26592, 42.35761 ], [ -83.26572, 42.35868 ], [ -83.26608, 42.35871 ], [ -83.26579, 42.36031 ], [ -83.26543, 42.36027 ], [ -83.26523, 42.36134 ], [ -83.26373, 42.36146 ], [ -83.26378, 42.36119 ], [ -83.26233, 42.36105 ], [ -83.26213, 42.36211 ], [ -83.26135, 42.36231 ], [ -83.26126, 42.36284 ], [ -83.26089, 42.3628 ], [ -83.2607, 42.36387 ], [ -83.26106, 42.3639 ], [ -83.26096, 42.36443 ], [ -83.26169, 42.36451 ], [ -83.26164, 42.36477 ], [ -83.26309, 42.36492 ], [ -83.26304, 42.36518 ], [ -83.26341, 42.36522 ], [ -83.26275, 42.36678 ], [ -83.26311, 42.36681 ], [ -83.26306, 42.36708 ], [ -83.2627, 42.36704 ], [ -83.26265, 42.36731 ], [ -83.26338, 42.36738 ], [ -83.26333, 42.36765 ], [ -83.26188, 42.3675 ], [ -83.26214, 42.36807 ], [ -83.26178, 42.36804 ], [ -83.26168, 42.36857 ], [ -83.26132, 42.36853 ], [ -83.26158, 42.3691 ], [ -83.26122, 42.36906 ], [ -83.26117, 42.36933 ], [ -83.26153, 42.36936 ], [ -83.26129, 42.37069 ], [ -83.26051, 42.37089 ], [ -83.26037, 42.37169 ], [ -83.26104, 42.37202 ], [ -83.26099, 42.37229 ], [ -83.26063, 42.37225 ], [ -83.26053, 42.37279 ], [ -83.25981, 42.37271 ], [ -83.25976, 42.37298 ], [ -83.25867, 42.37287 ], [ -83.25862, 42.37314 ], [ -83.25789, 42.37307 ], [ -83.25784, 42.37333 ], [ -83.25712, 42.37326 ], [ -83.25707, 42.37353 ], [ -83.25598, 42.37342 ], [ -83.25593, 42.37368 ] ], [ [ -83.25272, 42.35496 ], [ -83.25277, 42.35469 ], [ -83.25204, 42.35462 ], [ -83.25188, 42.35352 ], [ -83.25151, 42.35348 ], [ -83.25161, 42.35295 ], [ -83.25125, 42.35292 ], [ -83.25135, 42.35239 ], [ -83.25026, 42.35228 ], [ -83.25021, 42.35254 ], [ -83.25057, 42.35258 ], [ -83.25047, 42.35311 ], [ -83.2512, 42.35318 ], [ -83.251, 42.35425 ], [ -83.25137, 42.35428 ], [ -83.25127, 42.35481 ], [ -83.25272, 42.35496 ] ], [ [ -83.25627, 42.36181 ], [ -83.25673, 42.36131 ], [ -83.25709, 42.36135 ], [ -83.25714, 42.36108 ], [ -83.2575, 42.36112 ], [ -83.25755, 42.36085 ], [ -83.25792, 42.36089 ], [ -83.25806, 42.36009 ], [ -83.25656, 42.36021 ], [ -83.25651, 42.36048 ], [ -83.25579, 42.3604 ], [ -83.25554, 42.36173 ], [ -83.25627, 42.36181 ] ] ] } },
{ "type": "Feature", "properties": { "city": "Detroit", "view": "detected", "cls": "decay", "area_km2": 0.0063 }, "geometry": { "type": "Polygon", "coordinates": [ [ [ -83.25311, 42.34281 ], [ -83.25243, 42.34248 ], [ -83.25253, 42.34194 ], [ -83.25362, 42.34205 ], [ -83.25352, 42.34258 ], [ -83.25316, 42.34255 ], [ -83.25311, 42.34281 ] ] ] } },
{ "type": "Feature", "properties": { "city": "Detroit", "view": "detected", "cls": "decay", "area_km2": 0.0099 }, "geometry": { "type": "Polygon", "coordinates": [ [ [ -83.05746, 42.32306 ], [ -83.0571, 42.32302 ], [ -83.05725, 42.32223 ], [ -83.05761, 42.32226 ], [ -83.05766, 42.322 ], [ -83.05875, 42.32211 ], [ -83.05865, 42.32264 ], [ -83.05829, 42.3226 ], [ -83.05824, 42.32287 ], [ -83.05751, 42.3228 ], [ -83.05746, 42.32306 ] ] ] } },
{ "type": "Feature", "properties": { "city": "Detroit", "view": "detected", "cls": "decay", "area_km2": 0.1602 }, "geometry": { "type": "Polygon", "coordinates": [ [ [ -83.12876, 42.33534 ], [ -83.12767, 42.33523 ], [ -83.12772, 42.33497 ], [ -83.12663, 42.33486 ], [ -83.12668, 42.33459 ], [ -83.12596, 42.33452 ], [ -83.12601, 42.33425 ], [ -83.12528, 42.33418 ], [ -83.12538, 42.33365 ], [ -83.12647, 42.33376 ], [ -83.12652, 42.33349 ], [ -83.12761, 42.3336 ], [ -83.12756, 42.33387 ], [ -83.12792, 42.3339 ], [ -83.12797, 42.33364 ], [ -83.1287, 42.33371 ], [ -83.12889, 42.33265 ], [ -83.12853, 42.33261 ], [ -83.12868, 42.33181 ], [ -83.12832, 42.33178 ], [ -83.12851, 42.33071 ], [ -83.12784, 42.33037 ], [ -83.12789, 42.33011 ], [ -83.12752, 42.33007 ], [ -83.12762, 42.32954 ], [ -83.12726, 42.3295 ], [ -83.12741, 42.32871 ], [ -83.12813, 42.32878 ], [ -83.12818, 42.32851 ], [ -83.12927, 42.32862 ], [ -83.12922, 42.32889 ], [ -83.12995, 42.32896 ], [ -83.12985, 42.32949 ], [ -83.12908, 42.32969 ], [ -83.12898, 42.33022 ], [ -83.12934, 42.33025 ], [ -83.12929, 42.33052 ], [ -83.13111, 42.3307 ], [ -83.13127, 42.3318 ], [ -83.13163, 42.33184 ], [ -83.13149, 42.33263 ], [ -83.13071, 42.33283 ], [ -83.13097, 42.33339 ], [ -83.13061, 42.33336 ], [ -83.13046, 42.33416 ], [ -83.1301, 42.33412 ], [ -83.1299, 42.33518 ], [ -83.12881, 42.33507 ], [ -83.12876, 42.33534 ] ] ] } },
{ "type": "Feature", "properties": { "city": "Detroit", "view": "detected", "cls": "decay", "area_km2": 0.0207 }, "geometry": { "type": "Polygon", "coordinates": [ [ [ -83.14767, 42.3291 ], [ -83.14586, 42.32892 ], [ -83.14559, 42.32835 ], [ -83.14596, 42.32839 ], [ -83.14606, 42.32786 ], [ -83.14787, 42.32804 ], [ -83.14782, 42.32831 ], [ -83.14818, 42.32834 ], [ -83.14809, 42.32887 ], [ -83.14772, 42.32884 ], [ -83.14767, 42.3291 ] ] ] } },
{ "type": "Feature", "properties": { "city": "Detroit", "view": "detected", "cls": "decay", "area_km2": 0.0063 }, "geometry": { "type": "Polygon", "coordinates": [ [ [ -83.07359, 42.31791 ], [ -83.07286, 42.31784 ], [ -83.07296, 42.3173 ], [ -83.07332, 42.31734 ], [ -83.07337, 42.31707 ], [ -83.0741, 42.31715 ], [ -83.074, 42.31768 ], [ -83.07364, 42.31764 ], [ -83.07359, 42.31791 ] ] ] } },
{ "type": "Feature", "properties": { "city": "Detroit", "view": "detected", "cls": "decay", "area_km2": 0.0162 }, "geometry": { "type": "Polygon", "coordinates": [ [ [ -83.06996, 42.31754 ], [ -83.06923, 42.31747 ], [ -83.06928, 42.31721 ], [ -83.06965, 42.31724 ], [ -83.06974, 42.31671 ], [ -83.07052, 42.31652 ], [ -83.07057, 42.31625 ], [ -83.07093, 42.31629 ], [ -83.07098, 42.31602 ], [ -83.07171, 42.31609 ], [ -83.07156, 42.31689 ], [ -83.07078, 42.31709 ], [ -83.07073, 42.31735 ], [ -83.07001, 42.31728 ], [ -83.06996, 42.31754 ] ] ] } },
{ "type": "Feature", "properties": { "city": "Detroit", "view": "detected", "cls": "decay", "area_km2": 0.0243 }, "geometry": { "type": "Polygon", "coordinates": [ [ [ -83.13206, 42.32159 ], [ -83.13061, 42.32144 ], [ -83.13066, 42.32118 ], [ -83.12993, 42.32111 ], [ -83.12998, 42.32084 ], [ -83.12889, 42.32073 ], [ -83.12894, 42.32047 ], [ -83.12822, 42.32039 ], [ -83.12827, 42.32013 ], [ -83.13153, 42.32045 ], [ -83.1318, 42.32102 ], [ -83.13216, 42.32106 ], [ -83.13206, 42.32159 ] ] ] } },
{ "type": "Feature", "properties": { "city": "Detroit", "view": "detected", "cls": "decay", "area_km2": 0.0054 }, "geometry": { "type": "Polygon", "coordinates": [ [ [ -83.07646, 42.31441 ], [ -83.07574, 42.31433 ], [ -83.07583, 42.3138 ], [ -83.07656, 42.31387 ], [ -83.07661, 42.31361 ], [ -83.07697, 42.31364 ], [ -83.07687, 42.31418 ], [ -83.07651, 42.31414 ], [ -83.07646, 42.31441 ] ] ] } },
{ "type": "Feature", "properties": { "city": "Detroit", "view": "detected", "cls": "decay", "area_km2": 0.0117 }, "geometry": { "type": "Polygon", "coordinates": [ [ [ -83.07847, 42.31352 ], [ -83.07775, 42.31345 ], [ -83.0778, 42.31319 ], [ -83.07857, 42.31299 ], [ -83.07867, 42.31246 ], [ -83.07904, 42.3125 ], [ -83.07919, 42.3117 ], [ -83.07996, 42.31151 ], [ -83.07981, 42.3123 ], [ -83.07945, 42.31227 ], [ -83.07935, 42.3128 ], [ -83.07899, 42.31276 ], [ -83.07889, 42.31329 ], [ -83.07852, 42.31326 ], [ -83.07847, 42.31352 ] ] ] } },
{ "type": "Feature", "properties": { "city": "Detroit", "view": "detected", "cls": "decay", "area_km2": 0.0063 }, "geometry": { "type": "Polygon", "coordinates": [ [ [ -83.13953, 42.31123 ], [ -83.13881, 42.31116 ], [ -83.13891, 42.31063 ], [ -83.13927, 42.31067 ], [ -83.13932, 42.3104 ], [ -83.14004, 42.31047 ], [ -83.13994, 42.311 ], [ -83.13958, 42.31097 ], [ -83.13953, 42.31123 ] ] ] } },
{ "type": "Feature", "properties": { "city": "Detroit", "view": "detected", "cls": "decay", "area_km2": 0.1314 }, "geometry": { "type": "Polygon", "coordinates": [ [ [ -83.09509, 42.30571 ], [ -83.094, 42.3056 ], [ -83.09374, 42.30503 ], [ -83.09301, 42.30496 ], [ -83.09306, 42.30469 ], [ -83.0927, 42.30466 ], [ -83.09285, 42.30386 ], [ -83.0943, 42.30401 ], [ -83.09414, 42.30291 ], [ -83.09377, 42.30287 ], [ -83.09402, 42.30154 ], [ -83.09475, 42.30161 ], [ -83.0948, 42.30135 ], [ -83.09625, 42.30149 ], [ -83.0962, 42.30176 ], [ -83.09692, 42.30183 ], [ -83.09719, 42.3024 ], [ -83.09755, 42.30244 ], [ -83.0975, 42.3027 ], [ -83.09786, 42.30274 ], [ -83.09781, 42.303 ], [ -83.09818, 42.30304 ], [ -83.09803, 42.30384 ], [ -83.09725, 42.30403 ], [ -83.0972, 42.3043 ], [ -83.09684, 42.30426 ], [ -83.09664, 42.30532 ], [ -83.09628, 42.30529 ], [ -83.09623, 42.30555 ], [ -83.09514, 42.30544 ], [ -83.09509, 42.30571 ] ] ] } },
{ "type": "Feature", "properties": { "city": "Detroit", "view": "detected", "cls": "decay", "area_km2": 0.0036 }, "geometry": { "type": "Polygon", "coordinates": [ [ [ -83.09951, 42.30182 ], [ -83.09879, 42.30175 ], [ -83.09894, 42.30095 ], [ -83.0993, 42.30099 ], [ -83.0992, 42.30152 ], [ -83.09956, 42.30155 ], [ -83.09951, 42.30182 ] ] ] } },
{ "type": "Feature", "properties": { "city": "Detroit", "view": "detected", "cls": "decay", "area_km2": 0.0072 }, "geometry": { "type": "Polygon", "coordinates": [ [ [ -83.09303, 42.3009 ], [ -83.0923, 42.30083 ], [ -83.09235, 42.30056 ], [ -83.09199, 42.30053 ], [ -83.09245, 42.30003 ], [ -83.09318, 42.3001 ], [ -83.09313, 42.30037 ], [ -83.09349, 42.30041 ], [ -83.09303, 42.3009 ] ] ] } },
{ "type": "Feature", "properties": { "city": "Detroit", "view": "detected", "cls": "decay", "area_km2": 0.0036 }, "geometry": { "type": "Polygon", "coordinates": [ [ [ -83.09127, 42.30045 ], [ -83.09054, 42.30038 ], [ -83.09064, 42.29985 ], [ -83.09137, 42.29992 ], [ -83.09127, 42.30045 ] ] ] } },
{ "type": "Feature", "properties": { "city": "Detroit", "view": "detected", "cls": "decay", "area_km2": 0.0063 }, "geometry": { "type": "Polygon", "coordinates": [ [ [ -83.14158, 42.30223 ], [ -83.14085, 42.30216 ], [ -83.1409, 42.30189 ], [ -83.14054, 42.30186 ], [ -83.14059, 42.30159 ], [ -83.14095, 42.30163 ], [ -83.14105, 42.3011 ], [ -83.14141, 42.30113 ], [ -83.14131, 42.30166 ], [ -83.14167, 42.3017 ], [ -83.14158, 42.30223 ] ] ] } },
{ "type": "Feature", "properties": { "city": "Detroit", "view": "detected", "cls": "decay", "area_km2": 0.2556 }, "geometry": { "type": "Polygon", "coordinates": [ [ [ -83.10672, 42.30281 ], [ -83.10454, 42.30259 ], [ -83.10459, 42.30233 ], [ -83.10423, 42.30229 ], [ -83.10433, 42.30176 ], [ -83.10397, 42.30172 ], [ -83.10407, 42.30119 ], [ -83.10334, 42.30112 ], [ -83.10364, 42.29953 ], [ -83.10327, 42.29949 ], [ -83.10347, 42.29843 ], [ -83.10212, 42.29775 ], [ -83.10227, 42.29695 ], [ -83.10304, 42.29676 ], [ -83.10309, 42.29649 ], [ -83.10346, 42.29653 ], [ -83.10351, 42.29626 ], [ -83.10387, 42.2963 ], [ -83.10392, 42.29603 ], [ -83.1061, 42.29625 ], [ -83.106, 42.29678 ], [ -83.10667, 42.29712 ], [ -83.10662, 42.29739 ], [ -83.10771, 42.2975 ], [ -83.10761, 42.29803 ], [ -83.10798, 42.29806 ], [ -83.10793, 42.29833 ], [ -83.10756, 42.29829 ], [ -83.10751, 42.29856 ], [ -83.10788, 42.2986 ], [ -83.10778, 42.29913 ], [ -83.10845, 42.29947 ], [ -83.1084, 42.29973 ], [ -83.10877, 42.29977 ], [ -83.10867, 42.3003 ], [ -83.10903, 42.30034 ], [ -83.10883, 42.3014 ], [ -83.10811, 42.30133 ], [ -83.10806, 42.30159 ], [ -83.10733, 42.30152 ], [ -83.10728, 42.30178 ], [ -83.10692, 42.30175 ], [ -83.10672, 42.30281 ] ] ] } },
{ "type": "Feature", "properties": { "city": "Detroit", "view": "detected", "cls": "decay", "area_km2": 0.0261 }, "geometry": { "type": "Polygon", "coordinates": [ [ [ -83.15193, 42.29622 ], [ -83.15012, 42.29604 ], [ -83.15017, 42.29578 ], [ -83.1498, 42.29574 ], [ -83.1499, 42.29521 ], [ -83.15135, 42.29535 ], [ -83.15182, 42.29486 ], [ -83.15327, 42.295 ], [ -83.15317, 42.29553 ], [ -83.15239, 42.29573 ], [ -83.15234, 42.29599 ], [ -83.15198, 42.29596 ], [ -83.15193, 42.29622 ] ] ] } },
{ "type": "Feature", "properties": { "city": "Detroit", "view": "detected", "cls": "decay", "area_km2": 0.0036 }, "geometry": { "type": "Polygon", "coordinates": [ [ [ -83.11517, 42.2912 ], [ -83.11444, 42.29113 ], [ -83.11454, 42.2906 ], [ -83.11527, 42.29067 ], [ -83.11517, 42.2912 ] ] ] } },
{ "type": "Feature", "properties": { "city": "Detroit", "view": "detected", "cls": "decay", "area_km2": 0.0189 }, "geometry": { "type": "Polygon", "coordinates": [ [ [ -83.10667, 42.29116 ], [ -83.10595, 42.29109 ], [ -83.106, 42.29083 ], [ -83.10563, 42.29079 ], [ -83.10578, 42.28999 ], [ -83.10656, 42.2898 ], [ -83.10661, 42.28953 ], [ -83.10733, 42.28961 ], [ -83.1075, 42.2907 ], [ -83.10672, 42.2909 ], [ -83.10667, 42.29116 ] ] ] } },
{ "type": "Feature", "properties": { "city": "Detroit", "view": "detected", "cls": "decay", "area_km2": 0.018 }, "geometry": { "type": "Polygon", "coordinates": [ [ [ -83.13999, 42.29287 ], [ -83.13854, 42.29272 ], [ -83.13859, 42.29246 ], [ -83.13822, 42.29242 ], [ -83.13842, 42.29136 ], [ -83.13987, 42.2915 ], [ -83.13968, 42.29256 ], [ -83.14004, 42.2926 ], [ -83.13999, 42.29287 ] ] ] } },
{ "type": "Feature", "properties": { "city": "Detroit", "view": "detected", "cls": "decay", "area_km2": 0.0126 }, "geometry": { "type": "Polygon", "coordinates": [ [ [ -83.14543, 42.29341 ], [ -83.14471, 42.29334 ], [ -83.14476, 42.29307 ], [ -83.14439, 42.29304 ], [ -83.14454, 42.29224 ], [ -83.1449, 42.29227 ], [ -83.145, 42.29174 ], [ -83.14568, 42.29208 ], [ -83.14543, 42.29341 ] ] ] } },
{ "type": "Feature", "properties": { "city": "Detroit", "view": "detected", "cls": "decay", "area_km2": 0.0054 }, "geometry": { "type": "Polygon", "coordinates": [ [ [ -83.14231, 42.29229 ], [ -83.14195, 42.29225 ], [ -83.1421, 42.29145 ], [ -83.14288, 42.29126 ], [ -83.14273, 42.29206 ], [ -83.14236, 42.29202 ], [ -83.14231, 42.29229 ] ] ] } },
{ "type": "Feature", "properties": { "city": "Detroit", "view": "detected", "cls": "decay", "area_km2": 0.0351 }, "geometry": { "type": "Polygon", "coordinates": [ [ [ -83.136, 42.29247 ], [ -83.13527, 42.2924 ], [ -83.13532, 42.29213 ], [ -83.13423, 42.29202 ], [ -83.13428, 42.29176 ], [ -83.13465, 42.29179 ], [ -83.13521, 42.29077 ], [ -83.13598, 42.29057 ], [ -83.13603, 42.29031 ], [ -83.13712, 42.29041 ], [ -83.13728, 42.29151 ], [ -83.13692, 42.29148 ], [ -83.13682, 42.29201 ], [ -83.13605, 42.2922 ], [ -83.136, 42.29247 ] ] ] } },
{ "type": "Feature", "properties": { "city": "Detroit", "view": "detected", "cls": "decay", "area_km2": 0.0036 }, "geometry": { "type": "Polygon", "coordinates": [ [ [ -83.14261, 42.29069 ], [ -83.14189, 42.29062 ], [ -83.14198, 42.29009 ], [ -83.14271, 42.29016 ], [ -83.14261, 42.29069 ] ] ] } },
{ "type": "Feature", "properties": { "city": "Detroit", "view": "detected", "cls": "decay", "area_km2": 0.0027 }, "geometry": { "type": "Polygon", "coordinates": [ [ [ -83.14063, 42.28941 ], [ -83.13991, 42.28934 ], [ -83.14, 42.28881 ], [ -83.14068, 42.28915 ], [ -83.14063, 42.28941 ] ] ] } },
{ "type": "Feature", "properties": { "city": "Detroit", "view": "detected", "cls": "decay", "area_km2": 0.0198 }, "geometry": { "type": "Polygon", "coordinates": [ [ [ -83.13969, 42.28851 ], [ -83.13933, 42.28847 ], [ -83.13938, 42.2882 ], [ -83.13865, 42.28813 ], [ -83.1386, 42.2884 ], [ -83.13788, 42.28832 ], [ -83.13803, 42.28753 ], [ -83.1388, 42.28733 ], [ -83.13885, 42.28707 ], [ -83.13921, 42.2871 ], [ -83.13926, 42.28684 ], [ -83.13999, 42.28691 ], [ -83.13969, 42.28851 ] ] ] } },
{ "type": "Feature", "properties": { "city": "Detroit", "view": "detected", "cls": "decay", "area_km2": 0.0045 }, "geometry": { "type": "Polygon", "coordinates": [ [ [ -83.14243, 42.2877 ], [ -83.14175, 42.28736 ], [ -83.14185, 42.28683 ], [ -83.14258, 42.2869 ], [ -83.14243, 42.2877 ] ] ] } },
{ "type": "Feature", "properties": { "city": "Detroit", "view": "detected", "cls": "decay", "area_km2": 0.0144 }, "geometry": { "type": "Polygon", "coordinates": [ [ [ -83.11975, 42.28245 ], [ -83.11903, 42.28238 ], [ -83.11908, 42.28211 ], [ -83.11871, 42.28208 ], [ -83.11855, 42.28098 ], [ -83.11927, 42.28105 ], [ -83.11922, 42.28132 ], [ -83.11995, 42.28139 ], [ -83.1199, 42.28166 ], [ -83.12026, 42.28169 ], [ -83.12016, 42.28222 ], [ -83.1198, 42.28219 ], [ -83.11975, 42.28245 ] ] ] } },
{ "type": "Feature", "properties": { "city": "Detroit", "view": "detected", "cls": "decay", "area_km2": 0.0099 }, "geometry": { "type": "Polygon", "coordinates": [ [ [ -83.12404, 42.28126 ], [ -83.12295, 42.28115 ], [ -83.1231, 42.28035 ], [ -83.12455, 42.2805 ], [ -83.12445, 42.28103 ], [ -83.12409, 42.28099 ], [ -83.12404, 42.28126 ] ] ] } },
{ "type": "Feature", "properties": { "city": "Detroit", "view": "detected", "cls": "decay", "area_km2": 0.0108 }, "geometry": { "type": "Polygon", "coordinates": [ [ [ -83.15834, 42.27764 ], [ -83.15725, 42.27753 ], [ -83.15735, 42.277 ], [ -83.15812, 42.2768 ], [ -83.15817, 42.27654 ], [ -83.1589, 42.27661 ], [ -83.15875, 42.27741 ], [ -83.15839, 42.27737 ], [ -83.15834, 42.27764 ] ] ] } },
{ "type": "Feature", "properties": { "city": "Detroit", "view": "detected", "cls": "decay", "area_km2": 0.0036 }, "geometry": { "type": "Polygon", "coordinates": [ [ [ -83.15426, 42.27371 ], [ -83.15354, 42.27364 ], [ -83.15364, 42.27311 ], [ -83.15436, 42.27318 ], [ -83.15426, 42.27371 ] ] ] } },
{ "type": "Feature", "properties": { "city": "Detroit", "view": "detected", "cls": "decay", "area_km2": 0.0081 }, "geometry": { "type": "Polygon", "coordinates": [ [ [ -83.16048, 42.27406 ], [ -83.1598, 42.27372 ], [ -83.15995, 42.27293 ], [ -83.16068, 42.273 ], [ -83.16063, 42.27326 ], [ -83.16099, 42.2733 ], [ -83.16089, 42.27383 ], [ -83.16053, 42.2738 ], [ -83.16048, 42.27406 ] ] ] } },
{ "type": "Feature", "properties": { "city": "Detroit", "view": "detected", "cls": "decay", "area_km2": 0.0342 }, "geometry": { "type": "Polygon", "coordinates": [ [ [ -83.15474, 42.27511 ], [ -83.15402, 42.27504 ], [ -83.15407, 42.27478 ], [ -83.1537, 42.27474 ], [ -83.1538, 42.27421 ], [ -83.15458, 42.27401 ], [ -83.15463, 42.27375 ], [ -83.15499, 42.27379 ], [ -83.15504, 42.27352 ], [ -83.1554, 42.27356 ], [ -83.15565, 42.27223 ], [ -83.15601, 42.27226 ], [ -83.15611, 42.27173 ], [ -83.15647, 42.27177 ], [ -83.15642, 42.27203 ], [ -83.15678, 42.27207 ], [ -83.15649, 42.27366 ], [ -83.15571, 42.27386 ], [ -83.15562, 42.27439 ], [ -83.15525, 42.27435 ], [ -83.15515, 42.27488 ], [ -83.15479, 42.27485 ], [ -83.15474, 42.27511 ] ] ] } },
{ "type": "Feature", "properties": { "city": "Detroit", "view": "detected", "cls": "decay", "area_km2": 0.1719 }, "geometry": { "type": "Polygon", "coordinates": [ [ [ -83.14434, 42.27543 ], [ -83.14397, 42.27539 ], [ -83.14407, 42.27486 ], [ -83.14485, 42.27467 ], [ -83.1449, 42.2744 ], [ -83.14562, 42.27448 ], [ -83.14567, 42.27421 ], [ -83.14604, 42.27425 ], [ -83.14613, 42.27371 ], [ -83.14691, 42.27352 ], [ -83.14696, 42.27326 ], [ -83.14768, 42.27333 ], [ -83.14773, 42.27306 ], [ -83.1481, 42.2731 ], [ -83.14819, 42.27257 ], [ -83.14856, 42.2726 ], [ -83.1488, 42.27127 ], [ -83.14813, 42.27094 ], [ -83.14833, 42.26987 ], [ -83.14869, 42.26991 ], [ -83.14879, 42.26938 ], [ -83.14951, 42.26945 ], [ -83.14946, 42.26971 ], [ -83.14983, 42.26975 ], [ -83.14999, 42.27085 ], [ -83.15035, 42.27089 ], [ -83.1503, 42.27115 ], [ -83.15103, 42.27122 ], [ -83.15098, 42.27149 ], [ -83.15171, 42.27156 ], [ -83.15185, 42.27077 ], [ -83.15222, 42.2708 ], [ -83.15177, 42.27319 ], [ -83.15141, 42.27316 ], [ -83.15121, 42.27422 ], [ -83.15012, 42.27411 ], [ -83.15008, 42.27438 ], [ -83.14935, 42.27431 ], [ -83.14889, 42.2748 ], [ -83.14853, 42.27477 ], [ -83.14848, 42.27503 ], [ -83.14698, 42.27515 ], [ -83.14693, 42.27542 ], [ -83.14439, 42.27517 ], [ -83.14434, 42.27543 ] ] ] } }
]
}
