{
"type": "FeatureCollection",
"name": "boundaries",
"crs": { "type": "name", "properties": { "name": "urn:ogc:def:crs:OGC:1.3:CRS84" } },
"features": [
{ "type": "Feature", "properties": { "STATEFP": "42", "PLACEFP": "60000", "PLACENS": "01215531", "GEOID": "4260000", "GEOIDFQ": "1600000US4260000", "NAME": "Philadelphia", "NAMELSAD": "Philadelphia city", "LSAD": "25", "CLASSFP": "C5", "PCICBSA": "Y", "MTFCC": "G4110", "FUNCSTAT": "A", "ALAND": 347900747, "AWATER": 20969567, "INTPTLAT": "+40.0093755", "INTPTLON": "-075.1333459", "city": "Philadelphia" }, "geometry": { "type": "Polygon", "coordinates": [ [ [ -75.280266, 39.974964 ], [ -75.27951, 39.975349 ], [ -75.279137, 39.975552 ], [ -75.278938, 39.975654 ], [ -75.278186, 39.976041 ], [ -75.277669, 39.976312 ], [ -75.276482, 39.976959 ], [ -75.276131, 39.977127 ], [ -75.275871, 39.977245 ], [ -75.275468, 39.977429 ], [ -75.275284, 39.977512 ], [ -75.273552, 39.978279 ], [ -75.273154, 39.978455 ], [ -75.273026, 39.978512 ], [ -75.272255, 39.978855 ], [ -75.27153, 39.979176 ], [ -75.271309, 39.979275 ], [ -75.269257, 39.980186 ], [ -75.267973, 39.980757 ], [ -75.267398, 39.981014 ], [ -75.26725, 39.981079 ], [ -75.266251, 39.981525 ], [ -75.265566, 39.981832 ], [ -75.265511, 39.981857 ], [ -75.264748, 39.982193 ], [ -75.264386, 39.982356 ], [ -75.264351, 39.982372 ], [ -75.263687, 39.982658 ], [ -75.262946, 39.983045 ], [ -75.262794, 39.983124 ], [ -75.262512, 39.98328 ], [ -75.26078, 39.984241 ], [ -75.260689, 39.984295 ], [ -75.259476, 39.984955 ], [ -75.259284, 39.985073 ], [ -75.258842, 39.985348 ], [ -75.258705, 39.985428 ], [ -75.258545, 39.985527 ], [ -75.25695, 39.98671 ], [ -75.256874, 39.986771 ], [ -75.256287, 39.98719 ], [ -75.256119, 39.987301 ], [ -75.255676, 39.987499 ], [ -75.253999, 39.988304 ], [ -75.2516, 39.989429 ], [ -75.251546, 39.989454 ], [ -75.251438, 39.989504 ], [ -75.250786, 39.989803 ], [ -75.250336, 39.990017 ], [ -75.25013, 39.990116 ], [ -75.25, 39.99018 ], [ -75.249768, 39.99029 ], [ -75.249214, 39.990547 ], [ -75.247948, 39.991138 ], [ -75.245689, 39.992191 ], [ -75.243908, 39.993043 ], [ -75.243816, 39.993086 ], [ -75.24165, 39.994105 ], [ -75.240785, 39.99451 ], [ -75.239005, 39.995344 ], [ -75.238977, 39.995358 ], [ -75.237997, 39.995817 ], [ -75.237343, 39.996123 ], [ -75.237331, 39.996128 ], [ -75.23612, 39.996689 ], [ -75.235298, 39.99707 ], [ -75.234413, 39.997488 ], [ -75.234302, 39.997541 ], [ -75.234184, 39.997597 ], [ -75.234152, 39.997612 ], [ -75.233215, 39.998058 ], [ -75.232148, 39.998551 ], [ -75.232124, 39.998562 ], [ -75.232056, 39.998589 ], [ -75.230896, 39.99913 ], [ -75.230441, 39.999344 ], [ -75.229453, 39.999811 ], [ -75.228881, 40.000079 ], [ -75.228738, 40.000144 ], [ -75.228375, 40.000317 ], [ -75.22776, 40.000599 ], [ -75.227462, 40.000746 ], [ -75.227051, 40.000938 ], [ -75.226402, 40.001255 ], [ -75.223618, 40.002583 ], [ -75.220665, 40.003944 ], [ -75.219231, 40.004642 ], [ -75.218732, 40.004888 ], [ -75.218361, 40.00507 ], [ -75.216017, 40.006134 ], [ -75.215805, 40.006229 ], [ -75.213745, 40.00716 ], [ -75.211666, 40.008155 ], [ -75.211548, 40.008213 ], [ -75.21077, 40.008583 ], [ -75.210619, 40.008652 ], [ -75.20924, 40.009371 ], [ -75.2084, 40.009836 ], [ -75.208221, 40.009947 ], [ -75.20801, 40.010077 ], [ -75.207674, 40.010286 ], [ -75.207525, 40.010378 ], [ -75.207376, 40.01048 ], [ -75.207281, 40.010545 ], [ -75.207279, 40.010587 ], [ -75.207238, 40.010686 ], [ -75.207157, 40.010801 ], [ -75.2071, 40.010887 ], [ -75.206986, 40.010977 ], [ -75.206558, 40.011252 ], [ -75.205978, 40.011723 ], [ -75.206071, 40.011783 ], [ -75.206138, 40.011825 ], [ -75.206286, 40.011923 ], [ -75.206405, 40.012002 ], [ -75.207599, 40.012719 ], [ -75.207628, 40.012736 ], [ -75.207728, 40.012805 ], [ -75.208008, 40.012997 ], [ -75.208649, 40.013439 ], [ -75.210007, 40.014107 ], [ -75.212219, 40.015461 ], [ -75.213462, 40.016561 ], [ -75.213489, 40.016585 ], [ -75.213637, 40.016718 ], [ -75.21403, 40.017152 ], [ -75.214631, 40.017835 ], [ -75.215055, 40.018352 ], [ -75.215329, 40.018662 ], [ -75.215483, 40.018828 ], [ -75.215615, 40.018965 ], [ -75.21575, 40.0191 ], [ -75.215863, 40.019207 ], [ -75.216006, 40.019335 ], [ -75.216276, 40.019564 ], [ -75.217816, 40.020738 ], [ -75.218056, 40.020943 ], [ -75.218192, 40.021012 ], [ -75.218469, 40.021208 ], [ -75.218888, 40.021493 ], [ -75.21908, 40.021616 ], [ -75.219247, 40.021716 ], [ -75.219397, 40.021799 ], [ -75.219503, 40.021854 ], [ -75.219617, 40.021908 ], [ -75.21981, 40.021992 ], [ -75.219889, 40.022022 ], [ -75.220009, 40.022065 ], [ -75.220131, 40.022104 ], [ -75.220255, 40.02214 ], [ -75.220422, 40.022186 ], [ -75.220592, 40.022228 ], [ -75.22119, 40.022364 ], [ -75.221445, 40.022425 ], [ -75.221576, 40.02245 ], [ -75.221715, 40.022472 ], [ -75.221893, 40.02253 ], [ -75.222153, 40.022614 ], [ -75.223017, 40.023227 ], [ -75.223694, 40.023712 ], [ -75.223945, 40.023809 ], [ -75.225191, 40.024459 ], [ -75.226308, 40.025092 ], [ -75.226513, 40.025197 ], [ -75.226652, 40.025267 ], [ -75.227952, 40.025934 ], [ -75.228004, 40.025963 ], [ -75.228149, 40.026031 ], [ -75.22818, 40.026047 ], [ -75.228218, 40.026066 ], [ -75.228249, 40.026081 ], [ -75.229678, 40.026793 ], [ -75.230745, 40.027312 ], [ -75.230924, 40.027425 ], [ -75.231026, 40.027489 ], [ -75.231178, 40.02755 ], [ -75.231702, 40.027831 ], [ -75.231987, 40.027995 ], [ -75.232042, 40.028037 ], [ -75.232225, 40.028141 ], [ -75.232401, 40.028254 ], [ -75.232601, 40.02839 ], [ -75.232763, 40.028506 ], [ -75.232919, 40.028626 ], [ -75.233071, 40.02875 ], [ -75.233884, 40.029476 ], [ -75.234031, 40.029604 ], [ -75.23409, 40.02965 ], [ -75.23418, 40.02973 ], [ -75.234334, 40.029853 ], [ -75.234461, 40.029948 ], [ -75.234765, 40.030162 ], [ -75.235059, 40.030353 ], [ -75.2353, 40.030504 ], [ -75.236208, 40.031054 ], [ -75.236588, 40.03129 ], [ -75.237365, 40.031799 ], [ -75.237674, 40.032003 ], [ -75.237978, 40.032203 ], [ -75.238396, 40.032495 ], [ -75.239231, 40.033061 ], [ -75.239703, 40.033375 ], [ -75.23987, 40.033489 ], [ -75.240097, 40.033652 ], [ -75.240283, 40.033798 ], [ -75.2404, 40.033899 ], [ -75.240485, 40.033978 ], [ -75.240565, 40.034058 ], [ -75.240668, 40.034169 ], [ -75.240766, 40.034283 ], [ -75.24086, 40.034399 ], [ -75.241202, 40.034841 ], [ -75.241295, 40.034958 ], [ -75.241417, 40.035101 ], [ -75.24152, 40.035212 ], [ -75.241656, 40.035345 ], [ -75.241802, 40.035473 ], [ -75.241987, 40.035622 ], [ -75.24218, 40.035764 ], [ -75.242414, 40.035923 ], [ -75.242688, 40.036096 ], [ -75.24297, 40.036262 ], [ -75.243258, 40.036421 ], [ -75.243662, 40.036633 ], [ -75.244105, 40.036861 ], [ -75.244218, 40.036916 ], [ -75.244412, 40.037003 ], [ -75.244932, 40.037217 ], [ -75.245048, 40.037268 ], [ -75.24524, 40.037363 ], [ -75.245598, 40.037655 ], [ -75.245903, 40.037996 ], [ -75.24617, 40.03829 ], [ -75.246674, 40.039168 ], [ -75.247, 40.039738 ], [ -75.247322, 40.040096 ], [ -75.247919, 40.040762 ], [ -75.249039, 40.041848 ], [ -75.249181, 40.041951 ], [ -75.249349, 40.042073 ], [ -75.250334, 40.042789 ], [ -75.250986, 40.043263 ], [ -75.251222, 40.043447 ], [ -75.251298, 40.043505 ], [ -75.251361, 40.043554 ], [ -75.252882, 40.044733 ], [ -75.254226, 40.045689 ], [ -75.254318, 40.045755 ], [ -75.254678, 40.045924 ], [ -75.255098, 40.046122 ], [ -75.255893, 40.046497 ], [ -75.257655, 40.047611 ], [ -75.259621, 40.049238 ], [ -75.261097, 40.050671 ], [ -75.262677, 40.052304 ], [ -75.264431, 40.054094 ], [ -75.26386, 40.054557 ], [ -75.263811, 40.054602 ], [ -75.263596, 40.05481 ], [ -75.263519, 40.054871 ], [ -75.2635, 40.054888 ], [ -75.26324, 40.055128 ], [ -75.260551, 40.057603 ], [ -75.256707, 40.061142 ], [ -75.256683, 40.061163 ], [ -75.256559, 40.061158 ], [ -75.256422, 40.0612 ], [ -75.255886, 40.061673 ], [ -75.254886, 40.062645 ], [ -75.254424, 40.063094 ], [ -75.254356, 40.06318 ], [ -75.254343, 40.063313 ], [ -75.252209, 40.065278 ], [ -75.245857, 40.071127 ], [ -75.243458, 40.073334 ], [ -75.243288, 40.073494 ], [ -75.243214, 40.073558 ], [ -75.243133, 40.073628 ], [ -75.241277, 40.075446 ], [ -75.240942, 40.075758 ], [ -75.240869, 40.07583 ], [ -75.240658, 40.07604 ], [ -75.240382, 40.076336 ], [ -75.240121, 40.076592 ], [ -75.239984, 40.076716 ], [ -75.239632, 40.077035 ], [ -75.239349, 40.077309 ], [ -75.238197, 40.078464 ], [ -75.238088, 40.078572 ], [ -75.235767, 40.080852 ], [ -75.234456, 40.082139 ], [ -75.232952, 40.083618 ], [ -75.232908, 40.083665 ], [ -75.232596, 40.083998 ], [ -75.231851, 40.084726 ], [ -75.231721, 40.084852 ], [ -75.230929, 40.085628 ], [ -75.2305, 40.086022 ], [ -75.229772, 40.086758 ], [ -75.229612, 40.086922 ], [ -75.229581, 40.086953 ], [ -75.229061, 40.087469 ], [ -75.228974, 40.087556 ], [ -75.22869, 40.087839 ], [ -75.228277, 40.088251 ], [ -75.227882, 40.088642 ], [ -75.227829, 40.088696 ], [ -75.227776, 40.088745 ], [ -75.227707, 40.088818 ], [ -75.225182, 40.091347 ], [ -75.22361, 40.092907 ], [ -75.22242, 40.092232 ], [ -75.221573, 40.091755 ], [ -75.221222, 40.091557 ], [ -75.220305, 40.09103 ], [ -75.220234, 40.09099 ], [ -75.220056, 40.090889 ], [ -75.21965, 40.090654 ], [ -75.218001, 40.089705 ], [ -75.217964, 40.089684 ], [ -75.216798, 40.089015 ], [ -75.216782, 40.089005 ], [ -75.216696, 40.088955 ], [ -75.215172, 40.088074 ], [ -75.214348, 40.087605 ], [ -75.21357, 40.087154 ], [ -75.213388, 40.087042 ], [ -75.213302, 40.086963 ], [ -75.213198, 40.086865 ], [ -75.21247, 40.086066 ], [ -75.212375, 40.085995 ], [ -75.212194, 40.085971 ], [ -75.212111, 40.085962 ], [ -75.212007, 40.085968 ], [ -75.211928, 40.086006 ], [ -75.211868, 40.086086 ], [ -75.21172, 40.086012 ], [ -75.211525, 40.085915 ], [ -75.211456, 40.085883 ], [ -75.210449, 40.085419 ], [ -75.210388, 40.085392 ], [ -75.20977, 40.085133 ], [ -75.209396, 40.084927 ], [ -75.20874, 40.084435 ], [ -75.208412, 40.084175 ], [ -75.20784, 40.083778 ], [ -75.207649, 40.083668 ], [ -75.206711, 40.083214 ], [ -75.206322, 40.082993 ], [ -75.204865, 40.082157 ], [ -75.204716, 40.082071 ], [ -75.204147, 40.081741 ], [ -75.202652, 40.080894 ], [ -75.200928, 40.079899 ], [ -75.200378, 40.07959 ], [ -75.198492, 40.078507 ], [ -75.198334, 40.078415 ], [ -75.197721, 40.078061 ], [ -75.197601, 40.077991 ], [ -75.196419, 40.077305 ], [ -75.195938, 40.077034 ], [ -75.194992, 40.076496 ], [ -75.19174, 40.074652 ], [ -75.190831, 40.074114 ], [ -75.189203, 40.073174 ], [ -75.188866, 40.072971 ], [ -75.18875, 40.072908 ], [ -75.188461, 40.07275 ], [ -75.187065, 40.074177 ], [ -75.186096, 40.075123 ], [ -75.185988, 40.07523 ], [ -75.185837, 40.075378 ], [ -75.185379, 40.075821 ], [ -75.185036, 40.076153 ], [ -75.184952, 40.076237 ], [ -75.183399, 40.077789 ], [ -75.183113, 40.078064 ], [ -75.182898, 40.078276 ], [ -75.182617, 40.078552 ], [ -75.182053, 40.079102 ], [ -75.181819, 40.079329 ], [ -75.181473, 40.07967 ], [ -75.180901, 40.080219 ], [ -75.180792, 40.080325 ], [ -75.180583, 40.08053 ], [ -75.180275, 40.08083 ], [ -75.180019, 40.081075 ], [ -75.179756, 40.081333 ], [ -75.179214, 40.081867 ], [ -75.178711, 40.082367 ], [ -75.178223, 40.082855 ], [ -75.177696, 40.083378 ], [ -75.176481, 40.084607 ], [ -75.176438, 40.084649 ], [ -75.17617, 40.08449 ], [ -75.175873, 40.084309 ], [ -75.175331, 40.083988 ], [ -75.175072, 40.083835 ], [ -75.174782, 40.083664 ], [ -75.174156, 40.083294 ], [ -75.173592, 40.082958 ], [ -75.172951, 40.082581 ], [ -75.171906, 40.081987 ], [ -75.171717, 40.08188 ], [ -75.171661, 40.081848 ], [ -75.171601, 40.081813 ], [ -75.171348, 40.081664 ], [ -75.169914, 40.080818 ], [ -75.168243, 40.079834 ], [ -75.167641, 40.079479 ], [ -75.16497, 40.077869 ], [ -75.163399, 40.07695 ], [ -75.161957, 40.07613 ], [ -75.161285, 40.075764 ], [ -75.160429, 40.075301 ], [ -75.158417, 40.074169 ], [ -75.155834, 40.072733 ], [ -75.154694, 40.072084 ], [ -75.154076, 40.071732 ], [ -75.153333, 40.071309 ], [ -75.152756, 40.07098 ], [ -75.152185, 40.070656 ], [ -75.151886, 40.070488 ], [ -75.151596, 40.070328 ], [ -75.150719, 40.069828 ], [ -75.150002, 40.069424 ], [ -75.149574, 40.069187 ], [ -75.148331, 40.068485 ], [ -75.147644, 40.068096 ], [ -75.146683, 40.067547 ], [ -75.145477, 40.066856 ], [ -75.145452, 40.066842 ], [ -75.145187, 40.066692 ], [ -75.144857, 40.066503 ], [ -75.144547, 40.066322 ], [ -75.144096, 40.066067 ], [ -75.144066, 40.06605 ], [ -75.143117, 40.065493 ], [ -75.143056, 40.065458 ], [ -75.141876, 40.064793 ], [ -75.14185, 40.064778 ], [ -75.14119, 40.064405 ], [ -75.140897, 40.064239 ], [ -75.140851, 40.064213 ], [ -75.140709, 40.064133 ], [ -75.140579, 40.064056 ], [ -75.139427, 40.063358 ], [ -75.139365, 40.06332 ], [ -75.139352, 40.063313 ], [ -75.139313, 40.06329 ], [ -75.139076, 40.063154 ], [ -75.138932, 40.063071 ], [ -75.138213, 40.062659 ], [ -75.136948, 40.061935 ], [ -75.136719, 40.061821 ], [ -75.136528, 40.061729 ], [ -75.135193, 40.061031 ], [ -75.135124, 40.060989 ], [ -75.134888, 40.060852 ], [ -75.134392, 40.060532 ], [ -75.134087, 40.060337 ], [ -75.133316, 40.059818 ], [ -75.13253, 40.059299 ], [ -75.131683, 40.058777 ], [ -75.130402, 40.057964 ], [ -75.130135, 40.057796 ], [ -75.130046, 40.057739 ], [ -75.129814, 40.05759 ], [ -75.129021, 40.057091 ], [ -75.128555, 40.056812 ], [ -75.128488, 40.056772 ], [ -75.12709, 40.055931 ], [ -75.12632, 40.055481 ], [ -75.124916, 40.054684 ], [ -75.124619, 40.05452 ], [ -75.124451, 40.054428 ], [ -75.123756, 40.054058 ], [ -75.123314, 40.053822 ], [ -75.122147, 40.053177 ], [ -75.121643, 40.052891 ], [ -75.120827, 40.052425 ], [ -75.120018, 40.051964 ], [ -75.119545, 40.051697 ], [ -75.119467, 40.051653 ], [ -75.118771, 40.051254 ], [ -75.118652, 40.051186 ], [ -75.118553, 40.051132 ], [ -75.117104, 40.050304 ], [ -75.115036, 40.049118 ], [ -75.114506, 40.048806 ], [ -75.112912, 40.047882 ], [ -75.112871, 40.047858 ], [ -75.112363, 40.047563 ], [ -75.112055, 40.047385 ], [ -75.111141, 40.046858 ], [ -75.110985, 40.046769 ], [ -75.11087, 40.046702 ], [ -75.110731, 40.046622 ], [ -75.109431, 40.045874 ], [ -75.109406, 40.04584 ], [ -75.109353, 40.045942 ], [ -75.10931, 40.046031 ], [ -75.109022, 40.046641 ], [ -75.10891, 40.046826 ], [ -75.10876, 40.047063 ], [ -75.108605, 40.047298 ], [ -75.108443, 40.04753 ], [ -75.108275, 40.047759 ], [ -75.108092, 40.047982 ], [ -75.10789, 40.048195 ], [ -75.107675, 40.048399 ], [ -75.10745, 40.048599 ], [ -75.107226, 40.048798 ], [ -75.107033, 40.04897 ], [ -75.107002, 40.048997 ], [ -75.106773, 40.049194 ], [ -75.106531, 40.04938 ], [ -75.10627, 40.049548 ], [ -75.105994, 40.049706 ], [ -75.105723, 40.049866 ], [ -75.105453, 40.050029 ], [ -75.105185, 40.050192 ], [ -75.104914, 40.050355 ], [ -75.104801, 40.050422 ], [ -75.104645, 40.050517 ], [ -75.104568, 40.050563 ], [ -75.104374, 40.05068 ], [ -75.104102, 40.050842 ], [ -75.103829, 40.051003 ], [ -75.103557, 40.051164 ], [ -75.103279, 40.051314 ], [ -75.103249, 40.05133 ], [ -75.10323, 40.051355 ], [ -75.103006, 40.051475 ], [ -75.102726, 40.051624 ], [ -75.102445, 40.051773 ], [ -75.102413, 40.051792 ], [ -75.102171, 40.051931 ], [ -75.101899, 40.052091 ], [ -75.101631, 40.052255 ], [ -75.101367, 40.052423 ], [ -75.101105, 40.052591 ], [ -75.100935, 40.052699 ], [ -75.100896, 40.052723 ], [ -75.10084, 40.052759 ], [ -75.100801, 40.052782 ], [ -75.100573, 40.052924 ], [ -75.100303, 40.053085 ], [ -75.10025, 40.053114 ], [ -75.100028, 40.053241 ], [ -75.09983, 40.053352 ], [ -75.09975, 40.053396 ], [ -75.099472, 40.05355 ], [ -75.099194, 40.053703 ], [ -75.098916, 40.053859 ], [ -75.09864, 40.054014 ], [ -75.098364, 40.054169 ], [ -75.098086, 40.054324 ], [ -75.09781, 40.05448 ], [ -75.09772, 40.054531 ], [ -75.097539, 40.054636 ], [ -75.097525, 40.054642 ], [ -75.097484, 40.054665 ], [ -75.09726, 40.054793 ], [ -75.096985, 40.054951 ], [ -75.096711, 40.055109 ], [ -75.09644, 40.055268 ], [ -75.096169, 40.055429 ], [ -75.0959, 40.055593 ], [ -75.095633, 40.055759 ], [ -75.09536, 40.055908 ], [ -75.095214, 40.056004 ], [ -75.095078, 40.056091 ], [ -75.094841, 40.056255 ], [ -75.094673, 40.056362 ], [ -75.094566, 40.056431 ], [ -75.094315, 40.056595 ], [ -75.094193, 40.056679 ], [ -75.094056, 40.056771 ], [ -75.093701, 40.057074 ], [ -75.093504, 40.057241 ], [ -75.093644, 40.057429 ], [ -75.092692, 40.058309 ], [ -75.092291, 40.058704 ], [ -75.092035, 40.058952 ], [ -75.091969, 40.059015 ], [ -75.091462, 40.059491 ], [ -75.091385, 40.059563 ], [ -75.091133, 40.059822 ], [ -75.091094, 40.059863 ], [ -75.090462, 40.060528 ], [ -75.090416, 40.060581 ], [ -75.089706, 40.061298 ], [ -75.088966, 40.062042 ], [ -75.088671, 40.062342 ], [ -75.088196, 40.06282 ], [ -75.087425, 40.063599 ], [ -75.087875, 40.06385 ], [ -75.088064, 40.063956 ], [ -75.08876, 40.064342 ], [ -75.088912, 40.064432 ], [ -75.089272, 40.064644 ], [ -75.089378, 40.064705 ], [ -75.089518, 40.064786 ], [ -75.089752, 40.064922 ], [ -75.09037, 40.065285 ], [ -75.091783, 40.06611 ], [ -75.091919, 40.066189 ], [ -75.093223, 40.066935 ], [ -75.094948, 40.067947 ], [ -75.096458, 40.068829 ], [ -75.096634, 40.068932 ], [ -75.096733, 40.068989 ], [ -75.096214, 40.069492 ], [ -75.095184, 40.070499 ], [ -75.09384, 40.071829 ], [ -75.093651, 40.071753 ], [ -75.093124, 40.072334 ], [ -75.091545, 40.073902 ], [ -75.090317, 40.075115 ], [ -75.090193, 40.075238 ], [ -75.089828, 40.0756 ], [ -75.089088, 40.076374 ], [ -75.087898, 40.077606 ], [ -75.086906, 40.078648 ], [ -75.086861, 40.078625 ], [ -75.084453, 40.080948 ], [ -75.083415, 40.081953 ], [ -75.082456, 40.082884 ], [ -75.081649, 40.083667 ], [ -75.081189, 40.084116 ], [ -75.078906, 40.08523 ], [ -75.07881, 40.085277 ], [ -75.077805, 40.08577 ], [ -75.076431, 40.087193 ], [ -75.076416, 40.087208 ], [ -75.076393, 40.087227 ], [ -75.076385, 40.087234 ], [ -75.07637, 40.08725 ], [ -75.076363, 40.087265 ], [ -75.076249, 40.087377 ], [ -75.07621, 40.087417 ], [ -75.074582, 40.089103 ], [ -75.074561, 40.089124 ], [ -75.071369, 40.09243 ], [ -75.071281, 40.09252 ], [ -75.07127, 40.092532 ], [ -75.071171, 40.092635 ], [ -75.071009, 40.092802 ], [ -75.070708, 40.093114 ], [ -75.069456, 40.094411 ], [ -75.067703, 40.096224 ], [ -75.067174, 40.096772 ], [ -75.065651, 40.098354 ], [ -75.064933, 40.099092 ], [ -75.064457, 40.099584 ], [ -75.064203, 40.099846 ], [ -75.063745, 40.100321 ], [ -75.063603, 40.100466 ], [ -75.063537, 40.100533 ], [ -75.062796, 40.1013 ], [ -75.062732, 40.101367 ], [ -75.061401, 40.102741 ], [ -75.060318, 40.103859 ], [ -75.05954, 40.104656 ], [ -75.059196, 40.105011 ], [ -75.058342, 40.105892 ], [ -75.057953, 40.106163 ], [ -75.057518, 40.106377 ], [ -75.057067, 40.106632 ], [ -75.057178, 40.106694 ], [ -75.055328, 40.10799 ], [ -75.054321, 40.108692 ], [ -75.052975, 40.109636 ], [ -75.052925, 40.109669 ], [ -75.052134, 40.110221 ], [ -75.050658, 40.111252 ], [ -75.049526, 40.112042 ], [ -75.049392, 40.112135 ], [ -75.0493, 40.112199 ], [ -75.048542, 40.112729 ], [ -75.047449, 40.113492 ], [ -75.044263, 40.115713 ], [ -75.044216, 40.115747 ], [ -75.043856, 40.115997 ], [ -75.043807, 40.116031 ], [ -75.042307, 40.117078 ], [ -75.039043, 40.119356 ], [ -75.038709, 40.119599 ], [ -75.038336, 40.11987 ], [ -75.038289, 40.119902 ], [ -75.037842, 40.120213 ], [ -75.037554, 40.120413 ], [ -75.033633, 40.12313 ], [ -75.033263, 40.123385 ], [ -75.031805, 40.124397 ], [ -75.031652, 40.124503 ], [ -75.026233, 40.12826 ], [ -75.025787, 40.128571 ], [ -75.025131, 40.129082 ], [ -75.024891, 40.129216 ], [ -75.02371, 40.130053 ], [ -75.023008, 40.13055 ], [ -75.020571, 40.132274 ], [ -75.019598, 40.133229 ], [ -75.01795, 40.134848 ], [ -75.017777, 40.135025 ], [ -75.017021, 40.135806 ], [ -75.01649, 40.136354 ], [ -75.016322, 40.136527 ], [ -75.015629, 40.137335 ], [ -75.015066, 40.137992 ], [ -75.014703, 40.137771 ], [ -75.014575, 40.137693 ], [ -75.014388, 40.137578 ], [ -75.013884, 40.137269 ], [ -75.012745, 40.136573 ], [ -75.012587, 40.136477 ], [ -75.012378, 40.136349 ], [ -75.01227, 40.136284 ], [ -75.011899, 40.136058 ], [ -75.011454, 40.135788 ], [ -75.011047, 40.13553 ], [ -75.010627, 40.135276 ], [ -75.009465, 40.13457 ], [ -75.009117, 40.134355 ], [ -75.008664, 40.134075 ], [ -75.00853, 40.133992 ], [ -75.007687, 40.133528 ], [ -75.007412, 40.133377 ], [ -75.006902, 40.13308 ], [ -75.005988, 40.132548 ], [ -75.005946, 40.132524 ], [ -75.005902, 40.132498 ], [ -75.005692, 40.132376 ], [ -75.004096, 40.131447 ], [ -75.003998, 40.13139 ], [ -75.003909, 40.131339 ], [ -75.003255, 40.131012 ], [ -75.002273, 40.130377 ], [ -75.001525, 40.129936 ], [ -75.000957, 40.12961 ], [ -74.999744, 40.128911 ], [ -74.999584, 40.128819 ], [ -74.99946, 40.128748 ], [ -74.998981, 40.128459 ], [ -74.998564, 40.128217 ], [ -74.998518, 40.12819 ], [ -74.997885, 40.127816 ], [ -74.9978, 40.127902 ], [ -74.997571, 40.128117 ], [ -74.997448, 40.128249 ], [ -74.994187, 40.131516 ], [ -74.993894, 40.131883 ], [ -74.993673, 40.131734 ], [ -74.993508, 40.131616 ], [ -74.993431, 40.131552 ], [ -74.993355, 40.131461 ], [ -74.993211, 40.13132 ], [ -74.993101, 40.131185 ], [ -74.992997, 40.131051 ], [ -74.992922, 40.130947 ], [ -74.992841, 40.130816 ], [ -74.99278, 40.130726 ], [ -74.992751, 40.130606 ], [ -74.992744, 40.130505 ], [ -74.992772, 40.130424 ], [ -74.992814, 40.130302 ], [ -74.992864, 40.130226 ], [ -74.992941, 40.130197 ], [ -74.993047, 40.130188 ], [ -74.993104, 40.130093 ], [ -74.993113, 40.130017 ], [ -74.993101, 40.129894 ], [ -74.993134, 40.129796 ], [ -74.993186, 40.129762 ], [ -74.993278, 40.129734 ], [ -74.993389, 40.129705 ], [ -74.993481, 40.129672 ], [ -74.993524, 40.12963 ], [ -74.993503, 40.129514 ], [ -74.993449, 40.129427 ], [ -74.993417, 40.129176 ], [ -74.993422, 40.129003 ], [ -74.993506, 40.128773 ], [ -74.99366, 40.128753 ], [ -74.993692, 40.128676 ], [ -74.993783, 40.128614 ], [ -74.993812, 40.128507 ], [ -74.993795, 40.128461 ], [ -74.99366, 40.128383 ], [ -74.993687, 40.12821 ], [ -74.993668, 40.128114 ], [ -74.993752, 40.127912 ], [ -74.993894, 40.12775 ], [ -74.994005, 40.127676 ], [ -74.994237, 40.1275 ], [ -74.994407, 40.127278 ], [ -74.994473, 40.127111 ], [ -74.994526, 40.126953 ], [ -74.994544, 40.126682 ], [ -74.994481, 40.126521 ], [ -74.994426, 40.126415 ], [ -74.99435, 40.126219 ], [ -74.994276, 40.126142 ], [ -74.994167, 40.126094 ], [ -74.993924, 40.126048 ], [ -74.993481, 40.125999 ], [ -74.993147, 40.125937 ], [ -74.992876, 40.125906 ], [ -74.992636, 40.125911 ], [ -74.992364, 40.125933 ], [ -74.992044, 40.125986 ], [ -74.991702, 40.126071 ], [ -74.991454, 40.126135 ], [ -74.991066, 40.126204 ], [ -74.990782, 40.126268 ], [ -74.99062, 40.126296 ], [ -74.990425, 40.126257 ], [ -74.990364, 40.126243 ], [ -74.990294, 40.12623 ], [ -74.990081, 40.126231 ], [ -74.989559, 40.126235 ], [ -74.989338, 40.126196 ], [ -74.989156, 40.126162 ], [ -74.989058, 40.126107 ], [ -74.989042, 40.126013 ], [ -74.989012, 40.125906 ], [ -74.988977, 40.125797 ], [ -74.988991, 40.125725 ], [ -74.989067, 40.125635 ], [ -74.989072, 40.125568 ], [ -74.989014, 40.12548 ], [ -74.988939, 40.125419 ], [ -74.988797, 40.125308 ], [ -74.988713, 40.125153 ], [ -74.988695, 40.125096 ], [ -74.98858, 40.124858 ], [ -74.988605, 40.124643 ], [ -74.988632, 40.124416 ], [ -74.988453, 40.124268 ], [ -74.98778, 40.123917 ], [ -74.987707, 40.123897 ], [ -74.987543, 40.12379 ], [ -74.987385, 40.123665 ], [ -74.987315, 40.123586 ], [ -74.987195, 40.123512 ], [ -74.987045, 40.123478 ], [ -74.986907, 40.123375 ], [ -74.986844, 40.123327 ], [ -74.986697, 40.123187 ], [ -74.986669, 40.123161 ], [ -74.986547, 40.123058 ], [ -74.986491, 40.123039 ], [ -74.986425, 40.123048 ], [ -74.986243, 40.123135 ], [ -74.986036, 40.123249 ], [ -74.98592, 40.123332 ], [ -74.985674, 40.123483 ], [ -74.985528, 40.123604 ], [ -74.985133, 40.12383 ], [ -74.984983, 40.123896 ], [ -74.984754, 40.123874 ], [ -74.98446, 40.123807 ], [ -74.984419, 40.123798 ], [ -74.984386, 40.123758 ], [ -74.984358, 40.123663 ], [ -74.984306, 40.123593 ], [ -74.984213, 40.123561 ], [ -74.984079, 40.12356 ], [ -74.983975, 40.123596 ], [ -74.983677, 40.123609 ], [ -74.983543, 40.123632 ], [ -74.983432, 40.12362 ], [ -74.983282, 40.123535 ], [ -74.983001, 40.123377 ], [ -74.982958, 40.123353 ], [ -74.982678, 40.123007 ], [ -74.982585, 40.122854 ], [ -74.982584, 40.12279 ], [ -74.982602, 40.122737 ], [ -74.982738, 40.122537 ], [ -74.982756, 40.122449 ], [ -74.982722, 40.122352 ], [ -74.982633, 40.122215 ], [ -74.982505, 40.12195 ], [ -74.982447, 40.1219 ], [ -74.982326, 40.121905 ], [ -74.982253, 40.121895 ], [ -74.982291, 40.121739 ], [ -74.982448, 40.121442 ], [ -74.982541, 40.121321 ], [ -74.982605, 40.121182 ], [ -74.98277, 40.12115 ], [ -74.982931, 40.121093 ], [ -74.983002, 40.121008 ], [ -74.983068, 40.120891 ], [ -74.983081, 40.120797 ], [ -74.983078, 40.120641 ], [ -74.983033, 40.120456 ], [ -74.982983, 40.120349 ], [ -74.982921, 40.120282 ], [ -74.982788, 40.120222 ], [ -74.982714, 40.12017 ], [ -74.982673, 40.120109 ], [ -74.982618, 40.120047 ], [ -74.982515, 40.119989 ], [ -74.982371, 40.119942 ], [ -74.982164, 40.119915 ], [ -74.981981, 40.11991 ], [ -74.981833, 40.119919 ], [ -74.981697, 40.119961 ], [ -74.981587, 40.120022 ], [ -74.981507, 40.12008 ], [ -74.981324, 40.120149 ], [ -74.980809, 40.12007 ], [ -74.980215, 40.120015 ], [ -74.980112, 40.119933 ], [ -74.980076, 40.119903 ], [ -74.980058, 40.119883 ], [ -74.98004, 40.119862 ], [ -74.97994, 40.119742 ], [ -74.979843, 40.119625 ], [ -74.979762, 40.119565 ], [ -74.979712, 40.119499 ], [ -74.979599, 40.119421 ], [ -74.979469, 40.119379 ], [ -74.979283, 40.119344 ], [ -74.979132, 40.119343 ], [ -74.979008, 40.119372 ], [ -74.978891, 40.119419 ], [ -74.978799, 40.119486 ], [ -74.978687, 40.119534 ], [ -74.978603, 40.11954 ], [ -74.978478, 40.1195 ], [ -74.978367, 40.119455 ], [ -74.978243, 40.119481 ], [ -74.977975, 40.119594 ], [ -74.977737, 40.119654 ], [ -74.977646, 40.119695 ], [ -74.977587, 40.11976 ], [ -74.977548, 40.119829 ], [ -74.977519, 40.120018 ], [ -74.977382, 40.120062 ], [ -74.977246, 40.120061 ], [ -74.977142, 40.120025 ], [ -74.977041, 40.119959 ], [ -74.976929, 40.11992 ], [ -74.976794, 40.119925 ], [ -74.976611, 40.119966 ], [ -74.976398, 40.120041 ], [ -74.976136, 40.120142 ], [ -74.976071, 40.120201 ], [ -74.976029, 40.120278 ], [ -74.976066, 40.120377 ], [ -74.97603, 40.120437 ], [ -74.975931, 40.120457 ], [ -74.975814, 40.120434 ], [ -74.975731, 40.120392 ], [ -74.975732, 40.120318 ], [ -74.975724, 40.120252 ], [ -74.975671, 40.12019 ], [ -74.975566, 40.120172 ], [ -74.97539, 40.120189 ], [ -74.975226, 40.120216 ], [ -74.9751, 40.120211 ], [ -74.974972, 40.120164 ], [ -74.974805, 40.120075 ], [ -74.974689, 40.119999 ], [ -74.974612, 40.119911 ], [ -74.974536, 40.119849 ], [ -74.974427, 40.119797 ], [ -74.974287, 40.119785 ], [ -74.974075, 40.119787 ], [ -74.973608, 40.119806 ], [ -74.973366, 40.119796 ], [ -74.973111, 40.11978 ], [ -74.972961, 40.119803 ], [ -74.972646, 40.119655 ], [ -74.972052, 40.11926 ], [ -74.971873, 40.119084 ], [ -74.971422, 40.118573 ], [ -74.971172, 40.11826 ], [ -74.971086, 40.118079 ], [ -74.97095, 40.117909 ], [ -74.970884, 40.117851 ], [ -74.970842, 40.117752 ], [ -74.97075, 40.117645 ], [ -74.970614, 40.117524 ], [ -74.970451, 40.117384 ], [ -74.970347, 40.11719 ], [ -74.970268, 40.117085 ], [ -74.970178, 40.117004 ], [ -74.970082, 40.116961 ], [ -74.969986, 40.116947 ], [ -74.969916, 40.116956 ], [ -74.969866, 40.116981 ], [ -74.969813, 40.117013 ], [ -74.969738, 40.117017 ], [ -74.969646, 40.117 ], [ -74.969592, 40.116973 ], [ -74.969479, 40.116915 ], [ -74.969325, 40.116847 ], [ -74.969202, 40.116817 ], [ -74.969086, 40.116841 ], [ -74.968916, 40.116873 ], [ -74.968685, 40.116935 ], [ -74.96844, 40.117026 ], [ -74.96832, 40.117093 ], [ -74.968216, 40.117169 ], [ -74.968125, 40.117216 ], [ -74.968035, 40.117292 ], [ -74.96789, 40.1174 ], [ -74.967732, 40.117524 ], [ -74.967559, 40.117627 ], [ -74.967516, 40.117678 ], [ -74.967483, 40.117799 ], [ -74.967461, 40.117876 ], [ -74.967353, 40.117928 ], [ -74.967122, 40.117943 ], [ -74.96695, 40.118003 ], [ -74.966721, 40.118047 ], [ -74.966533, 40.118078 ], [ -74.966384, 40.118112 ], [ -74.966079, 40.118234 ], [ -74.965898, 40.118306 ], [ -74.965463, 40.118553 ], [ -74.965205, 40.118613 ], [ -74.964991, 40.118635 ], [ -74.96474, 40.11857 ], [ -74.964612, 40.118476 ], [ -74.964526, 40.118372 ], [ -74.964497, 40.118316 ], [ -74.964507, 40.118237 ], [ -74.964488, 40.118122 ], [ -74.964417, 40.117981 ], [ -74.964333, 40.117822 ], [ -74.96428, 40.11762 ], [ -74.96426, 40.117558 ], [ -74.964206, 40.117395 ], [ -74.964145, 40.117325 ], [ -74.964115, 40.11729 ], [ -74.963997, 40.117223 ], [ -74.963829, 40.117123 ], [ -74.963735, 40.11708 ], [ -74.963575, 40.117039 ], [ -74.963442, 40.117004 ], [ -74.963377, 40.116966 ], [ -74.963294, 40.116888 ], [ -74.963219, 40.116759 ], [ -74.963174, 40.116675 ], [ -74.96315, 40.116499 ], [ -74.963141, 40.116358 ], [ -74.963155, 40.116196 ], [ -74.963132, 40.116096 ], [ -74.963114, 40.115997 ], [ -74.96311, 40.115871 ], [ -74.963146, 40.115791 ], [ -74.9632, 40.115712 ], [ -74.963248, 40.115642 ], [ -74.963316, 40.115517 ], [ -74.963329, 40.115473 ], [ -74.963394, 40.11529 ], [ -74.963413, 40.115209 ], [ -74.963348, 40.115126 ], [ -74.96326, 40.115026 ], [ -74.963236, 40.114961 ], [ -74.963168, 40.114816 ], [ -74.963201, 40.114676 ], [ -74.963346, 40.114338 ], [ -74.963456, 40.1142 ], [ -74.963669, 40.113992 ], [ -74.964, 40.113682 ], [ -74.96409, 40.113554 ], [ -74.964137, 40.113462 ], [ -74.964155, 40.113373 ], [ -74.964136, 40.113281 ], [ -74.964021, 40.11301 ], [ -74.963918, 40.11263 ], [ -74.963877, 40.112431 ], [ -74.963883, 40.112194 ], [ -74.963879, 40.112003 ], [ -74.963849, 40.111913 ], [ -74.963783, 40.111738 ], [ -74.963776, 40.111645 ], [ -74.963795, 40.111544 ], [ -74.963851, 40.111473 ], [ -74.963934, 40.111373 ], [ -74.964045, 40.111211 ], [ -74.964104, 40.111061 ], [ -74.96412, 40.110951 ], [ -74.96412, 40.110858 ], [ -74.964039, 40.110706 ], [ -74.963901, 40.11056 ], [ -74.963838, 40.110457 ], [ -74.963839, 40.11037 ], [ -74.963811, 40.110221 ], [ -74.963745, 40.110086 ], [ -74.963709, 40.109957 ], [ -74.963709, 40.109867 ], [ -74.96377, 40.109753 ], [ -74.96389, 40.109602 ], [ -74.963977, 40.109508 ], [ -74.964074, 40.109453 ], [ -74.964233, 40.109427 ], [ -74.964408, 40.109498 ], [ -74.964508, 40.109469 ], [ -74.964601, 40.109401 ], [ -74.964678, 40.109313 ], [ -74.964737, 40.109181 ], [ -74.964763, 40.109083 ], [ -74.964809, 40.108997 ], [ -74.964876, 40.108926 ], [ -74.964934, 40.108878 ], [ -74.965058, 40.10882 ], [ -74.965116, 40.108773 ], [ -74.965205, 40.108653 ], [ -74.965386, 40.108387 ], [ -74.965574, 40.108152 ], [ -74.965607, 40.108091 ], [ -74.96556, 40.10804 ], [ -74.965502, 40.107981 ], [ -74.965431, 40.107886 ], [ -74.965367, 40.107774 ], [ -74.965294, 40.107622 ], [ -74.965211, 40.107443 ], [ -74.965122, 40.107304 ], [ -74.965056, 40.107215 ], [ -74.964977, 40.10719 ], [ -74.964725, 40.107173 ], [ -74.96442, 40.107139 ], [ -74.964194, 40.107119 ], [ -74.963957, 40.107099 ], [ -74.963682, 40.107047 ], [ -74.963516, 40.106981 ], [ -74.963335, 40.106872 ], [ -74.963248, 40.106771 ], [ -74.963199, 40.106671 ], [ -74.963268, 40.10656 ], [ -74.963372, 40.106513 ], [ -74.963459, 40.106482 ], [ -74.963595, 40.10644 ], [ -74.963658, 40.106378 ], [ -74.963669, 40.106279 ], [ -74.963605, 40.106138 ], [ -74.963627, 40.106063 ], [ -74.963691, 40.105969 ], [ -74.963785, 40.105902 ], [ -74.963906, 40.105803 ], [ -74.963962, 40.105729 ], [ -74.963962, 40.105636 ], [ -74.963926, 40.105589 ], [ -74.963796, 40.105539 ], [ -74.963591, 40.105468 ], [ -74.963398, 40.105385 ], [ -74.963183, 40.105284 ], [ -74.962963, 40.105203 ], [ -74.962692, 40.105135 ], [ -74.962554, 40.105077 ], [ -74.962498, 40.104985 ], [ -74.962446, 40.104883 ], [ -74.962428, 40.104848 ], [ -74.962432, 40.104755 ], [ -74.962466, 40.104648 ], [ -74.962538, 40.104548 ], [ -74.962538, 40.104476 ], [ -74.962377, 40.104344 ], [ -74.96209, 40.104137 ], [ -74.961991, 40.104018 ], [ -74.961766, 40.10381 ], [ -74.961563, 40.103674 ], [ -74.961401, 40.103574 ], [ -74.961227, 40.103489 ], [ -74.961156, 40.103446 ], [ -74.961141, 40.103431 ], [ -74.961001, 40.103324 ], [ -74.960886, 40.103104 ], [ -74.960908, 40.103033 ], [ -74.961065, 40.10295 ], [ -74.961051, 40.102918 ], [ -74.961088, 40.102777 ], [ -74.961198, 40.102597 ], [ -74.961201, 40.10242 ], [ -74.961233, 40.102276 ], [ -74.961289, 40.102121 ], [ -74.961293, 40.102016 ], [ -74.961268, 40.101949 ], [ -74.961176, 40.101868 ], [ -74.9611, 40.101797 ], [ -74.96106, 40.101668 ], [ -74.961124, 40.101397 ], [ -74.961225, 40.101289 ], [ -74.961393, 40.101151 ], [ -74.961476, 40.10106 ], [ -74.961642, 40.100896 ], [ -74.9617, 40.100769 ], [ -74.961687, 40.100731 ], [ -74.961743, 40.100648 ], [ -74.961767, 40.100521 ], [ -74.961799, 40.100377 ], [ -74.961845, 40.100169 ], [ -74.961853, 40.100088 ], [ -74.961888, 40.099903 ], [ -74.961931, 40.099788 ], [ -74.961976, 40.099708 ], [ -74.962012, 40.099651 ], [ -74.962019, 40.099587 ], [ -74.961984, 40.099502 ], [ -74.961916, 40.099408 ], [ -74.961814, 40.099318 ], [ -74.961738, 40.099255 ], [ -74.961672, 40.099196 ], [ -74.961685, 40.099155 ], [ -74.961729, 40.099092 ], [ -74.961784, 40.099036 ], [ -74.962069, 40.098767 ], [ -74.962093, 40.098663 ], [ -74.962061, 40.09861 ], [ -74.961907, 40.098496 ], [ -74.961723, 40.098378 ], [ -74.961605, 40.098291 ], [ -74.961577, 40.09823 ], [ -74.961595, 40.098166 ], [ -74.961659, 40.098095 ], [ -74.961773, 40.098017 ], [ -74.961811, 40.097928 ], [ -74.961807, 40.097852 ], [ -74.961787, 40.097773 ], [ -74.961766, 40.097752 ], [ -74.961722, 40.097708 ], [ -74.961618, 40.097662 ], [ -74.961443, 40.0976 ], [ -74.961342, 40.097496 ], [ -74.961192, 40.097447 ], [ -74.961049, 40.097431 ], [ -74.960455, 40.097464 ], [ -74.960083, 40.097376 ], [ -74.95994, 40.09737 ], [ -74.959339, 40.097129 ], [ -74.959154, 40.097047 ], [ -74.958771, 40.096938 ], [ -74.958749, 40.096929 ], [ -74.958623, 40.096872 ], [ -74.958488, 40.09681 ], [ -74.958345, 40.096723 ], [ -74.958159, 40.096569 ], [ -74.957744, 40.096091 ], [ -74.957415, 40.09597 ], [ -74.957079, 40.095915 ], [ -74.956829, 40.095943 ], [ -74.956636, 40.095943 ], [ -74.956271, 40.095767 ], [ -74.956164, 40.095745 ], [ -74.956114, 40.095691 ], [ -74.956063, 40.09557 ], [ -74.955835, 40.095235 ], [ -74.955777, 40.095103 ], [ -74.955763, 40.094982 ], [ -74.955813, 40.094856 ], [ -74.955913, 40.094718 ], [ -74.956049, 40.094598 ], [ -74.956306, 40.094037 ], [ -74.956328, 40.093845 ], [ -74.956299, 40.093636 ], [ -74.956308, 40.093204 ], [ -74.956326, 40.09312 ], [ -74.956345, 40.09299 ], [ -74.956392, 40.092897 ], [ -74.956447, 40.092757 ], [ -74.95655, 40.092599 ], [ -74.956643, 40.09245 ], [ -74.956764, 40.092274 ], [ -74.956885, 40.092088 ], [ -74.957006, 40.091985 ], [ -74.957089, 40.091902 ], [ -74.957145, 40.091762 ], [ -74.95721, 40.09165 ], [ -74.957257, 40.09153 ], [ -74.957396, 40.091316 ], [ -74.957573, 40.09112 ], [ -74.957703, 40.090925 ], [ -74.957815, 40.09073 ], [ -74.957899, 40.090571 ], [ -74.957936, 40.090423 ], [ -74.957945, 40.090348 ], [ -74.957936, 40.090237 ], [ -74.957917, 40.090116 ], [ -74.957824, 40.089995 ], [ -74.957747, 40.089844 ], [ -74.957807, 40.089763 ], [ -74.957857, 40.089694 ], [ -74.957978, 40.089529 ], [ -74.958036, 40.089451 ], [ -74.958122, 40.089333 ], [ -74.958158, 40.08926 ], [ -74.958165, 40.089159 ], [ -74.958173, 40.088999 ], [ -74.95818, 40.088811 ], [ -74.958028, 40.088405 ], [ -74.958006, 40.088275 ], [ -74.957948, 40.088101 ], [ -74.957825, 40.08784 ], [ -74.957687, 40.087623 ], [ -74.957622, 40.087311 ], [ -74.9576, 40.087181 ], [ -74.9576, 40.087094 ], [ -74.957666, 40.087029 ], [ -74.957753, 40.086949 ], [ -74.957825, 40.086877 ], [ -74.957912, 40.086812 ], [ -74.957948, 40.086746 ], [ -74.958006, 40.086645 ], [ -74.958028, 40.086551 ], [ -74.958035, 40.086471 ], [ -74.958021, 40.086391 ], [ -74.958028, 40.086239 ], [ -74.958093, 40.086131 ], [ -74.958173, 40.086015 ], [ -74.958209, 40.08587 ], [ -74.958214, 40.085642 ], [ -74.95825, 40.085274 ], [ -74.958297, 40.085058 ], [ -74.958349, 40.084942 ], [ -74.958385, 40.084897 ], [ -74.958626, 40.084593 ], [ -74.958678, 40.084382 ], [ -74.958629, 40.084294 ], [ -74.958547, 40.084257 ], [ -74.958421, 40.084207 ], [ -74.958364, 40.084113 ], [ -74.958372, 40.084023 ], [ -74.958382, 40.083957 ], [ -74.958421, 40.08392 ], [ -74.958591, 40.083924 ], [ -74.958654, 40.083913 ], [ -74.958721, 40.083901 ], [ -74.958902, 40.083723 ], [ -74.958964, 40.083585 ], [ -74.958983, 40.083452 ], [ -74.958943, 40.08332 ], [ -74.958956, 40.083222 ], [ -74.958946, 40.083161 ], [ -74.959017, 40.083081 ], [ -74.959133, 40.082919 ], [ -74.959153, 40.082806 ], [ -74.95913, 40.082715 ], [ -74.959038, 40.082582 ], [ -74.958999, 40.082503 ], [ -74.95905, 40.082409 ], [ -74.959085, 40.082349 ], [ -74.959248, 40.082373 ], [ -74.959652, 40.082316 ], [ -74.959742, 40.082304 ], [ -74.959858, 40.082248 ], [ -74.959953, 40.082137 ], [ -74.96001, 40.082049 ], [ -74.960049, 40.081922 ], [ -74.960072, 40.081785 ], [ -74.960077, 40.081672 ], [ -74.960078, 40.081535 ], [ -74.96006, 40.081451 ], [ -74.960039, 40.081323 ], [ -74.960243, 40.081109 ], [ -74.9603, 40.081053 ], [ -74.960411, 40.080967 ], [ -74.960814, 40.080651 ], [ -74.960882, 40.080583 ], [ -74.961075, 40.080441 ], [ -74.961121, 40.080388 ], [ -74.961272, 40.080187 ], [ -74.961405, 40.08003 ], [ -74.961522, 40.079922 ], [ -74.961634, 40.079838 ], [ -74.961728, 40.079774 ], [ -74.961893, 40.079662 ], [ -74.962014, 40.079584 ], [ -74.962106, 40.079472 ], [ -74.962132, 40.079376 ], [ -74.962129, 40.079329 ], [ -74.962155, 40.079118 ], [ -74.962199, 40.079009 ], [ -74.962269, 40.078894 ], [ -74.962332, 40.078825 ], [ -74.962371, 40.078785 ], [ -74.962468, 40.078688 ], [ -74.962505, 40.078639 ], [ -74.962534, 40.078579 ], [ -74.962532, 40.078519 ], [ -74.962517, 40.078459 ], [ -74.96248, 40.078405 ], [ -74.96243, 40.078253 ], [ -74.962429, 40.078231 ], [ -74.962452, 40.078201 ], [ -74.962526, 40.078123 ], [ -74.96258, 40.078073 ], [ -74.962661, 40.077995 ], [ -74.962714, 40.077859 ], [ -74.962761, 40.077774 ], [ -74.962861, 40.077692 ], [ -74.962935, 40.077646 ], [ -74.963021, 40.077571 ], [ -74.963067, 40.077504 ], [ -74.963092, 40.077418 ], [ -74.963145, 40.077326 ], [ -74.963266, 40.077241 ], [ -74.963334, 40.077212 ], [ -74.963466, 40.077155 ], [ -74.963604, 40.077105 ], [ -74.963764, 40.077063 ], [ -74.963989, 40.077041 ], [ -74.964234, 40.077059 ], [ -74.964485, 40.077098 ], [ -74.964514, 40.077105 ], [ -74.964842, 40.077148 ], [ -74.964887, 40.077157 ], [ -74.964963, 40.07717 ], [ -74.965424, 40.07723 ], [ -74.965614, 40.077244 ], [ -74.965924, 40.077281 ], [ -74.966216, 40.077258 ], [ -74.966401, 40.077189 ], [ -74.96653, 40.077082 ], [ -74.966674, 40.076888 ], [ -74.966734, 40.076735 ], [ -74.966771, 40.076633 ], [ -74.966882, 40.076439 ], [ -74.967063, 40.076378 ], [ -74.967401, 40.076337 ], [ -74.967586, 40.076337 ], [ -74.967767, 40.076318 ], [ -74.96803, 40.076314 ], [ -74.968447, 40.0763 ], [ -74.968762, 40.0763 ], [ -74.96904, 40.076328 ], [ -74.969229, 40.076357 ], [ -74.969295, 40.076399 ], [ -74.96948, 40.076454 ], [ -74.969627, 40.076474 ], [ -74.969749, 40.076474 ], [ -74.969824, 40.076445 ], [ -74.9699, 40.076387 ], [ -74.970011, 40.076333 ], [ -74.970109, 40.076269 ], [ -74.97025, 40.076219 ], [ -74.970367, 40.076222 ], [ -74.97051, 40.076238 ], [ -74.970692, 40.076253 ], [ -74.970837, 40.076213 ], [ -74.97094, 40.076135 ], [ -74.971086, 40.076007 ], [ -74.971133, 40.075966 ], [ -74.971197, 40.075934 ], [ -74.971299, 40.075841 ], [ -74.971331, 40.075721 ], [ -74.97135, 40.075619 ], [ -74.971355, 40.075541 ], [ -74.97135, 40.075429 ], [ -74.971345, 40.075323 ], [ -74.971313, 40.075226 ], [ -74.97128, 40.075064 ], [ -74.971271, 40.074939 ], [ -74.97128, 40.074828 ], [ -74.971308, 40.074693 ], [ -74.971336, 40.074642 ], [ -74.971392, 40.074587 ], [ -74.971466, 40.074517 ], [ -74.971484, 40.074429 ], [ -74.971466, 40.074355 ], [ -74.971438, 40.074295 ], [ -74.971405, 40.074258 ], [ -74.971262, 40.074147 ], [ -74.971063, 40.073966 ], [ -74.971036, 40.073857 ], [ -74.971036, 40.073824 ], [ -74.971062, 40.073731 ], [ -74.971103, 40.073695 ], [ -74.971258, 40.073606 ], [ -74.971398, 40.073518 ], [ -74.971626, 40.073374 ], [ -74.971943, 40.073322 ], [ -74.97208, 40.073249 ], [ -74.972153, 40.073201 ], [ -74.972212, 40.073142 ], [ -74.972235, 40.073038 ], [ -74.972238, 40.072939 ], [ -74.972263, 40.072799 ], [ -74.972282, 40.072684 ], [ -74.97229, 40.07267 ], [ -74.972334, 40.072559 ], [ -74.972349, 40.072408 ], [ -74.972378, 40.072342 ], [ -74.972445, 40.072235 ], [ -74.972585, 40.072139 ], [ -74.972935, 40.071921 ], [ -74.973062, 40.071876 ], [ -74.973212, 40.071826 ], [ -74.97338, 40.071747 ], [ -74.973474, 40.071689 ], [ -74.973528, 40.071633 ], [ -74.973565, 40.071574 ], [ -74.973602, 40.071522 ], [ -74.973605, 40.071458 ], [ -74.973616, 40.071392 ], [ -74.973631, 40.071345 ], [ -74.973744, 40.071245 ], [ -74.973866, 40.071185 ], [ -74.973888, 40.071175 ], [ -74.973901, 40.07117 ], [ -74.973989, 40.071132 ], [ -74.974138, 40.071068 ], [ -74.974197, 40.071043 ], [ -74.974325, 40.070988 ], [ -74.974416, 40.070972 ], [ -74.97461, 40.070893 ], [ -74.9748, 40.070821 ], [ -74.974898, 40.07076 ], [ -74.97498, 40.070678 ], [ -74.97504, 40.070593 ], [ -74.97507, 40.070494 ], [ -74.9751, 40.070398 ], [ -74.975122, 40.070288 ], [ -74.97512, 40.070224 ], [ -74.975096, 40.070062 ], [ -74.975098, 40.070034 ], [ -74.975173, 40.069985 ], [ -74.975237, 40.069943 ], [ -74.975266, 40.06993 ], [ -74.975483, 40.069833 ], [ -74.975995, 40.069603 ], [ -74.976142, 40.069482 ], [ -74.976202, 40.069432 ], [ -74.976288, 40.069328 ], [ -74.976618, 40.069204 ], [ -74.976699, 40.069144 ], [ -74.976733, 40.06907 ], [ -74.976786, 40.069009 ], [ -74.97686, 40.068875 ], [ -74.976887, 40.068794 ], [ -74.976901, 40.068713 ], [ -74.976988, 40.068632 ], [ -74.977103, 40.068444 ], [ -74.977103, 40.068397 ], [ -74.977116, 40.068323 ], [ -74.977124, 40.06825 ], [ -74.97721, 40.068168 ], [ -74.977298, 40.068121 ], [ -74.977416, 40.068028 ], [ -74.977627, 40.067906 ], [ -74.977857, 40.067808 ], [ -74.978008, 40.067725 ], [ -74.978159, 40.067638 ], [ -74.978371, 40.067577 ], [ -74.978616, 40.067519 ], [ -74.978881, 40.067422 ], [ -74.979092, 40.067367 ], [ -74.979181, 40.067302 ], [ -74.979412, 40.067198 ], [ -74.979555, 40.067081 ], [ -74.979605, 40.067035 ], [ -74.979712, 40.066973 ], [ -74.97978, 40.066911 ], [ -74.979804, 40.066855 ], [ -74.979837, 40.066792 ], [ -74.979844, 40.066719 ], [ -74.979914, 40.066626 ], [ -74.97999, 40.066566 ], [ -74.980192, 40.066445 ], [ -74.980421, 40.066337 ], [ -74.980575, 40.06625 ], [ -74.98069, 40.066203 ], [ -74.980838, 40.066102 ], [ -74.980878, 40.066028 ], [ -74.980892, 40.065907 ], [ -74.980919, 40.065718 ], [ -74.980953, 40.065565 ], [ -74.980989, 40.065508 ], [ -74.981023, 40.064939 ], [ -74.981016, 40.064847 ], [ -74.980939, 40.064713 ], [ -74.980903, 40.064616 ], [ -74.980873, 40.064466 ], [ -74.980901, 40.064381 ], [ -74.980905, 40.064269 ], [ -74.981022, 40.063818 ], [ -74.981139, 40.063683 ], [ -74.98114, 40.063368 ], [ -74.980905, 40.063007 ], [ -74.980905, 40.062737 ], [ -74.980864, 40.062695 ], [ -74.980803, 40.062595 ], [ -74.980807, 40.062502 ], [ -74.980829, 40.062399 ], [ -74.980868, 40.062293 ], [ -74.980912, 40.06218 ], [ -74.980974, 40.062093 ], [ -74.980985, 40.062078 ], [ -74.981007, 40.061965 ], [ -74.981029, 40.061859 ], [ -74.981015, 40.061779 ], [ -74.981001, 40.061688 ], [ -74.980953, 40.06159 ], [ -74.980908, 40.06141 ], [ -74.980917, 40.061304 ], [ -74.980934, 40.061197 ], [ -74.980943, 40.061094 ], [ -74.980926, 40.060983 ], [ -74.980917, 40.06088 ], [ -74.980886, 40.060792 ], [ -74.980842, 40.060684 ], [ -74.980767, 40.060606 ], [ -74.980548, 40.060454 ], [ -74.980481, 40.060383 ], [ -74.980437, 40.060304 ], [ -74.981551, 40.059448 ], [ -74.981844, 40.059088 ], [ -74.982372, 40.058683 ], [ -74.9829, 40.058367 ], [ -74.983017, 40.058367 ], [ -74.98331, 40.058187 ], [ -74.98387, 40.057948 ], [ -74.983894, 40.057938 ], [ -74.983997, 40.05792 ], [ -74.984171, 40.057873 ], [ -74.984287, 40.057837 ], [ -74.984372, 40.057786 ], [ -74.984539, 40.057636 ], [ -74.984913, 40.057392 ], [ -74.985065, 40.057292 ], [ -74.985152, 40.057199 ], [ -74.985186, 40.057106 ], [ -74.985181, 40.057012 ], [ -74.985163, 40.056932 ], [ -74.984942, 40.056727 ], [ -74.98482, 40.056603 ], [ -74.984693, 40.05651 ], [ -74.984589, 40.056404 ], [ -74.984493, 40.056291 ], [ -74.984473, 40.05627 ], [ -74.984302, 40.05585 ], [ -74.98419, 40.055575 ], [ -74.984203, 40.055516 ], [ -74.984199, 40.055503 ], [ -74.98419, 40.05547 ], [ -74.98419, 40.055349 ], [ -74.984073, 40.055124 ], [ -74.983997, 40.055066 ], [ -74.983968, 40.055043 ], [ -74.983932, 40.055016 ], [ -74.983904, 40.054994 ], [ -74.983889, 40.054979 ], [ -74.983838, 40.054912 ], [ -74.983555, 40.054538 ], [ -74.983487, 40.054448 ], [ -74.983194, 40.054223 ], [ -74.982666, 40.053953 ], [ -74.982549, 40.053953 ], [ -74.982202, 40.053804 ], [ -74.982022, 40.053727 ], [ -74.980028, 40.053637 ], [ -74.979735, 40.053547 ], [ -74.979715, 40.053473 ], [ -74.979695, 40.053399 ], [ -74.979549, 40.053245 ], [ -74.979466, 40.053157 ], [ -74.979094, 40.052861 ], [ -74.978558, 40.052493 ], [ -74.978415, 40.052415 ], [ -74.978186, 40.05229 ], [ -74.977923, 40.052132 ], [ -74.976281, 40.050659 ], [ -74.976012, 40.050417 ], [ -74.974996, 40.049506 ], [ -74.974784, 40.049316 ], [ -74.975761, 40.04815 ], [ -74.976214, 40.0477 ], [ -74.97664, 40.047408 ], [ -74.977188, 40.047166 ], [ -74.978256, 40.046858 ], [ -74.978616, 40.046756 ], [ -74.979199, 40.046594 ], [ -74.979892, 40.046341 ], [ -74.980591, 40.045944 ], [ -74.981167, 40.045528 ], [ -74.981634, 40.045152 ], [ -74.982349, 40.044475 ], [ -74.98267, 40.044079 ], [ -74.983133, 40.043507 ], [ -74.983828, 40.042713 ], [ -74.98443, 40.042155 ], [ -74.984848, 40.041836 ], [ -74.984943, 40.041769 ], [ -74.985664, 40.041303 ], [ -74.98628, 40.040942 ], [ -74.987024, 40.040483 ], [ -74.987676, 40.039983 ], [ -74.987707, 40.039958 ], [ -74.990724, 40.037349 ], [ -74.992555, 40.035764 ], [ -74.995782, 40.032894 ], [ -74.99773, 40.031163 ], [ -74.998759, 40.030281 ], [ -74.999759, 40.029605 ], [ -75.000467, 40.029192 ], [ -75.000861, 40.028963 ], [ -75.0021, 40.028203 ], [ -75.003423, 40.027393 ], [ -75.00623, 40.025671 ], [ -75.009692, 40.023463 ], [ -75.01063, 40.022785 ], [ -75.012595, 40.021273 ], [ -75.013229, 40.020878 ], [ -75.013677, 40.020599 ], [ -75.013944, 40.020441 ], [ -75.014864, 40.019895 ], [ -75.016278, 40.019213 ], [ -75.018256, 40.018385 ], [ -75.019369, 40.017982 ], [ -75.020415, 40.017705 ], [ -75.020606, 40.017667 ], [ -75.021479, 40.017492 ], [ -75.022501, 40.017277 ], [ -75.023771, 40.017069 ], [ -75.026581, 40.016658 ], [ -75.029453, 40.016279 ], [ -75.030527, 40.016138 ], [ -75.030938, 40.016092 ], [ -75.031929, 40.015918 ], [ -75.033053, 40.01573 ], [ -75.034783, 40.015421 ], [ -75.035462, 40.015244 ], [ -75.036581, 40.014954 ], [ -75.037879, 40.014555 ], [ -75.038484, 40.014333 ], [ -75.03867, 40.01427 ], [ -75.040379, 40.013612 ], [ -75.041604, 40.013088 ], [ -75.042634, 40.012568 ], [ -75.043188, 40.012299 ], [ -75.043471, 40.012168 ], [ -75.045951, 40.010864 ], [ -75.047007, 40.0103 ], [ -75.047313, 40.010119 ], [ -75.048024, 40.00972 ], [ -75.048831, 40.009182 ], [ -75.049939, 40.008381 ], [ -75.05092, 40.007624 ], [ -75.051711, 40.006991 ], [ -75.052356, 40.006385 ], [ -75.052664, 40.006007 ], [ -75.052878, 40.005745 ], [ -75.053945, 40.004123 ], [ -75.054221, 40.003693 ], [ -75.055162, 40.002395 ], [ -75.056027, 40.000919 ], [ -75.056935, 39.999414 ], [ -75.058089, 39.997404 ], [ -75.05843, 39.996665 ], [ -75.058819, 39.995719 ], [ -75.059397, 39.99419 ], [ -75.059785, 39.99326 ], [ -75.060082, 39.992567 ], [ -75.060639, 39.99148 ], [ -75.061113, 39.990555 ], [ -75.062614, 39.988156 ], [ -75.064149, 39.98653 ], [ -75.065512, 39.985074 ], [ -75.065774, 39.984779 ], [ -75.065877, 39.984698 ], [ -75.067816, 39.983281 ], [ -75.068088, 39.983082 ], [ -75.068781, 39.982506 ], [ -75.069392, 39.981999 ], [ -75.070138, 39.981444 ], [ -75.0712, 39.980737 ], [ -75.072237, 39.980125 ], [ -75.073231, 39.979559 ], [ -75.074497, 39.978937 ], [ -75.075823, 39.978347 ], [ -75.077229, 39.977823 ], [ -75.07841, 39.977418 ], [ -75.0802, 39.97702 ], [ -75.081218, 39.976673 ], [ -75.082576, 39.976402 ], [ -75.086391, 39.975666 ], [ -75.088133, 39.975365 ], [ -75.091542, 39.974776 ], [ -75.092492, 39.974613 ], [ -75.093469, 39.974446 ], [ -75.094015, 39.974338 ], [ -75.094557, 39.974232 ], [ -75.096372, 39.973981 ], [ -75.097389, 39.973705 ], [ -75.098464, 39.973414 ], [ -75.099181, 39.973258 ], [ -75.101352, 39.972719 ], [ -75.103042, 39.972258 ], [ -75.105077, 39.971596 ], [ -75.106755, 39.970967 ], [ -75.10767, 39.970612 ], [ -75.108452, 39.970309 ], [ -75.110513, 39.96951 ], [ -75.112887, 39.968531 ], [ -75.118822, 39.965947 ], [ -75.119154, 39.965803 ], [ -75.119448, 39.965675 ], [ -75.123367, 39.963776 ], [ -75.1243, 39.963299 ], [ -75.125777, 39.962544 ], [ -75.127775, 39.961522 ], [ -75.129088, 39.960709 ], [ -75.12983, 39.960217 ], [ -75.130495, 39.959596 ], [ -75.13088, 39.959144 ], [ -75.13108, 39.958909 ], [ -75.131538, 39.958283 ], [ -75.132268, 39.957043 ], [ -75.132639, 39.956381 ], [ -75.133347, 39.955113 ], [ -75.133698, 39.95462 ], [ -75.13376, 39.95446 ], [ -75.133855, 39.954217 ], [ -75.134242, 39.953419 ], [ -75.134455, 39.952995 ], [ -75.134515, 39.952879 ], [ -75.134688, 39.952498 ], [ -75.134878, 39.952076 ], [ -75.135319, 39.950813 ], [ -75.135741, 39.949519 ], [ -75.135761, 39.949452 ], [ -75.135805, 39.949233 ], [ -75.135891, 39.948885 ], [ -75.136037, 39.948269 ], [ -75.136171, 39.947476 ], [ -75.136288, 39.946588 ], [ -75.136316, 39.945841 ], [ -75.136227, 39.944932 ], [ -75.13614, 39.944416 ], [ -75.135966, 39.943289 ], [ -75.135861, 39.942649 ], [ -75.135763, 39.941963 ], [ -75.135699, 39.940795 ], [ -75.135722, 39.940149 ], [ -75.135714, 39.93948 ], [ -75.135745, 39.938737 ], [ -75.1358, 39.937434 ], [ -75.135838, 39.936548 ], [ -75.135928, 39.934361 ], [ -75.135954, 39.933803 ], [ -75.135912, 39.932445 ], [ -75.13578, 39.931572 ], [ -75.135608, 39.930657 ], [ -75.13531, 39.929285 ], [ -75.135178, 39.928698 ], [ -75.134654, 39.927369 ], [ -75.134119, 39.926086 ], [ -75.134008, 39.925824 ], [ -75.133569, 39.924859 ], [ -75.132235, 39.921932 ], [ -75.132176, 39.921804 ], [ -75.131379, 39.920053 ], [ -75.131045, 39.919208 ], [ -75.130757, 39.91848 ], [ -75.130485, 39.917693 ], [ -75.13035, 39.917404 ], [ -75.130187, 39.916669 ], [ -75.130059, 39.91615 ], [ -75.12999, 39.915885 ], [ -75.129785, 39.914806 ], [ -75.129683, 39.914224 ], [ -75.129514, 39.913218 ], [ -75.129383, 39.912324 ], [ -75.129299, 39.911304 ], [ -75.129239, 39.910173 ], [ -75.129197, 39.909122 ], [ -75.129232, 39.908216 ], [ -75.129275, 39.907481 ], [ -75.129284, 39.90739 ], [ -75.129396, 39.906629 ], [ -75.129483, 39.906221 ], [ -75.129649, 39.905426 ], [ -75.129673, 39.905329 ], [ -75.129704, 39.905206 ], [ -75.129845, 39.904635 ], [ -75.130127, 39.903735 ], [ -75.130409, 39.902866 ], [ -75.130544, 39.902537 ], [ -75.131232, 39.900785 ], [ -75.131368, 39.900443 ], [ -75.131755, 39.89954 ], [ -75.132295, 39.898327 ], [ -75.133203, 39.896264 ], [ -75.13459, 39.893621 ], [ -75.134996, 39.892857 ], [ -75.135568, 39.891776 ], [ -75.135853, 39.891266 ], [ -75.136286, 39.890751 ], [ -75.13689, 39.890081 ], [ -75.13773, 39.889177 ], [ -75.139019, 39.887902 ], [ -75.139555, 39.887374 ], [ -75.140389, 39.886613 ], [ -75.141117, 39.88593 ], [ -75.142343, 39.88521 ], [ -75.143306, 39.88485 ], [ -75.144367, 39.884424 ], [ -75.144606, 39.884339 ], [ -75.145259, 39.884237 ], [ -75.146164, 39.884104 ], [ -75.146947, 39.884061 ], [ -75.149247, 39.883935 ], [ -75.152372, 39.883751 ], [ -75.157631, 39.883377 ], [ -75.159972, 39.883192 ], [ -75.162171, 39.882907 ], [ -75.162885, 39.882789 ], [ -75.163812, 39.882634 ], [ -75.164187, 39.882571 ], [ -75.165315, 39.882353 ], [ -75.166995, 39.88203 ], [ -75.169655, 39.881581 ], [ -75.172144, 39.881287 ], [ -75.174311, 39.881085 ], [ -75.175045, 39.881018 ], [ -75.176887, 39.8809 ], [ -75.178233, 39.880803 ], [ -75.179287, 39.880763 ], [ -75.183784, 39.880892 ], [ -75.184568, 39.880913 ], [ -75.184947, 39.880886 ], [ -75.185417, 39.880853 ], [ -75.186266, 39.880776 ], [ -75.187035, 39.880635 ], [ -75.187221, 39.880583 ], [ -75.187661, 39.880458 ], [ -75.188331, 39.880234 ], [ -75.18898, 39.879994 ], [ -75.190135, 39.879463 ], [ -75.193413, 39.87802 ], [ -75.194229, 39.877661 ], [ -75.195229, 39.877208 ], [ -75.195804, 39.876899 ], [ -75.197007, 39.87626 ], [ -75.198185, 39.875682 ], [ -75.199428, 39.875009 ], [ -75.200577, 39.874436 ], [ -75.200649, 39.8744 ], [ -75.202103, 39.873621 ], [ -75.205096, 39.87197 ], [ -75.206657, 39.871082 ], [ -75.207312, 39.870667 ], [ -75.207946, 39.870283 ], [ -75.211975, 39.867464 ], [ -75.216039, 39.871115 ], [ -75.216022, 39.871358 ], [ -75.216015, 39.871468 ], [ -75.215801, 39.874828 ], [ -75.215787, 39.875052 ], [ -75.215727, 39.876018 ], [ -75.215722, 39.876087 ], [ -75.2159, 39.876059 ], [ -75.216046, 39.876024 ], [ -75.216203, 39.875991 ], [ -75.216348, 39.875957 ], [ -75.21637, 39.875952 ], [ -75.216702, 39.875876 ], [ -75.216844, 39.875843 ], [ -75.217013, 39.875807 ], [ -75.217515, 39.875745 ], [ -75.217701, 39.87572 ], [ -75.217858, 39.875701 ], [ -75.218034, 39.875683 ], [ -75.21832, 39.875678 ], [ -75.218824, 39.875672 ], [ -75.218885, 39.875673 ], [ -75.218921, 39.875669 ], [ -75.219241, 39.875591 ], [ -75.219445, 39.875543 ], [ -75.21962, 39.875502 ], [ -75.219648, 39.875491 ], [ -75.219703, 39.875476 ], [ -75.219735, 39.875473 ], [ -75.21977, 39.875479 ], [ -75.220865, 39.87557 ], [ -75.221041, 39.875586 ], [ -75.221229, 39.875602 ], [ -75.221275, 39.875606 ], [ -75.222081, 39.875674 ], [ -75.222697, 39.87573 ], [ -75.222869, 39.87575 ], [ -75.223065, 39.875774 ], [ -75.223152, 39.875784 ], [ -75.223763, 39.875858 ], [ -75.224653, 39.876023 ], [ -75.224857, 39.87606 ], [ -75.225028, 39.876093 ], [ -75.225951, 39.876266 ], [ -75.226844, 39.876402 ], [ -75.22689, 39.876404 ], [ -75.227119, 39.876436 ], [ -75.22847, 39.876631 ], [ -75.228724, 39.876667 ], [ -75.228905, 39.876692 ], [ -75.229985, 39.876847 ], [ -75.230475, 39.876889 ], [ -75.230644, 39.876901 ], [ -75.230772, 39.876912 ], [ -75.230806, 39.876915 ], [ -75.230846, 39.876919 ], [ -75.230996, 39.876933 ], [ -75.231055, 39.876938 ], [ -75.23187, 39.87701 ], [ -75.231929, 39.877016 ], [ -75.23231, 39.877056 ], [ -75.232549, 39.877082 ], [ -75.232657, 39.877093 ], [ -75.232814, 39.877111 ], [ -75.232991, 39.877128 ], [ -75.233271, 39.877154 ], [ -75.233956, 39.877177 ], [ -75.234018, 39.877179 ], [ -75.234122, 39.877181 ], [ -75.234302, 39.877136 ], [ -75.23448, 39.877094 ], [ -75.234652, 39.877053 ], [ -75.234684, 39.877045 ], [ -75.235024, 39.876964 ], [ -75.235537, 39.876751 ], [ -75.235795, 39.876579 ], [ -75.235928, 39.876488 ], [ -75.235966, 39.876461 ], [ -75.23605, 39.876404 ], [ -75.23637, 39.876187 ], [ -75.23664, 39.875736 ], [ -75.236713, 39.875614 ], [ -75.236774, 39.875475 ], [ -75.236785, 39.875446 ], [ -75.236932, 39.875116 ], [ -75.2375, 39.87508 ], [ -75.23759, 39.874982 ], [ -75.237536, 39.874911 ], [ -75.2375, 39.874867 ], [ -75.237459, 39.874804 ], [ -75.23811, 39.874593 ], [ -75.238246, 39.874446 ], [ -75.238325, 39.874362 ], [ -75.238376, 39.874301 ], [ -75.238688, 39.873959 ], [ -75.238992, 39.873836 ], [ -75.239171, 39.873609 ], [ -75.23926, 39.87349 ], [ -75.239348, 39.873372 ], [ -75.239404, 39.873299 ], [ -75.240098, 39.87303 ], [ -75.240105, 39.872858 ], [ -75.240101, 39.872731 ], [ -75.2401, 39.872629 ], [ -75.240101, 39.872597 ], [ -75.24047, 39.872381 ], [ -75.240898, 39.8724 ], [ -75.240937, 39.872405 ], [ -75.241088, 39.872438 ], [ -75.241216, 39.872466 ], [ -75.241371, 39.872501 ], [ -75.241419, 39.872511 ], [ -75.241555, 39.87254 ], [ -75.241746, 39.872585 ], [ -75.242218, 39.872777 ], [ -75.24229, 39.872808 ], [ -75.242568, 39.872955 ], [ -75.242694, 39.873021 ], [ -75.242729, 39.873039 ], [ -75.246626, 39.875013 ], [ -75.246734, 39.875068 ], [ -75.246776, 39.875103 ], [ -75.246824, 39.875142 ], [ -75.247531, 39.875734 ], [ -75.248098, 39.876208 ], [ -75.2483, 39.876377 ], [ -75.248404, 39.876464 ], [ -75.248431, 39.876485 ], [ -75.249644, 39.876311 ], [ -75.250302, 39.876217 ], [ -75.251301, 39.876074 ], [ -75.251751, 39.876009 ], [ -75.252257, 39.875937 ], [ -75.252725, 39.875965 ], [ -75.252901, 39.875975 ], [ -75.252934, 39.875977 ], [ -75.253017, 39.875983 ], [ -75.253217, 39.875996 ], [ -75.253456, 39.876011 ], [ -75.253515, 39.876015 ], [ -75.253665, 39.876023 ], [ -75.253737, 39.876027 ], [ -75.253986, 39.876042 ], [ -75.254291, 39.876061 ], [ -75.254652, 39.876083 ], [ -75.255084, 39.876109 ], [ -75.255435, 39.87613 ], [ -75.256127, 39.876172 ], [ -75.257146, 39.876234 ], [ -75.25741, 39.87625 ], [ -75.257719, 39.876269 ], [ -75.257852, 39.876277 ], [ -75.258571, 39.876321 ], [ -75.259016, 39.876348 ], [ -75.259273, 39.876363 ], [ -75.259723, 39.876391 ], [ -75.259854, 39.876399 ], [ -75.259899, 39.876402 ], [ -75.261245, 39.876484 ], [ -75.261509, 39.876499 ], [ -75.261651, 39.876508 ], [ -75.26222, 39.876542 ], [ -75.262476, 39.876558 ], [ -75.262528, 39.876561 ], [ -75.262539, 39.876578 ], [ -75.262559, 39.876615 ], [ -75.262655, 39.876786 ], [ -75.263467, 39.878226 ], [ -75.264832, 39.880647 ], [ -75.265003, 39.880983 ], [ -75.265078, 39.881462 ], [ -75.265112, 39.881657 ], [ -75.264563, 39.882123 ], [ -75.264336, 39.882258 ], [ -75.263082, 39.882356 ], [ -75.262263, 39.882572 ], [ -75.261946, 39.882889 ], [ -75.261886, 39.883069 ], [ -75.261965, 39.88324 ], [ -75.262433, 39.883634 ], [ -75.264184, 39.884163 ], [ -75.264408, 39.88432 ], [ -75.264491, 39.884544 ], [ -75.264602, 39.884737 ], [ -75.264448, 39.884858 ], [ -75.264227, 39.885002 ], [ -75.263153, 39.885301 ], [ -75.26273, 39.885554 ], [ -75.262617, 39.885805 ], [ -75.262683, 39.886026 ], [ -75.262804, 39.886083 ], [ -75.26282, 39.886084 ], [ -75.26284, 39.886135 ], [ -75.26296, 39.886181 ], [ -75.263807, 39.886166 ], [ -75.264088, 39.886094 ], [ -75.264385, 39.886162 ], [ -75.264549, 39.886226 ], [ -75.264719, 39.886356 ], [ -75.264817, 39.886431 ], [ -75.264869, 39.886523 ], [ -75.264951, 39.886655 ], [ -75.265001, 39.886734 ], [ -75.265056, 39.886819 ], [ -75.265112, 39.886943 ], [ -75.265123, 39.886967 ], [ -75.265153, 39.887142 ], [ -75.265147, 39.887317 ], [ -75.265113, 39.887524 ], [ -75.265084, 39.887578 ], [ -75.26501, 39.887706 ], [ -75.264917, 39.887873 ], [ -75.264878, 39.887927 ], [ -75.264743, 39.888068 ], [ -75.264613, 39.888205 ], [ -75.264463, 39.88832 ], [ -75.264276, 39.888401 ], [ -75.264012, 39.888457 ], [ -75.26374, 39.888473 ], [ -75.26339, 39.888449 ], [ -75.26299, 39.888401 ], [ -75.262692, 39.888343 ], [ -75.262485, 39.888406 ], [ -75.262306, 39.888537 ], [ -75.262212, 39.888692 ], [ -75.262145, 39.888905 ], [ -75.262108, 39.889141 ], [ -75.262092, 39.889355 ], [ -75.262097, 39.889664 ], [ -75.262111, 39.889896 ], [ -75.262135, 39.890093 ], [ -75.26212, 39.890267 ], [ -75.262112, 39.890465 ], [ -75.262045, 39.890688 ], [ -75.261891, 39.891299 ], [ -75.261865, 39.891444 ], [ -75.2618, 39.891618 ], [ -75.261743, 39.891774 ], [ -75.261613, 39.891884 ], [ -75.261512, 39.891938 ], [ -75.261321, 39.891984 ], [ -75.261107, 39.892076 ], [ -75.260738, 39.892174 ], [ -75.260147, 39.892296 ], [ -75.259935, 39.892325 ], [ -75.259751, 39.892349 ], [ -75.259547, 39.892351 ], [ -75.259354, 39.892397 ], [ -75.259112, 39.892436 ], [ -75.258962, 39.892522 ], [ -75.258782, 39.892666 ], [ -75.258571, 39.892802 ], [ -75.25839, 39.892978 ], [ -75.258214, 39.893159 ], [ -75.258023, 39.893359 ], [ -75.257831, 39.893562 ], [ -75.257671, 39.893727 ], [ -75.257434, 39.894003 ], [ -75.256908, 39.894538 ], [ -75.256741, 39.894726 ], [ -75.256662, 39.894848 ], [ -75.256659, 39.894933 ], [ -75.256708, 39.89503 ], [ -75.256789, 39.895189 ], [ -75.256967, 39.895356 ], [ -75.257123, 39.895461 ], [ -75.257272, 39.89556 ], [ -75.257389, 39.895704 ], [ -75.257362, 39.895844 ], [ -75.257282, 39.895984 ], [ -75.257277, 39.895995 ], [ -75.257147, 39.89615 ], [ -75.256934, 39.896359 ], [ -75.256761, 39.896495 ], [ -75.25645, 39.896843 ], [ -75.256235, 39.897097 ], [ -75.25609, 39.89729 ], [ -75.255982, 39.897468 ], [ -75.255804, 39.897722 ], [ -75.255618, 39.897943 ], [ -75.255506, 39.898183 ], [ -75.25533, 39.89842 ], [ -75.255224, 39.898491 ], [ -75.255156, 39.898585 ], [ -75.255095, 39.898666 ], [ -75.255093, 39.898756 ], [ -75.255107, 39.898842 ], [ -75.255115, 39.898882 ], [ -75.255131, 39.898899 ], [ -75.255174, 39.898943 ], [ -75.255188, 39.898979 ], [ -75.25525, 39.899137 ], [ -75.255375, 39.899291 ], [ -75.255553, 39.899499 ], [ -75.25561, 39.899576 ], [ -75.255597, 39.899596 ], [ -75.253563, 39.901826 ], [ -75.25179, 39.903835 ], [ -75.251288, 39.904403 ], [ -75.252971, 39.905309 ], [ -75.253492, 39.905585 ], [ -75.25256, 39.90655 ], [ -75.2525, 39.906614 ], [ -75.25248, 39.906633 ], [ -75.252398, 39.906636 ], [ -75.25233, 39.906644 ], [ -75.252156, 39.906665 ], [ -75.251995, 39.906688 ], [ -75.251759, 39.906744 ], [ -75.251633, 39.906814 ], [ -75.251501, 39.906901 ], [ -75.251307, 39.907031 ], [ -75.251059, 39.907178 ], [ -75.250872, 39.907285 ], [ -75.250716, 39.907366 ], [ -75.250446, 39.907539 ], [ -75.250319, 39.907626 ], [ -75.250271, 39.907708 ], [ -75.250224, 39.907808 ], [ -75.250205, 39.907915 ], [ -75.250183, 39.908061 ], [ -75.250198, 39.908286 ], [ -75.250196, 39.908323 ], [ -75.250193, 39.908448 ], [ -75.250168, 39.908565 ], [ -75.25012, 39.90872 ], [ -75.25005, 39.908881 ], [ -75.250008, 39.909036 ], [ -75.249941, 39.909146 ], [ -75.249901, 39.909268 ], [ -75.249929, 39.909352 ], [ -75.250002, 39.90943 ], [ -75.250045, 39.909459 ], [ -75.250158, 39.9095 ], [ -75.250289, 39.90953 ], [ -75.250476, 39.909532 ], [ -75.250656, 39.909568 ], [ -75.250885, 39.909633 ], [ -75.251107, 39.909708 ], [ -75.251229, 39.909776 ], [ -75.251298, 39.909855 ], [ -75.251288, 39.909983 ], [ -75.251498, 39.910051 ], [ -75.251268, 39.910031 ], [ -75.251237, 39.91011 ], [ -75.251123, 39.910248 ], [ -75.251001, 39.910376 ], [ -75.250871, 39.910532 ], [ -75.25072, 39.910659 ], [ -75.250615, 39.91077 ], [ -75.250537, 39.910887 ], [ -75.250401, 39.911042 ], [ -75.250353, 39.911077 ], [ -75.250194, 39.911196 ], [ -75.249926, 39.911293 ], [ -75.249748, 39.911369 ], [ -75.249518, 39.911477 ], [ -75.249332, 39.911553 ], [ -75.249161, 39.91164 ], [ -75.24898, 39.911749 ], [ -75.248854, 39.911854 ], [ -75.248762, 39.911983 ], [ -75.248719, 39.912139 ], [ -75.248685, 39.912302 ], [ -75.248598, 39.912504 ], [ -75.248558, 39.912604 ], [ -75.24851, 39.912722 ], [ -75.248432, 39.91284 ], [ -75.248377, 39.912934 ], [ -75.248295, 39.913012 ], [ -75.248212, 39.913077 ], [ -75.248056, 39.913165 ], [ -75.247831, 39.913285 ], [ -75.2476, 39.913388 ], [ -75.2474, 39.913502 ], [ -75.2472, 39.913578 ], [ -75.247191, 39.913588 ], [ -75.247116, 39.913678 ], [ -75.247068, 39.913778 ], [ -75.247063, 39.913907 ], [ -75.247117, 39.914043 ], [ -75.247222, 39.914164 ], [ -75.247323, 39.914286 ], [ -75.247592, 39.914362 ], [ -75.247569, 39.914488 ], [ -75.247583, 39.914563 ], [ -75.247594, 39.914611 ], [ -75.247631, 39.914636 ], [ -75.247706, 39.914722 ], [ -75.247715, 39.914837 ], [ -75.247654, 39.914955 ], [ -75.247555, 39.915078 ], [ -75.247485, 39.915213 ], [ -75.247347, 39.915399 ], [ -75.247187, 39.915632 ], [ -75.247136, 39.915727 ], [ -75.247056, 39.915851 ], [ -75.246987, 39.91593 ], [ -75.246919, 39.916005 ], [ -75.246842, 39.916087 ], [ -75.246781, 39.916165 ], [ -75.246752, 39.916232 ], [ -75.246763, 39.916329 ], [ -75.246787, 39.916448 ], [ -75.246834, 39.916559 ], [ -75.246882, 39.91672 ], [ -75.24694, 39.916871 ], [ -75.246974, 39.916939 ], [ -75.247, 39.916967 ], [ -75.247039, 39.916991 ], [ -75.247102, 39.917027 ], [ -75.247155, 39.917062 ], [ -75.247187, 39.917094 ], [ -75.2472, 39.917135 ], [ -75.24721, 39.917182 ], [ -75.247192, 39.917211 ], [ -75.247172, 39.917236 ], [ -75.247239, 39.917402 ], [ -75.247303, 39.917615 ], [ -75.247307, 39.917633 ], [ -75.247347, 39.917785 ], [ -75.247357, 39.917993 ], [ -75.247347, 39.91843 ], [ -75.247341, 39.918541 ], [ -75.247377, 39.918688 ], [ -75.247423, 39.918825 ], [ -75.247551, 39.91902 ], [ -75.247601, 39.919076 ], [ -75.247456, 39.919079 ], [ -75.24745, 39.919159 ], [ -75.247484, 39.919242 ], [ -75.247496, 39.91927 ], [ -75.247583, 39.919399 ], [ -75.247622, 39.919517 ], [ -75.247623, 39.919668 ], [ -75.247595, 39.919902 ], [ -75.247581, 39.919982 ], [ -75.247527, 39.920103 ], [ -75.247487, 39.920206 ], [ -75.247476, 39.920328 ], [ -75.247465, 39.920454 ], [ -75.247462, 39.92052 ], [ -75.24746, 39.920586 ], [ -75.247468, 39.920718 ], [ -75.247468, 39.920972 ], [ -75.247459, 39.921343 ], [ -75.247484, 39.921499 ], [ -75.247507, 39.92161 ], [ -75.247516, 39.921656 ], [ -75.247514, 39.92168 ], [ -75.247511, 39.921709 ], [ -75.247506, 39.921773 ], [ -75.247472, 39.921881 ], [ -75.247392, 39.922048 ], [ -75.247316, 39.92214 ], [ -75.24729, 39.922168 ], [ -75.247164, 39.922283 ], [ -75.247069, 39.922375 ], [ -75.246936, 39.922495 ], [ -75.246642, 39.92277 ], [ -75.246521, 39.92289 ], [ -75.246363, 39.923056 ], [ -75.246267, 39.923171 ], [ -75.246188, 39.923306 ], [ -75.246159, 39.923446 ], [ -75.246141, 39.923611 ], [ -75.246134, 39.923794 ], [ -75.24613, 39.923907 ], [ -75.246095, 39.924009 ], [ -75.246073, 39.924126 ], [ -75.246032, 39.924238 ], [ -75.246001, 39.924351 ], [ -75.245993, 39.924369 ], [ -75.245943, 39.924449 ], [ -75.245928, 39.924474 ], [ -75.245865, 39.924581 ], [ -75.245815, 39.924662 ], [ -75.245794, 39.924697 ], [ -75.245748, 39.924782 ], [ -75.245725, 39.924823 ], [ -75.245679, 39.924882 ], [ -75.245636, 39.924938 ], [ -75.24558, 39.92501 ], [ -75.245552, 39.925045 ], [ -75.245437, 39.925164 ], [ -75.245263, 39.925415 ], [ -75.245197, 39.925549 ], [ -75.245127, 39.925661 ], [ -75.24505, 39.925767 ], [ -75.244991, 39.925841 ], [ -75.244868, 39.925895 ], [ -75.244762, 39.925954 ], [ -75.244625, 39.926003 ], [ -75.244519, 39.926061 ], [ -75.2444, 39.926134 ], [ -75.244336, 39.92625 ], [ -75.244301, 39.926353 ], [ -75.244329, 39.926476 ], [ -75.244412, 39.926572 ], [ -75.244499, 39.926642 ], [ -75.244507, 39.926649 ], [ -75.244576, 39.926754 ], [ -75.244596, 39.926858 ], [ -75.244579, 39.927003 ], [ -75.244579, 39.927177 ], [ -75.24455, 39.927275 ], [ -75.244498, 39.927406 ], [ -75.244481, 39.927434 ], [ -75.244426, 39.927527 ], [ -75.244341, 39.927656 ], [ -75.244269, 39.927796 ], [ -75.244199, 39.927888 ], [ -75.24412, 39.928009 ], [ -75.244055, 39.928149 ], [ -75.244001, 39.928364 ], [ -75.243985, 39.928476 ], [ -75.243965, 39.928645 ], [ -75.243967, 39.928805 ], [ -75.24397, 39.929177 ], [ -75.243966, 39.929428 ], [ -75.243967, 39.929468 ], [ -75.243967, 39.929499 ], [ -75.243966, 39.929532 ], [ -75.243967, 39.929604 ], [ -75.243976, 39.929678 ], [ -75.243981, 39.929713 ], [ -75.244009, 39.929793 ], [ -75.244099, 39.929857 ], [ -75.244189, 39.929901 ], [ -75.244278, 39.929964 ], [ -75.244355, 39.930041 ], [ -75.244405, 39.93016 ], [ -75.244427, 39.930287 ], [ -75.244381, 39.930399 ], [ -75.244274, 39.930486 ], [ -75.244131, 39.930563 ], [ -75.243949, 39.930653 ], [ -75.243813, 39.93073 ], [ -75.243694, 39.930821 ], [ -75.243643, 39.930897 ], [ -75.243635, 39.930908 ], [ -75.243608, 39.931079 ], [ -75.243564, 39.931197 ], [ -75.243526, 39.93134 ], [ -75.243488, 39.931468 ], [ -75.243451, 39.931577 ], [ -75.243438, 39.931686 ], [ -75.243425, 39.931779 ], [ -75.243423, 39.931837 ], [ -75.243369, 39.931908 ], [ -75.243306, 39.931975 ], [ -75.243213, 39.932032 ], [ -75.243133, 39.932085 ], [ -75.243079, 39.932175 ], [ -75.242969, 39.932299 ], [ -75.242881, 39.932441 ], [ -75.242763, 39.932612 ], [ -75.242669, 39.932779 ], [ -75.242577, 39.932879 ], [ -75.242503, 39.932964 ], [ -75.242402, 39.933088 ], [ -75.242342, 39.933187 ], [ -75.242296, 39.933288 ], [ -75.242229, 39.933378 ], [ -75.242186, 39.933426 ], [ -75.242075, 39.933491 ], [ -75.241952, 39.933535 ], [ -75.241909, 39.933544 ], [ -75.241847, 39.93347 ], [ -75.241774, 39.933482 ], [ -75.241736, 39.933579 ], [ -75.241678, 39.933582 ], [ -75.241521, 39.933588 ], [ -75.241363, 39.933608 ], [ -75.241158, 39.933629 ], [ -75.240944, 39.933649 ], [ -75.240736, 39.933646 ], [ -75.240693, 39.933638 ], [ -75.2405, 39.933604 ], [ -75.240447, 39.933588 ], [ -75.240296, 39.933541 ], [ -75.240239, 39.933523 ], [ -75.240161, 39.933492 ], [ -75.239999, 39.933432 ], [ -75.23992, 39.933402 ], [ -75.239647, 39.933315 ], [ -75.239468, 39.933221 ], [ -75.239344, 39.933125 ], [ -75.239184, 39.933001 ], [ -75.238947, 39.93282 ], [ -75.238759, 39.932704 ], [ -75.238611, 39.93264 ], [ -75.238444, 39.932597 ], [ -75.238268, 39.932552 ], [ -75.238104, 39.932508 ], [ -75.23795, 39.932472 ], [ -75.237734, 39.932497 ], [ -75.23756, 39.932522 ], [ -75.237436, 39.932557 ], [ -75.237324, 39.932621 ], [ -75.237217, 39.932694 ], [ -75.237122, 39.932804 ], [ -75.237013, 39.932924 ], [ -75.23691, 39.933073 ], [ -75.23679, 39.933258 ], [ -75.236717, 39.933407 ], [ -75.236657, 39.933547 ], [ -75.236642, 39.933791 ], [ -75.236647, 39.933897 ], [ -75.236662, 39.934088 ], [ -75.236651, 39.934205 ], [ -75.236603, 39.934345 ], [ -75.236584, 39.934421 ], [ -75.236553, 39.934541 ], [ -75.236524, 39.934682 ], [ -75.236469, 39.93485 ], [ -75.236393, 39.935173 ], [ -75.23632, 39.935326 ], [ -75.23617, 39.935408 ], [ -75.236099, 39.935459 ], [ -75.236013, 39.935517 ], [ -75.235889, 39.935616 ], [ -75.235667, 39.935709 ], [ -75.235623, 39.935732 ], [ -75.235458, 39.935823 ], [ -75.235263, 39.93596 ], [ -75.234979, 39.936222 ], [ -75.23492, 39.936333 ], [ -75.234921, 39.936451 ], [ -75.234915, 39.936592 ], [ -75.234845, 39.93668 ], [ -75.234773, 39.936753 ], [ -75.234742, 39.936884 ], [ -75.234787, 39.937041 ], [ -75.23478, 39.937186 ], [ -75.2348, 39.937337 ], [ -75.234868, 39.937456 ], [ -75.234919, 39.937551 ], [ -75.234967, 39.93775 ], [ -75.234981, 39.938023 ], [ -75.235002, 39.938127 ], [ -75.235071, 39.938204 ], [ -75.235161, 39.938271 ], [ -75.235293, 39.938321 ], [ -75.235488, 39.938359 ], [ -75.235779, 39.938393 ], [ -75.235944, 39.938411 ], [ -75.236144, 39.938429 ], [ -75.236345, 39.938457 ], [ -75.236498, 39.938461 ], [ -75.236682, 39.938446 ], [ -75.236878, 39.938432 ], [ -75.237144, 39.938382 ], [ -75.237447, 39.938323 ], [ -75.237621, 39.938275 ], [ -75.237769, 39.93825 ], [ -75.237964, 39.938226 ], [ -75.238172, 39.93823 ], [ -75.238326, 39.938224 ], [ -75.238498, 39.938204 ], [ -75.238736, 39.938181 ], [ -75.238871, 39.938156 ], [ -75.239006, 39.93814 ], [ -75.239183, 39.938149 ], [ -75.239336, 39.938157 ], [ -75.239428, 39.938155 ], [ -75.23957, 39.938039 ], [ -75.239584, 39.938043 ], [ -75.239662, 39.938069 ], [ -75.239761, 39.938109 ], [ -75.239834, 39.938144 ], [ -75.239857, 39.938158 ], [ -75.239926, 39.938166 ], [ -75.240042, 39.9382 ], [ -75.240145, 39.938238 ], [ -75.24021, 39.938283 ], [ -75.240258, 39.938336 ], [ -75.240409, 39.938457 ], [ -75.240591, 39.938635 ], [ -75.240711, 39.938727 ], [ -75.240763, 39.938794 ], [ -75.24076, 39.938869 ], [ -75.240738, 39.938967 ], [ -75.240697, 39.939075 ], [ -75.240626, 39.939191 ], [ -75.240543, 39.939283 ], [ -75.240424, 39.939374 ], [ -75.240342, 39.939462 ], [ -75.24024, 39.939568 ], [ -75.240143, 39.939707 ], [ -75.240016, 39.93984 ], [ -75.23994, 39.939977 ], [ -75.239903, 39.940035 ], [ -75.239879, 39.940072 ], [ -75.239836, 39.940121 ], [ -75.239796, 39.940165 ], [ -75.239636, 39.940302 ], [ -75.239527, 39.940432 ], [ -75.239411, 39.940608 ], [ -75.239398, 39.940744 ], [ -75.239431, 39.94089 ], [ -75.239461, 39.941027 ], [ -75.239494, 39.94116 ], [ -75.239561, 39.941298 ], [ -75.239631, 39.941421 ], [ -75.239735, 39.941593 ], [ -75.239845, 39.941727 ], [ -75.239985, 39.94189 ], [ -75.240074, 39.941995 ], [ -75.240149, 39.942086 ], [ -75.240251, 39.94214 ], [ -75.240367, 39.942171 ], [ -75.240519, 39.942188 ], [ -75.240582, 39.942196 ], [ -75.240789, 39.942223 ], [ -75.240953, 39.942245 ], [ -75.241179, 39.942264 ], [ -75.2414, 39.942273 ], [ -75.241446, 39.942274 ], [ -75.24158, 39.942251 ], [ -75.241823, 39.942234 ], [ -75.242029, 39.94223 ], [ -75.242283, 39.942231 ], [ -75.242599, 39.942247 ], [ -75.242953, 39.942253 ], [ -75.243026, 39.942211 ], [ -75.243113, 39.942232 ], [ -75.243204, 39.942276 ], [ -75.243341, 39.942326 ], [ -75.243364, 39.942355 ], [ -75.243542, 39.942306 ], [ -75.243424, 39.942405 ], [ -75.243531, 39.942442 ], [ -75.243843, 39.942477 ], [ -75.244068, 39.942501 ], [ -75.24441, 39.942551 ], [ -75.244659, 39.942589 ], [ -75.245012, 39.942597 ], [ -75.245226, 39.942616 ], [ -75.245408, 39.94261 ], [ -75.245561, 39.942609 ], [ -75.24574, 39.942604 ], [ -75.245885, 39.942597 ], [ -75.246051, 39.942606 ], [ -75.24619, 39.942613 ], [ -75.246348, 39.942645 ], [ -75.246469, 39.942667 ], [ -75.246566, 39.942702 ], [ -75.246661, 39.942765 ], [ -75.246743, 39.942856 ], [ -75.246822, 39.94297 ], [ -75.246872, 39.943131 ], [ -75.246964, 39.943265 ], [ -75.246978, 39.943292 ], [ -75.247021, 39.943379 ], [ -75.247028, 39.943414 ], [ -75.247041, 39.943478 ], [ -75.247048, 39.94353 ], [ -75.247051, 39.943558 ], [ -75.247076, 39.943616 ], [ -75.247106, 39.943681 ], [ -75.247191, 39.943867 ], [ -75.247208, 39.943904 ], [ -75.247302, 39.94401 ], [ -75.247377, 39.944138 ], [ -75.247397, 39.944208 ], [ -75.247421, 39.94429 ], [ -75.247466, 39.94435 ], [ -75.247508, 39.944405 ], [ -75.247635, 39.944523 ], [ -75.247647, 39.944511 ], [ -75.247767, 39.944637 ], [ -75.247907, 39.944777 ], [ -75.2481, 39.944923 ], [ -75.248176, 39.94501 ], [ -75.248222, 39.9451 ], [ -75.24824, 39.945228 ], [ -75.248327, 39.945342 ], [ -75.248421, 39.945454 ], [ -75.24847, 39.945485 ], [ -75.248507, 39.94551 ], [ -75.248569, 39.945551 ], [ -75.248713, 39.945668 ], [ -75.248902, 39.945828 ], [ -75.249084, 39.945987 ], [ -75.249249, 39.946152 ], [ -75.249431, 39.946312 ], [ -75.249497, 39.946356 ], [ -75.249558, 39.94639 ], [ -75.249618, 39.94641 ], [ -75.249714, 39.946451 ], [ -75.249814, 39.946533 ], [ -75.249921, 39.946626 ], [ -75.24997, 39.946707 ], [ -75.250038, 39.946812 ], [ -75.250118, 39.94697 ], [ -75.250156, 39.947112 ], [ -75.250198, 39.947229 ], [ -75.250205, 39.947244 ], [ -75.250217, 39.947317 ], [ -75.25023, 39.947386 ], [ -75.250235, 39.947409 ], [ -75.250271, 39.947575 ], [ -75.250308, 39.947718 ], [ -75.250338, 39.947846 ], [ -75.250365, 39.947978 ], [ -75.250415, 39.948092 ], [ -75.250473, 39.948178 ], [ -75.250556, 39.948251 ], [ -75.250721, 39.948377 ], [ -75.250661, 39.948437 ], [ -75.250992, 39.948737 ], [ -75.251125, 39.948866 ], [ -75.251251, 39.948972 ], [ -75.251376, 39.949065 ], [ -75.251442, 39.949139 ], [ -75.251496, 39.949251 ], [ -75.251512, 39.949455 ], [ -75.251468, 39.949655 ], [ -75.251368, 39.949856 ], [ -75.25127, 39.949991 ], [ -75.251209, 39.950149 ], [ -75.251165, 39.950289 ], [ -75.251127, 39.950439 ], [ -75.25113, 39.950597 ], [ -75.251122, 39.950701 ], [ -75.251157, 39.95078 ], [ -75.251256, 39.950968 ], [ -75.25134, 39.951065 ], [ -75.251418, 39.951148 ], [ -75.251484, 39.95119 ], [ -75.251534, 39.951218 ], [ -75.25158, 39.951282 ], [ -75.251606, 39.951384 ], [ -75.251609, 39.951466 ], [ -75.251609, 39.9515 ], [ -75.251626, 39.951625 ], [ -75.251646, 39.951747 ], [ -75.251647, 39.951846 ], [ -75.251643, 39.951954 ], [ -75.251612, 39.952045 ], [ -75.251577, 39.952127 ], [ -75.251511, 39.95224 ], [ -75.25141, 39.952377 ], [ -75.251281, 39.952541 ], [ -75.251186, 39.952664 ], [ -75.251152, 39.95275 ], [ -75.251152, 39.952849 ], [ -75.251179, 39.952943 ], [ -75.251206, 39.953031 ], [ -75.251182, 39.953089 ], [ -75.251149, 39.953161 ], [ -75.2511, 39.953228 ], [ -75.251047, 39.953295 ], [ -75.250921, 39.953391 ], [ -75.250816, 39.953475 ], [ -75.250789, 39.953497 ], [ -75.250648, 39.953614 ], [ -75.250487, 39.953737 ], [ -75.250352, 39.953861 ], [ -75.250136, 39.954066 ], [ -75.250047, 39.954151 ], [ -75.250003, 39.954232 ], [ -75.249953, 39.95433 ], [ -75.249887, 39.954378 ], [ -75.249837, 39.954431 ], [ -75.249799, 39.954496 ], [ -75.249767, 39.95457 ], [ -75.249746, 39.95464 ], [ -75.24976, 39.954706 ], [ -75.249766, 39.954761 ], [ -75.24975, 39.954826 ], [ -75.249694, 39.954975 ], [ -75.249613, 39.95518 ], [ -75.249596, 39.955239 ], [ -75.249556, 39.95529 ], [ -75.249494, 39.955352 ], [ -75.249422, 39.955381 ], [ -75.249357, 39.955405 ], [ -75.24928, 39.955415 ], [ -75.249234, 39.955429 ], [ -75.249199, 39.955465 ], [ -75.249163, 39.955514 ], [ -75.249143, 39.95557 ], [ -75.249122, 39.955656 ], [ -75.249134, 39.955756 ], [ -75.249174, 39.95585 ], [ -75.249217, 39.955934 ], [ -75.249262, 39.956043 ], [ -75.249274, 39.956123 ], [ -75.249234, 39.956216 ], [ -75.249113, 39.956326 ], [ -75.249045, 39.956372 ], [ -75.248987, 39.956427 ], [ -75.248956, 39.956516 ], [ -75.248926, 39.956628 ], [ -75.248946, 39.956746 ], [ -75.249006, 39.956907 ], [ -75.249064, 39.956958 ], [ -75.249193, 39.957012 ], [ -75.249314, 39.957067 ], [ -75.2494, 39.95712 ], [ -75.249439, 39.957148 ], [ -75.249499, 39.957189 ], [ -75.249532, 39.957213 ], [ -75.249577, 39.957258 ], [ -75.249627, 39.957309 ], [ -75.249685, 39.957353 ], [ -75.249778, 39.957425 ], [ -75.250037, 39.957654 ], [ -75.250177, 39.957791 ], [ -75.250242, 39.957872 ], [ -75.250359, 39.958014 ], [ -75.250462, 39.958119 ], [ -75.250559, 39.958232 ], [ -75.250666, 39.958328 ], [ -75.250735, 39.958426 ], [ -75.250793, 39.958529 ], [ -75.250839, 39.958638 ], [ -75.250875, 39.958728 ], [ -75.250881, 39.958808 ], [ -75.250891, 39.958942 ], [ -75.250883, 39.959024 ], [ -75.25085, 39.959099 ], [ -75.250752, 39.959155 ], [ -75.250605, 39.959239 ], [ -75.250454, 39.959318 ], [ -75.250291, 39.959397 ], [ -75.25008, 39.959482 ], [ -75.249826, 39.959573 ], [ -75.249652, 39.959639 ], [ -75.249552, 39.959682 ], [ -75.249443, 39.959752 ], [ -75.249318, 39.959839 ], [ -75.249213, 39.959921 ], [ -75.249122, 39.95999 ], [ -75.248972, 39.960071 ], [ -75.248837, 39.960129 ], [ -75.248689, 39.960199 ], [ -75.248546, 39.960269 ], [ -75.248459, 39.960333 ], [ -75.248383, 39.960425 ], [ -75.248335, 39.960516 ], [ -75.248282, 39.960621 ], [ -75.248198, 39.960725 ], [ -75.248058, 39.960886 ], [ -75.247975, 39.960997 ], [ -75.247922, 39.961085 ], [ -75.247892, 39.961181 ], [ -75.247872, 39.961341 ], [ -75.247872, 39.96143 ], [ -75.247867, 39.961493 ], [ -75.247841, 39.961613 ], [ -75.247823, 39.96169 ], [ -75.247807, 39.961765 ], [ -75.247774, 39.961837 ], [ -75.247741, 39.961904 ], [ -75.247707, 39.961977 ], [ -75.247702, 39.962056 ], [ -75.247726, 39.962167 ], [ -75.247762, 39.962225 ], [ -75.247776, 39.962303 ], [ -75.247752, 39.962452 ], [ -75.247715, 39.962662 ], [ -75.247688, 39.962817 ], [ -75.247642, 39.96295 ], [ -75.247604, 39.962992 ], [ -75.247489, 39.963119 ], [ -75.247418, 39.963191 ], [ -75.247399, 39.963249 ], [ -75.247405, 39.963327 ], [ -75.247434, 39.963417 ], [ -75.247479, 39.963528 ], [ -75.247564, 39.963638 ], [ -75.247685, 39.963777 ], [ -75.247778, 39.963876 ], [ -75.247903, 39.963979 ], [ -75.248056, 39.964074 ], [ -75.248615, 39.964352 ], [ -75.248967, 39.964494 ], [ -75.249465, 39.964721 ], [ -75.249728, 39.96485 ], [ -75.249848, 39.964908 ], [ -75.249912, 39.964947 ], [ -75.24999, 39.965001 ], [ -75.250054, 39.965042 ], [ -75.250133, 39.965067 ], [ -75.250221, 39.965076 ], [ -75.250313, 39.965069 ], [ -75.250447, 39.965018 ], [ -75.250606, 39.964948 ], [ -75.250757, 39.964879 ], [ -75.250913, 39.964837 ], [ -75.251048, 39.964833 ], [ -75.251102, 39.964858 ], [ -75.251201, 39.964912 ], [ -75.251283, 39.965003 ], [ -75.251342, 39.965072 ], [ -75.251336, 39.965138 ], [ -75.251341, 39.965192 ], [ -75.251353, 39.965219 ], [ -75.251368, 39.965249 ], [ -75.251427, 39.965302 ], [ -75.251496, 39.965337 ], [ -75.251603, 39.965356 ], [ -75.251707, 39.965346 ], [ -75.251811, 39.96533 ], [ -75.251923, 39.965318 ], [ -75.252094, 39.965305 ], [ -75.252334, 39.96528 ], [ -75.252636, 39.965251 ], [ -75.252843, 39.965244 ], [ -75.252972, 39.965235 ], [ -75.253077, 39.965214 ], [ -75.253222, 39.965184 ], [ -75.253314, 39.965226 ], [ -75.253407, 39.965261 ], [ -75.253582, 39.9653 ], [ -75.253712, 39.965329 ], [ -75.253936, 39.96539 ], [ -75.254046, 39.965402 ], [ -75.25414, 39.965404 ], [ -75.254223, 39.965337 ], [ -75.254302, 39.965273 ], [ -75.254337, 39.965211 ], [ -75.254381, 39.965127 ], [ -75.254456, 39.965046 ], [ -75.254543, 39.964992 ], [ -75.254632, 39.964925 ], [ -75.254738, 39.96485 ], [ -75.254937, 39.964763 ], [ -75.255112, 39.964691 ], [ -75.255267, 39.964655 ], [ -75.255409, 39.96463 ], [ -75.255543, 39.964595 ], [ -75.255686, 39.964546 ], [ -75.255812, 39.964471 ], [ -75.255852, 39.964437 ], [ -75.255892, 39.964372 ], [ -75.255966, 39.964312 ], [ -75.256083, 39.964242 ], [ -75.256193, 39.964155 ], [ -75.256281, 39.964079 ], [ -75.256383, 39.963974 ], [ -75.256586, 39.963802 ], [ -75.256686, 39.963719 ], [ -75.256746, 39.963688 ], [ -75.256816, 39.963677 ], [ -75.2569, 39.963672 ], [ -75.256981, 39.963688 ], [ -75.25711, 39.963719 ], [ -75.257129, 39.963726 ], [ -75.25725, 39.963753 ], [ -75.257319, 39.963767 ], [ -75.257418, 39.963766 ], [ -75.257487, 39.963744 ], [ -75.257543, 39.963705 ], [ -75.257629, 39.963664 ], [ -75.257705, 39.963631 ], [ -75.257788, 39.963602 ], [ -75.257858, 39.963594 ], [ -75.257933, 39.963624 ], [ -75.257994, 39.963677 ], [ -75.258014, 39.963739 ], [ -75.258012, 39.963854 ], [ -75.258014, 39.963993 ], [ -75.257991, 39.964095 ], [ -75.257962, 39.964161 ], [ -75.257944, 39.964236 ], [ -75.257944, 39.964301 ], [ -75.257976, 39.964377 ], [ -75.258007, 39.964399 ], [ -75.258058, 39.964428 ], [ -75.25812, 39.964446 ], [ -75.258189, 39.96445 ], [ -75.258271, 39.964452 ], [ -75.258339, 39.964449 ], [ -75.258407, 39.964452 ], [ -75.25847, 39.964484 ], [ -75.25851, 39.964535 ], [ -75.258547, 39.964618 ], [ -75.25859, 39.964708 ], [ -75.258637, 39.964766 ], [ -75.258684, 39.964846 ], [ -75.258706, 39.964903 ], [ -75.258713, 39.964965 ], [ -75.258715, 39.965059 ], [ -75.258711, 39.96524 ], [ -75.2587, 39.965324 ], [ -75.258709, 39.965378 ], [ -75.258738, 39.965447 ], [ -75.258767, 39.965516 ], [ -75.258797, 39.965571 ], [ -75.258839, 39.965614 ], [ -75.25889, 39.965648 ], [ -75.258974, 39.965676 ], [ -75.259078, 39.965692 ], [ -75.259214, 39.965697 ], [ -75.259333, 39.965698 ], [ -75.2594, 39.965716 ], [ -75.259423, 39.965761 ], [ -75.259427, 39.965813 ], [ -75.259428, 39.965892 ], [ -75.25945, 39.965947 ], [ -75.259551, 39.96601 ], [ -75.259649, 39.966041 ], [ -75.259779, 39.966081 ], [ -75.259909, 39.966115 ], [ -75.260065, 39.966196 ], [ -75.260309, 39.966257 ], [ -75.260491, 39.966313 ], [ -75.260584, 39.966273 ], [ -75.260662, 39.966269 ], [ -75.260751, 39.96628 ], [ -75.260828, 39.96627 ], [ -75.260932, 39.966242 ], [ -75.261026, 39.966198 ], [ -75.261115, 39.966136 ], [ -75.261161, 39.966081 ], [ -75.261215, 39.966026 ], [ -75.261284, 39.965997 ], [ -75.261386, 39.966001 ], [ -75.261445, 39.966031 ], [ -75.261479, 39.966076 ], [ -75.261547, 39.966116 ], [ -75.261661, 39.966159 ], [ -75.261736, 39.966182 ], [ -75.261811, 39.96619 ], [ -75.261893, 39.966171 ], [ -75.262013, 39.966135 ], [ -75.262093, 39.966087 ], [ -75.262104, 39.966054 ], [ -75.262116, 39.966006 ], [ -75.262138, 39.965965 ], [ -75.262153, 39.96595 ], [ -75.262169, 39.965934 ], [ -75.262242, 39.96588 ], [ -75.262265, 39.965858 ], [ -75.262277, 39.96585 ], [ -75.262342, 39.965784 ], [ -75.262382, 39.965739 ], [ -75.262422, 39.965676 ], [ -75.262457, 39.965633 ], [ -75.262512, 39.965611 ], [ -75.262559, 39.965617 ], [ -75.262618, 39.965626 ], [ -75.262679, 39.965638 ], [ -75.262766, 39.965647 ], [ -75.262836, 39.965639 ], [ -75.262919, 39.965609 ], [ -75.262961, 39.965579 ], [ -75.263028, 39.965531 ], [ -75.263092, 39.965486 ], [ -75.263144, 39.965459 ], [ -75.263195, 39.965457 ], [ -75.263251, 39.965474 ], [ -75.263307, 39.965505 ], [ -75.263383, 39.965545 ], [ -75.263467, 39.965577 ], [ -75.26353, 39.965605 ], [ -75.263614, 39.965621 ], [ -75.263696, 39.965614 ], [ -75.26377, 39.965596 ], [ -75.263855, 39.965556 ], [ -75.263928, 39.965529 ], [ -75.26399, 39.965491 ], [ -75.264016, 39.965457 ], [ -75.264056, 39.965421 ], [ -75.264131, 39.965373 ], [ -75.264242, 39.965312 ], [ -75.264373, 39.965242 ], [ -75.264496, 39.965195 ], [ -75.264553, 39.965181 ], [ -75.264644, 39.965179 ], [ -75.264758, 39.965184 ], [ -75.264918, 39.965189 ], [ -75.265058, 39.965192 ], [ -75.265252, 39.965207 ], [ -75.265388, 39.965224 ], [ -75.265448, 39.965257 ], [ -75.265528, 39.96535 ], [ -75.265566, 39.965404 ], [ -75.265598, 39.965448 ], [ -75.265656, 39.965526 ], [ -75.265744, 39.965626 ], [ -75.265806, 39.965716 ], [ -75.265858, 39.965791 ], [ -75.265921, 39.96586 ], [ -75.266048, 39.965926 ], [ -75.266062, 39.96593 ], [ -75.266193, 39.965968 ], [ -75.266313, 39.966004 ], [ -75.266395, 39.966018 ], [ -75.266545, 39.966021 ], [ -75.266707, 39.966021 ], [ -75.266795, 39.966009 ], [ -75.266909, 39.966008 ], [ -75.267024, 39.966025 ], [ -75.2671, 39.96605 ], [ -75.267138, 39.966062 ], [ -75.267214, 39.966092 ], [ -75.267245, 39.966117 ], [ -75.267386, 39.966215 ], [ -75.267475, 39.96626 ], [ -75.267538, 39.966272 ], [ -75.267598, 39.966273 ], [ -75.26767, 39.966298 ], [ -75.267779, 39.966341 ], [ -75.267818, 39.966359 ], [ -75.267909, 39.9664 ], [ -75.268129, 39.966491 ], [ -75.268393, 39.966589 ], [ -75.268461, 39.966618 ], [ -75.268513, 39.966651 ], [ -75.268568, 39.966691 ], [ -75.268701, 39.966796 ], [ -75.268773, 39.96686 ], [ -75.268846, 39.966946 ], [ -75.268916, 39.967041 ], [ -75.269016, 39.967235 ], [ -75.269044, 39.967285 ], [ -75.26908, 39.96733 ], [ -75.269125, 39.967361 ], [ -75.269157, 39.967374 ], [ -75.269206, 39.967381 ], [ -75.269272, 39.967391 ], [ -75.269357, 39.967402 ], [ -75.269445, 39.967388 ], [ -75.269498, 39.967375 ], [ -75.269548, 39.967355 ], [ -75.269614, 39.967331 ], [ -75.26967, 39.967317 ], [ -75.269741, 39.967315 ], [ -75.269801, 39.967326 ], [ -75.269857, 39.967344 ], [ -75.269919, 39.96738 ], [ -75.269961, 39.967425 ], [ -75.270002, 39.967479 ], [ -75.27003, 39.967552 ], [ -75.270054, 39.967653 ], [ -75.270073, 39.967729 ], [ -75.27014, 39.967872 ], [ -75.270192, 39.967977 ], [ -75.270297, 39.968184 ], [ -75.270388, 39.968322 ], [ -75.270402, 39.968357 ], [ -75.270413, 39.968428 ], [ -75.270422, 39.968479 ], [ -75.270447, 39.968528 ], [ -75.270501, 39.968585 ], [ -75.270522, 39.968602 ], [ -75.27057, 39.968638 ], [ -75.270598, 39.96866 ], [ -75.270651, 39.968675 ], [ -75.270718, 39.968671 ], [ -75.270773, 39.968663 ], [ -75.270838, 39.968644 ], [ -75.270913, 39.968619 ], [ -75.270986, 39.968603 ], [ -75.271043, 39.968609 ], [ -75.271109, 39.968619 ], [ -75.271168, 39.968633 ], [ -75.271241, 39.968663 ], [ -75.271327, 39.968691 ], [ -75.271407, 39.968704 ], [ -75.271491, 39.968709 ], [ -75.27159, 39.968715 ], [ -75.271698, 39.968729 ], [ -75.271802, 39.968756 ], [ -75.271863, 39.968805 ], [ -75.271922, 39.968859 ], [ -75.271985, 39.968944 ], [ -75.272024, 39.968985 ], [ -75.272086, 39.969011 ], [ -75.272196, 39.969047 ], [ -75.272344, 39.969094 ], [ -75.272505, 39.969131 ], [ -75.272625, 39.969178 ], [ -75.272726, 39.969217 ], [ -75.272815, 39.969244 ], [ -75.272957, 39.969293 ], [ -75.273054, 39.969305 ], [ -75.273185, 39.969305 ], [ -75.27328, 39.969294 ], [ -75.273415, 39.969281 ], [ -75.273492, 39.969276 ], [ -75.273569, 39.969278 ], [ -75.273681, 39.969287 ], [ -75.27381, 39.969297 ], [ -75.273912, 39.96931 ], [ -75.274012, 39.969315 ], [ -75.27415, 39.969317 ], [ -75.274326, 39.969316 ], [ -75.274488, 39.96931 ], [ -75.274808, 39.969293 ], [ -75.274889, 39.969287 ], [ -75.275027, 39.969289 ], [ -75.275084, 39.969297 ], [ -75.275197, 39.969325 ], [ -75.275266, 39.969364 ], [ -75.275322, 39.969416 ], [ -75.275362, 39.969503 ], [ -75.275394, 39.969575 ], [ -75.275456, 39.969778 ], [ -75.275494, 39.969929 ], [ -75.275567, 39.970125 ], [ -75.275606, 39.970211 ], [ -75.275652, 39.970259 ], [ -75.275705, 39.970293 ], [ -75.275819, 39.97031 ], [ -75.276005, 39.970312 ], [ -75.276186, 39.970324 ], [ -75.276245, 39.97033 ], [ -75.276277, 39.970342 ], [ -75.276302, 39.970351 ], [ -75.27637, 39.970388 ], [ -75.276411, 39.970416 ], [ -75.276438, 39.970468 ], [ -75.276467, 39.97052 ], [ -75.276508, 39.97059 ], [ -75.276553, 39.970672 ], [ -75.276611, 39.970776 ], [ -75.27664, 39.970828 ], [ -75.276656, 39.970862 ], [ -75.276667, 39.970907 ], [ -75.276674, 39.970945 ], [ -75.276662, 39.970983 ], [ -75.276636, 39.971016 ], [ -75.276587, 39.971056 ], [ -75.276528, 39.971095 ], [ -75.276471, 39.971135 ], [ -75.276485, 39.971178 ], [ -75.276524, 39.971224 ], [ -75.276583, 39.971262 ], [ -75.276689, 39.971253 ], [ -75.27676, 39.971244 ], [ -75.276825, 39.971215 ], [ -75.276896, 39.971175 ], [ -75.277073, 39.971105 ], [ -75.277136, 39.971089 ], [ -75.277198, 39.971082 ], [ -75.277266, 39.971082 ], [ -75.277338, 39.971083 ], [ -75.277421, 39.971097 ], [ -75.277491, 39.97111 ], [ -75.27754, 39.971127 ], [ -75.277576, 39.97115 ], [ -75.277611, 39.971175 ], [ -75.277656, 39.971209 ], [ -75.277687, 39.971247 ], [ -75.277704, 39.971284 ], [ -75.277713, 39.971321 ], [ -75.277688, 39.971345 ], [ -75.277646, 39.971362 ], [ -75.277596, 39.971377 ], [ -75.277551, 39.971386 ], [ -75.277523, 39.971401 ], [ -75.277509, 39.971424 ], [ -75.277503, 39.971452 ], [ -75.277505, 39.971487 ], [ -75.277513, 39.971518 ], [ -75.277529, 39.971555 ], [ -75.277553, 39.971583 ], [ -75.277591, 39.971615 ], [ -75.277641, 39.971643 ], [ -75.277676, 39.971659 ], [ -75.277765, 39.971678 ], [ -75.277886, 39.971693 ], [ -75.277967, 39.971714 ], [ -75.278018, 39.971751 ], [ -75.278297, 39.971928 ], [ -75.278352, 39.972013 ], [ -75.278449, 39.972106 ], [ -75.278537, 39.972185 ], [ -75.278609, 39.972263 ], [ -75.278657, 39.972332 ], [ -75.278697, 39.972414 ], [ -75.278703, 39.972442 ], [ -75.278724, 39.97253 ], [ -75.278759, 39.972634 ], [ -75.278777, 39.972692 ], [ -75.27878, 39.972745 ], [ -75.278784, 39.972841 ], [ -75.278795, 39.97295 ], [ -75.27881, 39.973051 ], [ -75.27883, 39.973162 ], [ -75.278859, 39.973247 ], [ -75.278916, 39.973315 ], [ -75.278952, 39.973359 ], [ -75.278971, 39.973446 ], [ -75.278998, 39.973526 ], [ -75.279046, 39.973618 ], [ -75.279081, 39.973691 ], [ -75.279109, 39.973812 ], [ -75.279123, 39.973913 ], [ -75.27917, 39.973986 ], [ -75.279242, 39.974031 ], [ -75.279359, 39.974072 ], [ -75.279465, 39.974122 ], [ -75.2796, 39.974185 ], [ -75.279805, 39.97432 ], [ -75.279955, 39.974424 ], [ -75.280027, 39.974502 ], [ -75.280044, 39.97454 ], [ -75.280085, 39.974624 ], [ -75.28013, 39.974735 ], [ -75.280192, 39.974835 ], [ -75.28023, 39.974888 ], [ -75.280266, 39.974964 ] ] ] } },
{ "type": "Feature", "properties": { "STATEFP": "26", "PLACEFP": "22000", "PLACENS": "01626181", "GEOID": "2622000", "GEOIDFQ": "1600000US2622000", "NAME": "Detroit", "NAMELSAD": "Detroit city", "LSAD": "25", "CLASSFP": "C5", "PCICBSA": "Y", "MTFCC": "G4110", "FUNCSTAT": "A", "ALAND": 359321409, "AWATER": 10794927, "INTPTLAT": "+42.3830375", "INTPTLON": "-083.1022365", "city": "Detroit" }, "geometry": { "type": "Polygon", "coordinates": [ [ [ -83.287803, 42.442683 ], [ -83.287639, 42.442686 ], [ -83.287473, 42.44269 ], [ -83.287422, 42.442691 ], [ -83.286969, 42.442699 ], [ -83.285189, 42.442734 ], [ -83.281777, 42.442799 ], [ -83.281321, 42.442806 ], [ -83.280927, 42.442814 ], [ -83.28074, 42.442818 ], [ -83.280037, 42.442833 ], [ -83.279087, 42.442852 ], [ -83.278619, 42.442862 ], [ -83.278517, 42.442864 ], [ -83.278461, 42.442865 ], [ -83.278436, 42.442865 ], [ -83.278299, 42.442868 ], [ -83.278263, 42.442868 ], [ -83.278191, 42.44287 ], [ -83.277532, 42.44289 ], [ -83.277002, 42.442907 ], [ -83.276863, 42.44291 ], [ -83.275694, 42.442945 ], [ -83.273373, 42.443015 ], [ -83.273252, 42.443019 ], [ -83.270183, 42.443112 ], [ -83.269345, 42.443135 ], [ -83.269253, 42.443137 ], [ -83.268549, 42.443155 ], [ -83.268509, 42.443156 ], [ -83.266532, 42.443206 ], [ -83.265308, 42.443237 ], [ -83.264753, 42.443251 ], [ -83.264619, 42.443254 ], [ -83.262862, 42.443299 ], [ -83.261049, 42.443345 ], [ -83.260929, 42.443348 ], [ -83.258897, 42.443401 ], [ -83.258867, 42.443403 ], [ -83.257123, 42.443448 ], [ -83.257028, 42.44345 ], [ -83.256552, 42.443463 ], [ -83.25641, 42.443467 ], [ -83.256322, 42.443469 ], [ -83.255353, 42.443495 ], [ -83.255176, 42.443499 ], [ -83.250371, 42.443628 ], [ -83.250253, 42.44363 ], [ -83.249155, 42.44366 ], [ -83.24889, 42.443666 ], [ -83.247934, 42.44369 ], [ -83.246837, 42.443718 ], [ -83.246648, 42.443723 ], [ -83.246072, 42.443739 ], [ -83.245961, 42.443742 ], [ -83.245548, 42.443753 ], [ -83.245477, 42.443755 ], [ -83.245402, 42.443757 ], [ -83.244252, 42.443791 ], [ -83.24295, 42.443825 ], [ -83.24268, 42.443832 ], [ -83.242581, 42.443833 ], [ -83.242553, 42.443834 ], [ -83.241814, 42.443854 ], [ -83.241452, 42.443863 ], [ -83.241419, 42.443864 ], [ -83.240683, 42.443884 ], [ -83.239423, 42.443918 ], [ -83.238226, 42.443943 ], [ -83.237373, 42.443962 ], [ -83.237315, 42.443963 ], [ -83.236972, 42.44397 ], [ -83.236415, 42.443983 ], [ -83.235938, 42.443993 ], [ -83.235725, 42.443998 ], [ -83.235024, 42.444013 ], [ -83.234553, 42.444024 ], [ -83.233961, 42.444037 ], [ -83.233336, 42.44405 ], [ -83.232727, 42.444064 ], [ -83.232266, 42.444074 ], [ -83.228819, 42.444149 ], [ -83.228407, 42.444159 ], [ -83.228116, 42.444164 ], [ -83.227207, 42.444185 ], [ -83.22713, 42.444186 ], [ -83.22614, 42.444208 ], [ -83.226042, 42.44421 ], [ -83.225608, 42.444219 ], [ -83.225433, 42.444223 ], [ -83.224856, 42.444235 ], [ -83.224763, 42.444237 ], [ -83.223776, 42.444259 ], [ -83.22368, 42.444261 ], [ -83.223146, 42.444273 ], [ -83.223044, 42.444275 ], [ -83.222519, 42.444287 ], [ -83.22244, 42.444288 ], [ -83.221342, 42.444312 ], [ -83.220156, 42.444339 ], [ -83.220026, 42.444342 ], [ -83.219887, 42.444345 ], [ -83.219806, 42.444346 ], [ -83.219721, 42.444348 ], [ -83.219631, 42.444349 ], [ -83.219301, 42.444358 ], [ -83.21755, 42.444396 ], [ -83.217441, 42.444398 ], [ -83.217091, 42.444407 ], [ -83.216746, 42.444414 ], [ -83.216663, 42.444416 ], [ -83.21614, 42.444429 ], [ -83.215973, 42.444434 ], [ -83.214974, 42.44446 ], [ -83.214442, 42.444475 ], [ -83.214332, 42.444477 ], [ -83.213765, 42.444493 ], [ -83.213609, 42.444495 ], [ -83.212591, 42.444516 ], [ -83.211472, 42.444538 ], [ -83.211368, 42.444539 ], [ -83.210934, 42.444552 ], [ -83.210759, 42.444556 ], [ -83.210637, 42.444558 ], [ -83.210254, 42.444568 ], [ -83.209522, 42.444591 ], [ -83.209113, 42.444601 ], [ -83.207968, 42.444633 ], [ -83.207909, 42.444635 ], [ -83.207845, 42.444636 ], [ -83.206913, 42.444662 ], [ -83.206792, 42.444665 ], [ -83.205897, 42.444689 ], [ -83.205228, 42.444707 ], [ -83.204896, 42.444716 ], [ -83.204666, 42.444722 ], [ -83.204595, 42.444723 ], [ -83.204421, 42.444727 ], [ -83.204164, 42.444735 ], [ -83.204053, 42.444737 ], [ -83.204009, 42.444737 ], [ -83.20381, 42.444741 ], [ -83.203693, 42.444745 ], [ -83.203632, 42.444746 ], [ -83.203558, 42.444748 ], [ -83.203457, 42.44475 ], [ -83.203382, 42.444751 ], [ -83.203345, 42.444752 ], [ -83.203298, 42.444754 ], [ -83.203204, 42.444757 ], [ -83.203182, 42.444756 ], [ -83.203061, 42.444759 ], [ -83.202895, 42.444763 ], [ -83.202853, 42.444764 ], [ -83.20284, 42.444764 ], [ -83.202788, 42.444765 ], [ -83.202681, 42.444768 ], [ -83.20265, 42.444769 ], [ -83.202526, 42.444772 ], [ -83.202268, 42.444777 ], [ -83.201336, 42.444798 ], [ -83.201034, 42.444806 ], [ -83.200972, 42.444809 ], [ -83.200894, 42.444812 ], [ -83.200755, 42.444822 ], [ -83.200567, 42.444836 ], [ -83.200522, 42.444839 ], [ -83.200126, 42.444873 ], [ -83.200068, 42.444878 ], [ -83.200025, 42.444881 ], [ -83.199974, 42.444885 ], [ -83.19993, 42.444889 ], [ -83.199896, 42.444891 ], [ -83.199821, 42.444895 ], [ -83.19978, 42.444898 ], [ -83.199725, 42.444901 ], [ -83.199669, 42.444904 ], [ -83.199623, 42.444907 ], [ -83.199577, 42.444909 ], [ -83.199535, 42.444911 ], [ -83.199478, 42.444914 ], [ -83.19943, 42.444917 ], [ -83.199374, 42.44492 ], [ -83.19929, 42.444925 ], [ -83.19916, 42.44493 ], [ -83.198577, 42.444964 ], [ -83.19839, 42.444975 ], [ -83.198319, 42.444979 ], [ -83.198266, 42.444981 ], [ -83.19811, 42.444988 ], [ -83.197382, 42.445015 ], [ -83.197022, 42.44503 ], [ -83.196833, 42.445038 ], [ -83.196742, 42.445041 ], [ -83.196706, 42.445042 ], [ -83.196656, 42.445044 ], [ -83.196587, 42.445046 ], [ -83.19655, 42.445046 ], [ -83.196496, 42.445046 ], [ -83.196463, 42.445047 ], [ -83.196394, 42.445048 ], [ -83.19632, 42.445049 ], [ -83.196271, 42.44505 ], [ -83.196227, 42.44505 ], [ -83.196173, 42.445051 ], [ -83.196137, 42.445052 ], [ -83.196085, 42.445053 ], [ -83.196022, 42.445054 ], [ -83.195965, 42.445055 ], [ -83.195898, 42.445056 ], [ -83.195851, 42.445057 ], [ -83.195819, 42.445057 ], [ -83.195774, 42.445058 ], [ -83.195713, 42.445059 ], [ -83.195591, 42.44506 ], [ -83.194489, 42.445078 ], [ -83.194373, 42.445079 ], [ -83.19324, 42.445095 ], [ -83.193172, 42.445096 ], [ -83.193094, 42.4451 ], [ -83.191931, 42.445123 ], [ -83.190822, 42.445146 ], [ -83.190798, 42.445147 ], [ -83.190751, 42.445148 ], [ -83.189621, 42.44517 ], [ -83.189505, 42.445172 ], [ -83.188295, 42.445195 ], [ -83.188094, 42.4452 ], [ -83.187216, 42.445217 ], [ -83.187057, 42.44522 ], [ -83.185944, 42.445243 ], [ -83.185879, 42.445244 ], [ -83.18474, 42.445271 ], [ -83.184633, 42.445273 ], [ -83.183549, 42.445298 ], [ -83.183431, 42.4453 ], [ -83.183146, 42.445306 ], [ -83.1823, 42.445322 ], [ -83.182222, 42.445323 ], [ -83.181005, 42.445343 ], [ -83.178683, 42.44539 ], [ -83.176735, 42.44543 ], [ -83.176092, 42.445445 ], [ -83.175605, 42.445453 ], [ -83.175536, 42.445455 ], [ -83.174531, 42.445477 ], [ -83.174333, 42.44548 ], [ -83.173543, 42.445496 ], [ -83.173497, 42.445497 ], [ -83.173434, 42.445499 ], [ -83.172617, 42.445515 ], [ -83.17235, 42.445522 ], [ -83.171265, 42.445545 ], [ -83.170666, 42.445561 ], [ -83.170444, 42.445566 ], [ -83.170167, 42.445574 ], [ -83.170084, 42.445577 ], [ -83.169203, 42.445602 ], [ -83.169055, 42.445604 ], [ -83.1689, 42.44561 ], [ -83.167999, 42.445643 ], [ -83.167845, 42.445648 ], [ -83.16696, 42.445683 ], [ -83.166866, 42.445685 ], [ -83.165872, 42.445706 ], [ -83.164792, 42.44573 ], [ -83.164682, 42.445732 ], [ -83.163737, 42.445753 ], [ -83.163679, 42.445754 ], [ -83.163581, 42.445755 ], [ -83.162675, 42.445772 ], [ -83.162578, 42.445773 ], [ -83.161516, 42.445794 ], [ -83.160443, 42.445821 ], [ -83.159507, 42.445844 ], [ -83.159349, 42.445848 ], [ -83.159318, 42.445849 ], [ -83.159222, 42.44585 ], [ -83.158893, 42.445854 ], [ -83.158553, 42.44586 ], [ -83.158248, 42.445867 ], [ -83.158001, 42.445872 ], [ -83.157658, 42.44588 ], [ -83.157534, 42.445884 ], [ -83.157141, 42.445891 ], [ -83.156704, 42.445902 ], [ -83.156618, 42.445904 ], [ -83.156578, 42.445905 ], [ -83.156018, 42.445917 ], [ -83.15594, 42.445919 ], [ -83.155398, 42.445931 ], [ -83.154784, 42.445944 ], [ -83.154006, 42.445961 ], [ -83.153947, 42.445963 ], [ -83.153582, 42.445971 ], [ -83.153377, 42.445976 ], [ -83.152485, 42.445995 ], [ -83.152384, 42.445998 ], [ -83.152164, 42.446003 ], [ -83.151986, 42.446007 ], [ -83.151779, 42.446012 ], [ -83.150944, 42.446031 ], [ -83.15077, 42.446035 ], [ -83.149318, 42.446066 ], [ -83.147848, 42.4461 ], [ -83.147712, 42.446103 ], [ -83.147211, 42.446115 ], [ -83.147117, 42.446116 ], [ -83.147087, 42.446117 ], [ -83.14699, 42.44612 ], [ -83.146338, 42.446133 ], [ -83.146163, 42.446137 ], [ -83.145243, 42.446157 ], [ -83.145166, 42.44616 ], [ -83.14488, 42.446166 ], [ -83.144814, 42.446167 ], [ -83.144607, 42.446172 ], [ -83.14419, 42.446181 ], [ -83.144118, 42.446182 ], [ -83.143595, 42.446195 ], [ -83.143209, 42.446203 ], [ -83.142933, 42.446209 ], [ -83.142125, 42.446228 ], [ -83.142111, 42.446228 ], [ -83.14206, 42.446229 ], [ -83.142041, 42.446229 ], [ -83.142006, 42.44623 ], [ -83.141502, 42.44624 ], [ -83.141254, 42.446246 ], [ -83.140937, 42.446253 ], [ -83.140808, 42.446255 ], [ -83.140414, 42.446263 ], [ -83.140322, 42.446265 ], [ -83.139896, 42.446275 ], [ -83.139739, 42.446278 ], [ -83.139362, 42.446285 ], [ -83.139277, 42.446287 ], [ -83.138863, 42.446296 ], [ -83.138846, 42.446297 ], [ -83.138209, 42.44631 ], [ -83.137684, 42.44632 ], [ -83.137447, 42.446327 ], [ -83.136553, 42.446345 ], [ -83.136428, 42.446347 ], [ -83.135455, 42.446361 ], [ -83.135416, 42.446361 ], [ -83.133318, 42.446391 ], [ -83.133228, 42.446393 ], [ -83.133115, 42.446395 ], [ -83.132372, 42.446408 ], [ -83.131761, 42.446418 ], [ -83.130437, 42.446441 ], [ -83.129528, 42.446458 ], [ -83.127665, 42.446491 ], [ -83.127595, 42.446493 ], [ -83.126465, 42.446527 ], [ -83.125598, 42.446553 ], [ -83.125536, 42.446555 ], [ -83.125491, 42.446556 ], [ -83.125428, 42.446558 ], [ -83.125377, 42.44656 ], [ -83.125348, 42.446561 ], [ -83.125327, 42.446562 ], [ -83.12525, 42.446563 ], [ -83.125231, 42.446563 ], [ -83.125183, 42.446564 ], [ -83.125163, 42.446565 ], [ -83.125119, 42.446566 ], [ -83.125073, 42.446566 ], [ -83.125, 42.446567 ], [ -83.124896, 42.446569 ], [ -83.124799, 42.446573 ], [ -83.124758, 42.446575 ], [ -83.124708, 42.446578 ], [ -83.124679, 42.446579 ], [ -83.124645, 42.44658 ], [ -83.124595, 42.446581 ], [ -83.12457, 42.446582 ], [ -83.123007, 42.446626 ], [ -83.122971, 42.446627 ], [ -83.122937, 42.446629 ], [ -83.122899, 42.44663 ], [ -83.122862, 42.446631 ], [ -83.12284, 42.446631 ], [ -83.122807, 42.446632 ], [ -83.122779, 42.446633 ], [ -83.122759, 42.446634 ], [ -83.12272, 42.446635 ], [ -83.122682, 42.446636 ], [ -83.122647, 42.446637 ], [ -83.122609, 42.446638 ], [ -83.122533, 42.446639 ], [ -83.121464, 42.446657 ], [ -83.121301, 42.446659 ], [ -83.121025, 42.446664 ], [ -83.120811, 42.446666 ], [ -83.120581, 42.44667 ], [ -83.119541, 42.446686 ], [ -83.119415, 42.446688 ], [ -83.117492, 42.446719 ], [ -83.112954, 42.44679 ], [ -83.112679, 42.446797 ], [ -83.11263, 42.446799 ], [ -83.112595, 42.4468 ], [ -83.112342, 42.446809 ], [ -83.112108, 42.446816 ], [ -83.111822, 42.446826 ], [ -83.111706, 42.446831 ], [ -83.109933, 42.44694 ], [ -83.109846, 42.446944 ], [ -83.109626, 42.446959 ], [ -83.109505, 42.446969 ], [ -83.109471, 42.446971 ], [ -83.109147, 42.446979 ], [ -83.108707, 42.446992 ], [ -83.108412, 42.446999 ], [ -83.108068, 42.44701 ], [ -83.107333, 42.447029 ], [ -83.106316, 42.447056 ], [ -83.105395, 42.447079 ], [ -83.105325, 42.447082 ], [ -83.104058, 42.447111 ], [ -83.103942, 42.447113 ], [ -83.102875, 42.44714 ], [ -83.10179, 42.447102 ], [ -83.10163, 42.447093 ], [ -83.100682, 42.447033 ], [ -83.100578, 42.447026 ], [ -83.100531, 42.447024 ], [ -83.100461, 42.44702 ], [ -83.100047, 42.44699 ], [ -83.099826, 42.446977 ], [ -83.099599, 42.446962 ], [ -83.099358, 42.44694 ], [ -83.099239, 42.446929 ], [ -83.099101, 42.446916 ], [ -83.098454, 42.446878 ], [ -83.098267, 42.446868 ], [ -83.097421, 42.44682 ], [ -83.096056, 42.446838 ], [ -83.095979, 42.446839 ], [ -83.09589, 42.44684 ], [ -83.095592, 42.446845 ], [ -83.095319, 42.446851 ], [ -83.094929, 42.446862 ], [ -83.0947, 42.446865 ], [ -83.094571, 42.446868 ], [ -83.094355, 42.446873 ], [ -83.094036, 42.446878 ], [ -83.093121, 42.446898 ], [ -83.092104, 42.446931 ], [ -83.091555, 42.44695 ], [ -83.091239, 42.446961 ], [ -83.09113, 42.446965 ], [ -83.090247, 42.446994 ], [ -83.089441, 42.447018 ], [ -83.089241, 42.447024 ], [ -83.088873, 42.447035 ], [ -83.088295, 42.447048 ], [ -83.088269, 42.447049 ], [ -83.088256, 42.447048 ], [ -83.087076, 42.447083 ], [ -83.086802, 42.44709 ], [ -83.086501, 42.447098 ], [ -83.086335, 42.447102 ], [ -83.086283, 42.447103 ], [ -83.085904, 42.447111 ], [ -83.085849, 42.447112 ], [ -83.0856, 42.447117 ], [ -83.084588, 42.447136 ], [ -83.084503, 42.447137 ], [ -83.083715, 42.44715 ], [ -83.083393, 42.447153 ], [ -83.081287, 42.447065 ], [ -83.081037, 42.447055 ], [ -83.080163, 42.447066 ], [ -83.079798, 42.44707 ], [ -83.07963, 42.447072 ], [ -83.079089, 42.447078 ], [ -83.078733, 42.447082 ], [ -83.077997, 42.447091 ], [ -83.077861, 42.447093 ], [ -83.077754, 42.447094 ], [ -83.07691, 42.447104 ], [ -83.07664, 42.447107 ], [ -83.075413, 42.447119 ], [ -83.075073, 42.447123 ], [ -83.074182, 42.447133 ], [ -83.074076, 42.447135 ], [ -83.073609, 42.447142 ], [ -83.073525, 42.447143 ], [ -83.073159, 42.447148 ], [ -83.073023, 42.44715 ], [ -83.07284, 42.447152 ], [ -83.072496, 42.447156 ], [ -83.072336, 42.447158 ], [ -83.072037, 42.447162 ], [ -83.07187, 42.447164 ], [ -83.071469, 42.447169 ], [ -83.071431, 42.44717 ], [ -83.071046, 42.447175 ], [ -83.070825, 42.447178 ], [ -83.070582, 42.447181 ], [ -83.070362, 42.447183 ], [ -83.070034, 42.447187 ], [ -83.069942, 42.447188 ], [ -83.06947, 42.447193 ], [ -83.069281, 42.447195 ], [ -83.069025, 42.447197 ], [ -83.068797, 42.4472 ], [ -83.068353, 42.447206 ], [ -83.068197, 42.447208 ], [ -83.067992, 42.447211 ], [ -83.067497, 42.447217 ], [ -83.067125, 42.447222 ], [ -83.066941, 42.447224 ], [ -83.066603, 42.447227 ], [ -83.066412, 42.447229 ], [ -83.066062, 42.447233 ], [ -83.065926, 42.447234 ], [ -83.065722, 42.447236 ], [ -83.065626, 42.447237 ], [ -83.065118, 42.447244 ], [ -83.064991, 42.447246 ], [ -83.064936, 42.447247 ], [ -83.063877, 42.447258 ], [ -83.062839, 42.447288 ], [ -83.062786, 42.447289 ], [ -83.062657, 42.447293 ], [ -83.06221, 42.447305 ], [ -83.062049, 42.447309 ], [ -83.061678, 42.447318 ], [ -83.061496, 42.447323 ], [ -83.061302, 42.447328 ], [ -83.060936, 42.447338 ], [ -83.06039, 42.447352 ], [ -83.059862, 42.447366 ], [ -83.0594, 42.447379 ], [ -83.059312, 42.447381 ], [ -83.059168, 42.447384 ], [ -83.058653, 42.447396 ], [ -83.058431, 42.447401 ], [ -83.058353, 42.447403 ], [ -83.057455, 42.447425 ], [ -83.057333, 42.447428 ], [ -83.056224, 42.447455 ], [ -83.055926, 42.447462 ], [ -83.054642, 42.447493 ], [ -83.054057, 42.447507 ], [ -83.053894, 42.447511 ], [ -83.053747, 42.447514 ], [ -83.053495, 42.447521 ], [ -83.053474, 42.447521 ], [ -83.052984, 42.447533 ], [ -83.052532, 42.447544 ], [ -83.052417, 42.447547 ], [ -83.052263, 42.447551 ], [ -83.051872, 42.447561 ], [ -83.051496, 42.447571 ], [ -83.051279, 42.447576 ], [ -83.051061, 42.447581 ], [ -83.050728, 42.447589 ], [ -83.050398, 42.447596 ], [ -83.049831, 42.447608 ], [ -83.049726, 42.44761 ], [ -83.049473, 42.447617 ], [ -83.048693, 42.44764 ], [ -83.048669, 42.447641 ], [ -83.047616, 42.447663 ], [ -83.04757, 42.447664 ], [ -83.046991, 42.447678 ], [ -83.046554, 42.447689 ], [ -83.046472, 42.447691 ], [ -83.04618, 42.447701 ], [ -83.046081, 42.447704 ], [ -83.045485, 42.447724 ], [ -83.045398, 42.447727 ], [ -83.044282, 42.447765 ], [ -83.044119, 42.447768 ], [ -83.043959, 42.447772 ], [ -83.043946, 42.447772 ], [ -83.043426, 42.447785 ], [ -83.042895, 42.447798 ], [ -83.042272, 42.447814 ], [ -83.042193, 42.447816 ], [ -83.04194, 42.447822 ], [ -83.040188, 42.447861 ], [ -83.039417, 42.447874 ], [ -83.039364, 42.447875 ], [ -83.037436, 42.447919 ], [ -83.037044, 42.447928 ], [ -83.036621, 42.447929 ], [ -83.034713, 42.447935 ], [ -83.034519, 42.447936 ], [ -83.033304, 42.447957 ], [ -83.032834, 42.447969 ], [ -83.032739, 42.447972 ], [ -83.032666, 42.447974 ], [ -83.032096, 42.447988 ], [ -83.030827, 42.448016 ], [ -83.030618, 42.448021 ], [ -83.029631, 42.448045 ], [ -83.029558, 42.448047 ], [ -83.028406, 42.448075 ], [ -83.028392, 42.448075 ], [ -83.027685, 42.448092 ], [ -83.027583, 42.448095 ], [ -83.027542, 42.448096 ], [ -83.027184, 42.448103 ], [ -83.026775, 42.448113 ], [ -83.025961, 42.448131 ], [ -83.024745, 42.448159 ], [ -83.023613, 42.448188 ], [ -83.023599, 42.448188 ], [ -83.022812, 42.44821 ], [ -83.022555, 42.448217 ], [ -83.022354, 42.448222 ], [ -83.022094, 42.448229 ], [ -83.021938, 42.448233 ], [ -83.021499, 42.448246 ], [ -83.021478, 42.448247 ], [ -83.020643, 42.448271 ], [ -83.019842, 42.448296 ], [ -83.019719, 42.4483 ], [ -83.019409, 42.448309 ], [ -83.017581, 42.448364 ], [ -83.017424, 42.448369 ], [ -83.016866, 42.448386 ], [ -83.016239, 42.448402 ], [ -83.016076, 42.448406 ], [ -83.015688, 42.448416 ], [ -83.015318, 42.448426 ], [ -83.014908, 42.448436 ], [ -83.014625, 42.448443 ], [ -83.014374, 42.44845 ], [ -83.014173, 42.448455 ], [ -83.013115, 42.448481 ], [ -83.012914, 42.448486 ], [ -83.012489, 42.448496 ], [ -83.012445, 42.448497 ], [ -83.012099, 42.448505 ], [ -83.011011, 42.448532 ], [ -83.010798, 42.448537 ], [ -83.010732, 42.44854 ], [ -83.010294, 42.448557 ], [ -83.01008, 42.448566 ], [ -83.0093, 42.448607 ], [ -83.00761, 42.448706 ], [ -83.007372, 42.448719 ], [ -83.007274, 42.448725 ], [ -83.007195, 42.448729 ], [ -83.006945, 42.448742 ], [ -83.006272, 42.448776 ], [ -83.006073, 42.448784 ], [ -83.005885, 42.448792 ], [ -83.005534, 42.448806 ], [ -83.005497, 42.448807 ], [ -83.005341, 42.448813 ], [ -83.005266, 42.448816 ], [ -83.005185, 42.448819 ], [ -83.004866, 42.448832 ], [ -83.004765, 42.448836 ], [ -83.003772, 42.448877 ], [ -83.002698, 42.448901 ], [ -83.002617, 42.448901 ], [ -83.002516, 42.448902 ], [ -83.001106, 42.44891 ], [ -83.000858, 42.448913 ], [ -83.000736, 42.448915 ], [ -83.000348, 42.44892 ], [ -83.000166, 42.448927 ], [ -82.99914, 42.448968 ], [ -82.999098, 42.44897 ], [ -82.998877, 42.448976 ], [ -82.998574, 42.448985 ], [ -82.997865, 42.449006 ], [ -82.996626, 42.449033 ], [ -82.996529, 42.449035 ], [ -82.995439, 42.449058 ], [ -82.995424, 42.449058 ], [ -82.994707, 42.449074 ], [ -82.994199, 42.449087 ], [ -82.994122, 42.449089 ], [ -82.993395, 42.449104 ], [ -82.992949, 42.449114 ], [ -82.992933, 42.449114 ], [ -82.992279, 42.44913 ], [ -82.992163, 42.449133 ], [ -82.991771, 42.449141 ], [ -82.991743, 42.449142 ], [ -82.990746, 42.449165 ], [ -82.990543, 42.449169 ], [ -82.990363, 42.449172 ], [ -82.989448, 42.449191 ], [ -82.9893, 42.449195 ], [ -82.988164, 42.449221 ], [ -82.988093, 42.449223 ], [ -82.987911, 42.449227 ], [ -82.987815, 42.449229 ], [ -82.987788, 42.44923 ], [ -82.987658, 42.449233 ], [ -82.986888, 42.449251 ], [ -82.985659, 42.44928 ], [ -82.983671, 42.449328 ], [ -82.983553, 42.449331 ], [ -82.983483, 42.449333 ], [ -82.983198, 42.449339 ], [ -82.981555, 42.44938 ], [ -82.980923, 42.449397 ], [ -82.980768, 42.449401 ], [ -82.980318, 42.449413 ], [ -82.980152, 42.449417 ], [ -82.978925, 42.449449 ], [ -82.978318, 42.449465 ], [ -82.978258, 42.449467 ], [ -82.977816, 42.449478 ], [ -82.977731, 42.44948 ], [ -82.977177, 42.449494 ], [ -82.977081, 42.449497 ], [ -82.977017, 42.449499 ], [ -82.976322, 42.449517 ], [ -82.975848, 42.44953 ], [ -82.974625, 42.44956 ], [ -82.974314, 42.449568 ], [ -82.973808, 42.449581 ], [ -82.973553, 42.449587 ], [ -82.973387, 42.449591 ], [ -82.973178, 42.449596 ], [ -82.97285, 42.449604 ], [ -82.972413, 42.449615 ], [ -82.972219, 42.44962 ], [ -82.972079, 42.449624 ], [ -82.971668, 42.44964 ], [ -82.971421, 42.44965 ], [ -82.971325, 42.449654 ], [ -82.971041, 42.449665 ], [ -82.970921, 42.44967 ], [ -82.970604, 42.449689 ], [ -82.969917, 42.449733 ], [ -82.969825, 42.449738 ], [ -82.969101, 42.449785 ], [ -82.968718, 42.449806 ], [ -82.968299, 42.449822 ], [ -82.967938, 42.449836 ], [ -82.967881, 42.449838 ], [ -82.967691, 42.449843 ], [ -82.966093, 42.449886 ], [ -82.964936, 42.449907 ], [ -82.964728, 42.449911 ], [ -82.964656, 42.449912 ], [ -82.96389, 42.449927 ], [ -82.963673, 42.449931 ], [ -82.963399, 42.449935 ], [ -82.963278, 42.449937 ], [ -82.962173, 42.449953 ], [ -82.961112, 42.44997 ], [ -82.960999, 42.449972 ], [ -82.960119, 42.449987 ], [ -82.959168, 42.450003 ], [ -82.958636, 42.450013 ], [ -82.957736, 42.450026 ], [ -82.957706, 42.450026 ], [ -82.95684, 42.450039 ], [ -82.956606, 42.450042 ], [ -82.95621, 42.450048 ], [ -82.956064, 42.450051 ], [ -82.955483, 42.450063 ], [ -82.955033, 42.45007 ], [ -82.953959, 42.45009 ], [ -82.95389, 42.450092 ], [ -82.95375, 42.450095 ], [ -82.952732, 42.450115 ], [ -82.952499, 42.450119 ], [ -82.951642, 42.450136 ], [ -82.951408, 42.450141 ], [ -82.951315, 42.450143 ], [ -82.949635, 42.450175 ], [ -82.949543, 42.450177 ], [ -82.949452, 42.450178 ], [ -82.948839, 42.45019 ], [ -82.948478, 42.450197 ], [ -82.948106, 42.450204 ], [ -82.947577, 42.450214 ], [ -82.946392, 42.450229 ], [ -82.946208, 42.450228 ], [ -82.946055, 42.450228 ], [ -82.945517, 42.450224 ], [ -82.945306, 42.45022 ], [ -82.943764, 42.450199 ], [ -82.94331, 42.450193 ], [ -82.942995, 42.450199 ], [ -82.942631, 42.450205 ], [ -82.942289, 42.450211 ], [ -82.942149, 42.450214 ], [ -82.94162, 42.450224 ], [ -82.941283, 42.45023 ], [ -82.942216, 42.449205 ], [ -82.942878, 42.448447 ], [ -82.942996, 42.4483 ], [ -82.943488, 42.447661 ], [ -82.943593, 42.447507 ], [ -82.943677, 42.447385 ], [ -82.944294, 42.446557 ], [ -82.944354, 42.446478 ], [ -82.94509, 42.445533 ], [ -82.945577, 42.44487 ], [ -82.945992, 42.444304 ], [ -82.946127, 42.444106 ], [ -82.946396, 42.443685 ], [ -82.946801, 42.443036 ], [ -82.946879, 42.442922 ], [ -82.946945, 42.442825 ], [ -82.947316, 42.442328 ], [ -82.947681, 42.441838 ], [ -82.948031, 42.441373 ], [ -82.948366, 42.440928 ], [ -82.948726, 42.44045 ], [ -82.949051, 42.440018 ], [ -82.949337, 42.439637 ], [ -82.949735, 42.439107 ], [ -82.949964, 42.438806 ], [ -82.950431, 42.43819 ], [ -82.951107, 42.437289 ], [ -82.951505, 42.436764 ], [ -82.951802, 42.436373 ], [ -82.951603, 42.436297 ], [ -82.951004, 42.436272 ], [ -82.951357, 42.435809 ], [ -82.949894, 42.435207 ], [ -82.947855, 42.434373 ], [ -82.945735, 42.433503 ], [ -82.943612, 42.432637 ], [ -82.940788, 42.431481 ], [ -82.940416, 42.431329 ], [ -82.940056, 42.431182 ], [ -82.939828, 42.431089 ], [ -82.937382, 42.43009 ], [ -82.934343, 42.428845 ], [ -82.932195, 42.427968 ], [ -82.92999, 42.427065 ], [ -82.928007, 42.426253 ], [ -82.927878, 42.426183 ], [ -82.927656, 42.426062 ], [ -82.927495, 42.425975 ], [ -82.927306, 42.425873 ], [ -82.927151, 42.425789 ], [ -82.926612, 42.425566 ], [ -82.925699, 42.425187 ], [ -82.924752, 42.424793 ], [ -82.923813, 42.424406 ], [ -82.922869, 42.424016 ], [ -82.921895, 42.423613 ], [ -82.920937, 42.423217 ], [ -82.919887, 42.422783 ], [ -82.918641, 42.422276 ], [ -82.917992, 42.422012 ], [ -82.917419, 42.421782 ], [ -82.916327, 42.421354 ], [ -82.916263, 42.421337 ], [ -82.916116, 42.42128 ], [ -82.915382, 42.420982 ], [ -82.915313, 42.420955 ], [ -82.914823, 42.420752 ], [ -82.91457, 42.420656 ], [ -82.914462, 42.42065 ], [ -82.914398, 42.420645 ], [ -82.91435, 42.420637 ], [ -82.914286, 42.42062 ], [ -82.913599, 42.420337 ], [ -82.913554, 42.420316 ], [ -82.913527, 42.420299 ], [ -82.913492, 42.420268 ], [ -82.913456, 42.420226 ], [ -82.913393, 42.420165 ], [ -82.913274, 42.420096 ], [ -82.912598, 42.419833 ], [ -82.91054, 42.419029 ], [ -82.910427, 42.419023 ], [ -82.910455, 42.418741 ], [ -82.910469, 42.418549 ], [ -82.910486, 42.418379 ], [ -82.910529, 42.417944 ], [ -82.910534, 42.41789 ], [ -82.910547, 42.4178 ], [ -82.910634, 42.417189 ], [ -82.910651, 42.417117 ], [ -82.91069, 42.416949 ], [ -82.910773, 42.416594 ], [ -82.910933, 42.416099 ], [ -82.910961, 42.416025 ], [ -82.911191, 42.415421 ], [ -82.911312, 42.415147 ], [ -82.911743, 42.414191 ], [ -82.9121, 42.413407 ], [ -82.912303, 42.412962 ], [ -82.912392, 42.412768 ], [ -82.912557, 42.41239 ], [ -82.912663, 42.412148 ], [ -82.912743, 42.411965 ], [ -82.912801, 42.41183 ], [ -82.912887, 42.411634 ], [ -82.912969, 42.411459 ], [ -82.913171, 42.411029 ], [ -82.913297, 42.41076 ], [ -82.913687, 42.409927 ], [ -82.913897, 42.40948 ], [ -82.914442, 42.408317 ], [ -82.914935, 42.407266 ], [ -82.915629, 42.405798 ], [ -82.915926, 42.405171 ], [ -82.916296, 42.404471 ], [ -82.916794, 42.403528 ], [ -82.916864, 42.403397 ], [ -82.917135, 42.402848 ], [ -82.917717, 42.401637 ], [ -82.918315, 42.400383 ], [ -82.918708, 42.399557 ], [ -82.918748, 42.399496 ], [ -82.919118, 42.398926 ], [ -82.91934, 42.398583 ], [ -82.919754, 42.397996 ], [ -82.920129, 42.397466 ], [ -82.920349, 42.397154 ], [ -82.921061, 42.396145 ], [ -82.921375, 42.395701 ], [ -82.921569, 42.39546 ], [ -82.921676, 42.395344 ], [ -82.921718, 42.395299 ], [ -82.921867, 42.395172 ], [ -82.922181, 42.394954 ], [ -82.922399, 42.394829 ], [ -82.923465, 42.394432 ], [ -82.924442, 42.394055 ], [ -82.92462, 42.393982 ], [ -82.925353, 42.393696 ], [ -82.925692, 42.393564 ], [ -82.926482, 42.393256 ], [ -82.926671, 42.393182 ], [ -82.927261, 42.392951 ], [ -82.927795, 42.392733 ], [ -82.929055, 42.392215 ], [ -82.930325, 42.391689 ], [ -82.931448, 42.391243 ], [ -82.931931, 42.391061 ], [ -82.93244, 42.390869 ], [ -82.933431, 42.390501 ], [ -82.9344, 42.390159 ], [ -82.934634, 42.390079 ], [ -82.93537, 42.389827 ], [ -82.935503, 42.389782 ], [ -82.9361, 42.389596 ], [ -82.936352, 42.389522 ], [ -82.937205, 42.389288 ], [ -82.937347, 42.389254 ], [ -82.937643, 42.389182 ], [ -82.938343, 42.389016 ], [ -82.939219, 42.388815 ], [ -82.939416, 42.388771 ], [ -82.939603, 42.388728 ], [ -82.940571, 42.388543 ], [ -82.94089, 42.388479 ], [ -82.941662, 42.388344 ], [ -82.94221, 42.388247 ], [ -82.94259, 42.388183 ], [ -82.942711, 42.38816 ], [ -82.942743, 42.388154 ], [ -82.942891, 42.388128 ], [ -82.943353, 42.388047 ], [ -82.944039, 42.387925 ], [ -82.944473, 42.387847 ], [ -82.945602, 42.387648 ], [ -82.94647, 42.387495 ], [ -82.946644, 42.387469 ], [ -82.946735, 42.387043 ], [ -82.946876, 42.38699 ], [ -82.946149, 42.385981 ], [ -82.94606, 42.38586 ], [ -82.945726, 42.385344 ], [ -82.945799, 42.385316 ], [ -82.945433, 42.384739 ], [ -82.943911, 42.382418 ], [ -82.943001, 42.381039 ], [ -82.942838, 42.381094 ], [ -82.942567, 42.380674 ], [ -82.942413, 42.380461 ], [ -82.942572, 42.380395 ], [ -82.941314, 42.378469 ], [ -82.939949, 42.376406 ], [ -82.939734, 42.376071 ], [ -82.939681, 42.375988 ], [ -82.93959, 42.376004 ], [ -82.939528, 42.376007 ], [ -82.939476, 42.376005 ], [ -82.939426, 42.375993 ], [ -82.939382, 42.375969 ], [ -82.939354, 42.375937 ], [ -82.93891, 42.37514 ], [ -82.938762, 42.374742 ], [ -82.937402, 42.372693 ], [ -82.935543, 42.36993 ], [ -82.934977, 42.369075 ], [ -82.933522, 42.366844 ], [ -82.932387, 42.365124 ], [ -82.930586, 42.362487 ], [ -82.93054, 42.362417 ], [ -82.930354, 42.36214 ], [ -82.930947, 42.361903 ], [ -82.930697, 42.361525 ], [ -82.930293, 42.360914 ], [ -82.930005, 42.360481 ], [ -82.929962, 42.360365 ], [ -82.928566, 42.358295 ], [ -82.928438, 42.3581 ], [ -82.928519, 42.358071 ], [ -82.928671, 42.358012 ], [ -82.927745, 42.357002 ], [ -82.927258, 42.356476 ], [ -82.927241, 42.356454 ], [ -82.92514, 42.353607 ], [ -82.924174, 42.352298 ], [ -82.924047, 42.352123 ], [ -82.924541, 42.352018 ], [ -82.925944, 42.351719 ], [ -82.926288, 42.351647 ], [ -82.931699, 42.350487 ], [ -82.940137, 42.34858 ], [ -82.940979, 42.34839 ], [ -82.941572, 42.348256 ], [ -82.945485, 42.347396 ], [ -82.948108, 42.346042 ], [ -82.95975, 42.340033 ], [ -82.963104, 42.339173 ], [ -82.978785, 42.335151 ], [ -82.989197, 42.332481 ], [ -82.999891, 42.331982 ], [ -83.003628, 42.331808 ], [ -83.008036, 42.331602 ], [ -83.014076, 42.331321 ], [ -83.01717, 42.33088 ], [ -83.019024, 42.330616 ], [ -83.024034, 42.32943 ], [ -83.026234, 42.32891 ], [ -83.039153, 42.324771 ], [ -83.039507, 42.324603 ], [ -83.04058, 42.324093 ], [ -83.040843, 42.324017 ], [ -83.045241, 42.322763 ], [ -83.04981, 42.321459 ], [ -83.062034, 42.31739 ], [ -83.063637, 42.316857 ], [ -83.073425, 42.310938 ], [ -83.076262, 42.30953 ], [ -83.078207, 42.308565 ], [ -83.078394, 42.30842 ], [ -83.078968, 42.30798 ], [ -83.08002, 42.307172 ], [ -83.090734, 42.29628 ], [ -83.097704, 42.289675 ], [ -83.098687, 42.286146 ], [ -83.101211, 42.287107 ], [ -83.103666, 42.287922 ], [ -83.10839, 42.289057 ], [ -83.109225, 42.289225 ], [ -83.109313, 42.289239 ], [ -83.111144, 42.289474 ], [ -83.112074, 42.289588 ], [ -83.113656, 42.289998 ], [ -83.114524, 42.290146 ], [ -83.114705, 42.290177 ], [ -83.115846, 42.29023 ], [ -83.116151, 42.290212 ], [ -83.116315, 42.290203 ], [ -83.116624, 42.290186 ], [ -83.117376, 42.290021 ], [ -83.117991, 42.289789 ], [ -83.118264, 42.289727 ], [ -83.119326, 42.289057 ], [ -83.119536, 42.288754 ], [ -83.119691, 42.288385 ], [ -83.119858, 42.288014 ], [ -83.119954, 42.287554 ], [ -83.119811, 42.286456 ], [ -83.119504, 42.285604 ], [ -83.119383, 42.285116 ], [ -83.119344, 42.284762 ], [ -83.119367, 42.284401 ], [ -83.119069, 42.283283 ], [ -83.118937, 42.282975 ], [ -83.117839, 42.281163 ], [ -83.117719, 42.280412 ], [ -83.117703, 42.280025 ], [ -83.117744, 42.279623 ], [ -83.117851, 42.279462 ], [ -83.118057, 42.279303 ], [ -83.118373, 42.279187 ], [ -83.118852, 42.279134 ], [ -83.119437, 42.279173 ], [ -83.121971, 42.279435 ], [ -83.12879, 42.280791 ], [ -83.13028, 42.2811 ], [ -83.13157, 42.281408 ], [ -83.132856, 42.281804 ], [ -83.13429, 42.282226 ], [ -83.135674, 42.282745 ], [ -83.135744, 42.282589 ], [ -83.135857, 42.282609 ], [ -83.135871, 42.282587 ], [ -83.135928, 42.282541 ], [ -83.135962, 42.282529 ], [ -83.135982, 42.2825 ], [ -83.13602, 42.282476 ], [ -83.136072, 42.282446 ], [ -83.136205, 42.282406 ], [ -83.13629, 42.282401 ], [ -83.136362, 42.282391 ], [ -83.136572, 42.282419 ], [ -83.136871, 42.282531 ], [ -83.13753, 42.282791 ], [ -83.137692, 42.282611 ], [ -83.137982, 42.282288 ], [ -83.138794, 42.281326 ], [ -83.140368, 42.279466 ], [ -83.140621, 42.279176 ], [ -83.140821, 42.278928 ], [ -83.142216, 42.277314 ], [ -83.143534, 42.275735 ], [ -83.144655, 42.274428 ], [ -83.146353, 42.272434 ], [ -83.14804, 42.270438 ], [ -83.149739, 42.268434 ], [ -83.151425, 42.266437 ], [ -83.153033, 42.264401 ], [ -83.154909, 42.26215 ], [ -83.156046, 42.260797 ], [ -83.156683, 42.260052 ], [ -83.158934, 42.257368 ], [ -83.160733, 42.255333 ], [ -83.160859, 42.255192 ], [ -83.161052, 42.25496 ], [ -83.161127, 42.255015 ], [ -83.161269, 42.25513 ], [ -83.161369, 42.255217 ], [ -83.161495, 42.255336 ], [ -83.16161, 42.255456 ], [ -83.16172, 42.255581 ], [ -83.162113, 42.256086 ], [ -83.162736, 42.256892 ], [ -83.162834, 42.25701 ], [ -83.163061, 42.257245 ], [ -83.163268, 42.257428 ], [ -83.163494, 42.2576 ], [ -83.163759, 42.257775 ], [ -83.164018, 42.257938 ], [ -83.164477, 42.258227 ], [ -83.164816, 42.25844 ], [ -83.165295, 42.258751 ], [ -83.165438, 42.258854 ], [ -83.1656, 42.258971 ], [ -83.165769, 42.259097 ], [ -83.166033, 42.25931 ], [ -83.166284, 42.25953 ], [ -83.166355, 42.259596 ], [ -83.1664, 42.259638 ], [ -83.166432, 42.259675 ], [ -83.166541, 42.259816 ], [ -83.1666, 42.259909 ], [ -83.166644, 42.259991 ], [ -83.166717, 42.260169 ], [ -83.16676, 42.260338 ], [ -83.166779, 42.260509 ], [ -83.166775, 42.260694 ], [ -83.16678, 42.260804 ], [ -83.166779, 42.260957 ], [ -83.166778, 42.261077 ], [ -83.166786, 42.261198 ], [ -83.166793, 42.261286 ], [ -83.166835, 42.261566 ], [ -83.1669, 42.261835 ], [ -83.166923, 42.261878 ], [ -83.167005, 42.261974 ], [ -83.167264, 42.262281 ], [ -83.167797, 42.263265 ], [ -83.16803, 42.263696 ], [ -83.16811, 42.263817 ], [ -83.168188, 42.263912 ], [ -83.168261, 42.263987 ], [ -83.16834, 42.264058 ], [ -83.168426, 42.264125 ], [ -83.168519, 42.264187 ], [ -83.168618, 42.264243 ], [ -83.168725, 42.264295 ], [ -83.168839, 42.264343 ], [ -83.168952, 42.264382 ], [ -83.169076, 42.264418 ], [ -83.169234, 42.264454 ], [ -83.16938, 42.264477 ], [ -83.169907, 42.264577 ], [ -83.16977, 42.264742 ], [ -83.169676, 42.264853 ], [ -83.169665, 42.264875 ], [ -83.168864, 42.265763 ], [ -83.168681, 42.265957 ], [ -83.168519, 42.266097 ], [ -83.168312, 42.266285 ], [ -83.168139, 42.266452 ], [ -83.167953, 42.266635 ], [ -83.167459, 42.267268 ], [ -83.165103, 42.270067 ], [ -83.161843, 42.273943 ], [ -83.161487, 42.274351 ], [ -83.161358, 42.274609 ], [ -83.161173, 42.274975 ], [ -83.160802, 42.275453 ], [ -83.160606, 42.275713 ], [ -83.15852, 42.278474 ], [ -83.15824, 42.278844 ], [ -83.158689, 42.279232 ], [ -83.158742, 42.279279 ], [ -83.159731, 42.280162 ], [ -83.160737, 42.281149 ], [ -83.160794, 42.281205 ], [ -83.160894, 42.281303 ], [ -83.161472, 42.281857 ], [ -83.161799, 42.282233 ], [ -83.161877, 42.282332 ], [ -83.162022, 42.282533 ], [ -83.162184, 42.282792 ], [ -83.162298, 42.283004 ], [ -83.162451, 42.283337 ], [ -83.162947, 42.284452 ], [ -83.163063, 42.284685 ], [ -83.16318, 42.284923 ], [ -83.163342, 42.285214 ], [ -83.16337, 42.285263 ], [ -83.163807, 42.286055 ], [ -83.163908, 42.286239 ], [ -83.164165, 42.286679 ], [ -83.164225, 42.286757 ], [ -83.164312, 42.28684 ], [ -83.164563, 42.28708 ], [ -83.16497, 42.287441 ], [ -83.165258, 42.287703 ], [ -83.165723, 42.288083 ], [ -83.166436, 42.288698 ], [ -83.166544, 42.288798 ], [ -83.166656, 42.288906 ], [ -83.166765, 42.289028 ], [ -83.166852, 42.289148 ], [ -83.167022, 42.289459 ], [ -83.167055, 42.289523 ], [ -83.167074, 42.289571 ], [ -83.166096, 42.289817 ], [ -83.165273, 42.290056 ], [ -83.164694, 42.290311 ], [ -83.164263, 42.29059 ], [ -83.164007, 42.290731 ], [ -83.16351, 42.291005 ], [ -83.163244, 42.291152 ], [ -83.163226, 42.291165 ], [ -83.163041, 42.291264 ], [ -83.16267, 42.291433 ], [ -83.162319, 42.291568 ], [ -83.162242, 42.291598 ], [ -83.161748, 42.291789 ], [ -83.161405, 42.291849 ], [ -83.161262, 42.291864 ], [ -83.161201, 42.291871 ], [ -83.160962, 42.291895 ], [ -83.160473, 42.291923 ], [ -83.159911, 42.291934 ], [ -83.159131, 42.291949 ], [ -83.158669, 42.291958 ], [ -83.158333, 42.292024 ], [ -83.158102, 42.292162 ], [ -83.15794, 42.292325 ], [ -83.15785, 42.292437 ], [ -83.157812, 42.292591 ], [ -83.157801, 42.292673 ], [ -83.15779, 42.292801 ], [ -83.157787, 42.293037 ], [ -83.157833, 42.293228 ], [ -83.157895, 42.293374 ], [ -83.157928, 42.29345 ], [ -83.158029, 42.293602 ], [ -83.158138, 42.293754 ], [ -83.158231, 42.293911 ], [ -83.15826, 42.29413 ], [ -83.158251, 42.294326 ], [ -83.158179, 42.294559 ], [ -83.158013, 42.294791 ], [ -83.157774, 42.294964 ], [ -83.157479, 42.295114 ], [ -83.157328, 42.295181 ], [ -83.157166, 42.295235 ], [ -83.156966, 42.295271 ], [ -83.156893, 42.29528 ], [ -83.156503, 42.295345 ], [ -83.156084, 42.295374 ], [ -83.155617, 42.295476 ], [ -83.155363, 42.295544 ], [ -83.154812, 42.295584 ], [ -83.154482, 42.295556 ], [ -83.154125, 42.295562 ], [ -83.153631, 42.295667 ], [ -83.151771, 42.296268 ], [ -83.151485, 42.296281 ], [ -83.15133, 42.296265 ], [ -83.151225, 42.296236 ], [ -83.151079, 42.296233 ], [ -83.150833, 42.296205 ], [ -83.150541, 42.296114 ], [ -83.150335, 42.296004 ], [ -83.150068, 42.295825 ], [ -83.149763, 42.295566 ], [ -83.149682, 42.29542 ], [ -83.149683, 42.295407 ], [ -83.149688, 42.295237 ], [ -83.149616, 42.295019 ], [ -83.149561, 42.294869 ], [ -83.149554, 42.29472 ], [ -83.149569, 42.294526 ], [ -83.149497, 42.294309 ], [ -83.149424, 42.294087 ], [ -83.149285, 42.293813 ], [ -83.149147, 42.293671 ], [ -83.14902, 42.293417 ], [ -83.148823, 42.293202 ], [ -83.148682, 42.293122 ], [ -83.148514, 42.292882 ], [ -83.148117, 42.292714 ], [ -83.147987, 42.29261 ], [ -83.147841, 42.292559 ], [ -83.147659, 42.292539 ], [ -83.147468, 42.292539 ], [ -83.147318, 42.292569 ], [ -83.147117, 42.292645 ], [ -83.147108, 42.292659 ], [ -83.146957, 42.292801 ], [ -83.146712, 42.29283 ], [ -83.146602, 42.292849 ], [ -83.146376, 42.292887 ], [ -83.146252, 42.292973 ], [ -83.146221, 42.292984 ], [ -83.146041, 42.293043 ], [ -83.145742, 42.293126 ], [ -83.145342, 42.293237 ], [ -83.144533, 42.293569 ], [ -83.144473, 42.293584 ], [ -83.143998, 42.293792 ], [ -83.14404, 42.294091 ], [ -83.144008, 42.294195 ], [ -83.143918, 42.294303 ], [ -83.143773, 42.294383 ], [ -83.143659, 42.294411 ], [ -83.143461, 42.294433 ], [ -83.143208, 42.294416 ], [ -83.143162, 42.294409 ], [ -83.142996, 42.294411 ], [ -83.142877, 42.294412 ], [ -83.142641, 42.294415 ], [ -83.142478, 42.294555 ], [ -83.142318, 42.294703 ], [ -83.141848, 42.29519 ], [ -83.141686, 42.29535 ], [ -83.141563, 42.295457 ], [ -83.141276, 42.296007 ], [ -83.14093, 42.29651 ], [ -83.1407, 42.297036 ], [ -83.140528, 42.297749 ], [ -83.140403, 42.299054 ], [ -83.140525, 42.299544 ], [ -83.14077, 42.300341 ], [ -83.141419, 42.301643 ], [ -83.141652, 42.302172 ], [ -83.141929, 42.303686 ], [ -83.141953, 42.304073 ], [ -83.142239, 42.304713 ], [ -83.142281, 42.304828 ], [ -83.142438, 42.305252 ], [ -83.142494, 42.305502 ], [ -83.142499, 42.305686 ], [ -83.142478, 42.305847 ], [ -83.142394, 42.305987 ], [ -83.142233, 42.306098 ], [ -83.141356, 42.306458 ], [ -83.14118, 42.306469 ], [ -83.140966, 42.306516 ], [ -83.140807, 42.30659 ], [ -83.140683, 42.306676 ], [ -83.140584, 42.306846 ], [ -83.140682, 42.307168 ], [ -83.140754, 42.307437 ], [ -83.140723, 42.307661 ], [ -83.140606, 42.307889 ], [ -83.140423, 42.308041 ], [ -83.140042, 42.30821 ], [ -83.139874, 42.308321 ], [ -83.139775, 42.308491 ], [ -83.139717, 42.308662 ], [ -83.139737, 42.308841 ], [ -83.139807, 42.309005 ], [ -83.140484, 42.310085 ], [ -83.140534, 42.310233 ], [ -83.140555, 42.310385 ], [ -83.140589, 42.310579 ], [ -83.140682, 42.310796 ], [ -83.14078, 42.311008 ], [ -83.141767, 42.312402 ], [ -83.143448, 42.31469 ], [ -83.144221, 42.315743 ], [ -83.146118, 42.318344 ], [ -83.146312, 42.318616 ], [ -83.14681, 42.319308 ], [ -83.146948, 42.319525 ], [ -83.147038, 42.31963 ], [ -83.147135, 42.319753 ], [ -83.149431, 42.322897 ], [ -83.152942, 42.327736 ], [ -83.153209, 42.328087 ], [ -83.155005, 42.327654 ], [ -83.156551, 42.32724 ], [ -83.156558, 42.327669 ], [ -83.156594, 42.327798 ], [ -83.156631, 42.327952 ], [ -83.156646, 42.328163 ], [ -83.156674, 42.32856 ], [ -83.15668, 42.328731 ], [ -83.156687, 42.328909 ], [ -83.156716, 42.329522 ], [ -83.156737, 42.329925 ], [ -83.156854, 42.333943 ], [ -83.156981, 42.336961 ], [ -83.155857, 42.336981 ], [ -83.155826, 42.336991 ], [ -83.155172, 42.337107 ], [ -83.154428, 42.337239 ], [ -83.15385, 42.337382 ], [ -83.153183, 42.337612 ], [ -83.152335, 42.337994 ], [ -83.151769, 42.338308 ], [ -83.151032, 42.338789 ], [ -83.150901, 42.338869 ], [ -83.150235, 42.339654 ], [ -83.150133, 42.33978 ], [ -83.150021, 42.33995 ], [ -83.1499, 42.340116 ], [ -83.149788, 42.340295 ], [ -83.149701, 42.34047 ], [ -83.149633, 42.340614 ], [ -83.149552, 42.340825 ], [ -83.149494, 42.341036 ], [ -83.149409, 42.341461 ], [ -83.149227, 42.342489 ], [ -83.149178, 42.342733 ], [ -83.148879, 42.344221 ], [ -83.148431, 42.344688 ], [ -83.147956, 42.347404 ], [ -83.147713, 42.349141 ], [ -83.147545, 42.349918 ], [ -83.147592, 42.350753 ], [ -83.147654, 42.351194 ], [ -83.147667, 42.351275 ], [ -83.147684, 42.35156 ], [ -83.147736, 42.351916 ], [ -83.148618, 42.351898 ], [ -83.149623, 42.351877 ], [ -83.15063, 42.351856 ], [ -83.151635, 42.351836 ], [ -83.152635, 42.351816 ], [ -83.153987, 42.351787 ], [ -83.155163, 42.351764 ], [ -83.156339, 42.35174 ], [ -83.157525, 42.351716 ], [ -83.158664, 42.351691 ], [ -83.159773, 42.351667 ], [ -83.160929, 42.351642 ], [ -83.162089, 42.351618 ], [ -83.163916, 42.351577 ], [ -83.165025, 42.351553 ], [ -83.166122, 42.351528 ], [ -83.166295, 42.351524 ], [ -83.167393, 42.351499 ], [ -83.168503, 42.351475 ], [ -83.1697, 42.351445 ], [ -83.169999, 42.351441 ], [ -83.171368, 42.351411 ], [ -83.172601, 42.351384 ], [ -83.173758, 42.351359 ], [ -83.174916, 42.351334 ], [ -83.176024, 42.35131 ], [ -83.177184, 42.351284 ], [ -83.17838, 42.351258 ], [ -83.179592, 42.351232 ], [ -83.181934, 42.351181 ], [ -83.182073, 42.351179 ], [ -83.184479, 42.351128 ], [ -83.185684, 42.351103 ], [ -83.186767, 42.351085 ], [ -83.186911, 42.351079 ], [ -83.188103, 42.351053 ], [ -83.189256, 42.351032 ], [ -83.190283, 42.351011 ], [ -83.191287, 42.350992 ], [ -83.192331, 42.350972 ], [ -83.193392, 42.350952 ], [ -83.194452, 42.350931 ], [ -83.195508, 42.350912 ], [ -83.196609, 42.35089 ], [ -83.196544, 42.349595 ], [ -83.196488, 42.348421 ], [ -83.196432, 42.347276 ], [ -83.196373, 42.346049 ], [ -83.196342, 42.345456 ], [ -83.196315, 42.34488 ], [ -83.196324, 42.344619 ], [ -83.196289, 42.343889 ], [ -83.196288, 42.343665 ], [ -83.196287, 42.343488 ], [ -83.196223, 42.341951 ], [ -83.196142, 42.340051 ], [ -83.196124, 42.339682 ], [ -83.196033, 42.339433 ], [ -83.195983, 42.33824 ], [ -83.19591, 42.336439 ], [ -83.196135, 42.336435 ], [ -83.197173, 42.336427 ], [ -83.198286, 42.336413 ], [ -83.198393, 42.336408 ], [ -83.198532, 42.3364 ], [ -83.199625, 42.336389 ], [ -83.200866, 42.336368 ], [ -83.20211, 42.336353 ], [ -83.20335, 42.336329 ], [ -83.20458, 42.336319 ], [ -83.205886, 42.336317 ], [ -83.207067, 42.336306 ], [ -83.208288, 42.336288 ], [ -83.209507, 42.336268 ], [ -83.210729, 42.336244 ], [ -83.211993, 42.336212 ], [ -83.212594, 42.336194 ], [ -83.212812, 42.336174 ], [ -83.213037, 42.336127 ], [ -83.213204, 42.336063 ], [ -83.213248, 42.336046 ], [ -83.213658, 42.335784 ], [ -83.213773, 42.335849 ], [ -83.213867, 42.335895 ], [ -83.214025, 42.335961 ], [ -83.214199, 42.33602 ], [ -83.214447, 42.336078 ], [ -83.214688, 42.336116 ], [ -83.214884, 42.336133 ], [ -83.215082, 42.336139 ], [ -83.215415, 42.336135 ], [ -83.215407, 42.334729 ], [ -83.215394, 42.333584 ], [ -83.21539, 42.333347 ], [ -83.215358, 42.333061 ], [ -83.215277, 42.332213 ], [ -83.21528, 42.331924 ], [ -83.215291, 42.331699 ], [ -83.215395, 42.330332 ], [ -83.215381, 42.329769 ], [ -83.215362, 42.329105 ], [ -83.215358, 42.329018 ], [ -83.215355, 42.328945 ], [ -83.215585, 42.328941 ], [ -83.215667, 42.328939 ], [ -83.215768, 42.328938 ], [ -83.215997, 42.328934 ], [ -83.216074, 42.328933 ], [ -83.216968, 42.328931 ], [ -83.2176, 42.328924 ], [ -83.218132, 42.328891 ], [ -83.21997, 42.328779 ], [ -83.220264, 42.328766 ], [ -83.220448, 42.328758 ], [ -83.221484, 42.328717 ], [ -83.222681, 42.328682 ], [ -83.223863, 42.328659 ], [ -83.22481, 42.328641 ], [ -83.225029, 42.328815 ], [ -83.225197, 42.328809 ], [ -83.225226, 42.328812 ], [ -83.225329, 42.328948 ], [ -83.225606, 42.329369 ], [ -83.22645, 42.330578 ], [ -83.227707, 42.332377 ], [ -83.227913, 42.332607 ], [ -83.228525, 42.332382 ], [ -83.228942, 42.332229 ], [ -83.23009, 42.331798 ], [ -83.230118, 42.331788 ], [ -83.231268, 42.33133 ], [ -83.23245, 42.33087 ], [ -83.234654, 42.329843 ], [ -83.234981, 42.32983 ], [ -83.235006, 42.330776 ], [ -83.234937, 42.33199 ], [ -83.234951, 42.332266 ], [ -83.234972, 42.332727 ], [ -83.235, 42.333043 ], [ -83.235046, 42.33427 ], [ -83.235105, 42.335834 ], [ -83.235527, 42.335807 ], [ -83.23634, 42.335786 ], [ -83.23732, 42.335742 ], [ -83.237568, 42.335736 ], [ -83.237707, 42.339448 ], [ -83.237846, 42.343086 ], [ -83.23901, 42.343066 ], [ -83.240015, 42.343047 ], [ -83.240186, 42.343044 ], [ -83.241355, 42.343022 ], [ -83.242505, 42.343005 ], [ -83.243076, 42.342989 ], [ -83.243275, 42.342981 ], [ -83.243721, 42.342949 ], [ -83.244281, 42.342897 ], [ -83.244502, 42.34288 ], [ -83.248867, 42.342397 ], [ -83.252167, 42.342034 ], [ -83.252412, 42.342008 ], [ -83.253623, 42.341893 ], [ -83.253839, 42.341874 ], [ -83.254857, 42.341832 ], [ -83.256078, 42.341797 ], [ -83.257288, 42.341763 ], [ -83.258514, 42.341732 ], [ -83.25977, 42.341705 ], [ -83.260817, 42.341697 ], [ -83.260986, 42.3417 ], [ -83.262238, 42.341729 ], [ -83.262466, 42.341733 ], [ -83.263186, 42.341714 ], [ -83.263708, 42.3417 ], [ -83.264045, 42.341691 ], [ -83.264022, 42.341749 ], [ -83.263986, 42.342058 ], [ -83.263987, 42.342152 ], [ -83.264106, 42.342584 ], [ -83.26425, 42.342795 ], [ -83.264353, 42.343089 ], [ -83.26439, 42.343324 ], [ -83.264342, 42.343572 ], [ -83.264416, 42.344377 ], [ -83.264612, 42.3463 ], [ -83.264864, 42.34893 ], [ -83.265144, 42.35173 ], [ -83.265334, 42.353539 ], [ -83.265493, 42.35507 ], [ -83.265656, 42.357055 ], [ -83.265987, 42.357046 ], [ -83.26604, 42.358533 ], [ -83.266052, 42.358901 ], [ -83.266062, 42.362282 ], [ -83.266178, 42.363081 ], [ -83.266195, 42.363658 ], [ -83.266213, 42.364266 ], [ -83.266313, 42.366729 ], [ -83.266322, 42.366977 ], [ -83.266327, 42.367127 ], [ -83.266398, 42.3691 ], [ -83.266472, 42.371496 ], [ -83.266599, 42.374458 ], [ -83.266615, 42.375505 ], [ -83.266616, 42.375543 ], [ -83.26662, 42.375793 ], [ -83.26663, 42.376407 ], [ -83.266639, 42.377076 ], [ -83.266652, 42.377859 ], [ -83.266661, 42.378458 ], [ -83.266663, 42.378542 ], [ -83.266663, 42.378604 ], [ -83.266667, 42.378793 ], [ -83.267237, 42.378779 ], [ -83.26846, 42.378752 ], [ -83.274988, 42.378607 ], [ -83.275021, 42.379917 ], [ -83.275056, 42.380928 ], [ -83.275134, 42.383378 ], [ -83.275186, 42.384869 ], [ -83.275202, 42.385264 ], [ -83.275208, 42.385468 ], [ -83.275231, 42.385837 ], [ -83.275302, 42.388698 ], [ -83.275361, 42.39019 ], [ -83.275432, 42.391985 ], [ -83.275451, 42.392458 ], [ -83.275558, 42.395191 ], [ -83.275673, 42.398168 ], [ -83.275725, 42.400096 ], [ -83.275787, 42.401776 ], [ -83.275814, 42.403708 ], [ -83.275879, 42.405407 ], [ -83.275941, 42.407281 ], [ -83.276681, 42.407278 ], [ -83.277131, 42.407278 ], [ -83.278032, 42.407265 ], [ -83.278699, 42.407251 ], [ -83.279372, 42.407231 ], [ -83.280013, 42.407211 ], [ -83.280702, 42.407196 ], [ -83.281417, 42.407181 ], [ -83.281571, 42.407175 ], [ -83.281952, 42.40716 ], [ -83.282029, 42.407157 ], [ -83.282239, 42.407151 ], [ -83.282846, 42.407127 ], [ -83.283492, 42.407103 ], [ -83.284922, 42.407047 ], [ -83.285608, 42.407026 ], [ -83.286463, 42.407 ], [ -83.286517, 42.409319 ], [ -83.286516, 42.409425 ], [ -83.286604, 42.411754 ], [ -83.286698, 42.414252 ], [ -83.286716, 42.414671 ], [ -83.286811, 42.416627 ], [ -83.286928, 42.419091 ], [ -83.287042, 42.421439 ], [ -83.287118, 42.423248 ], [ -83.287197, 42.425056 ], [ -83.287227, 42.425699 ], [ -83.287271, 42.426882 ], [ -83.287306, 42.427716 ], [ -83.287328, 42.42822 ], [ -83.287341, 42.428554 ], [ -83.287343, 42.428609 ], [ -83.287356, 42.42912 ], [ -83.287447, 42.432239 ], [ -83.287527, 42.434882 ], [ -83.287551, 42.435882 ], [ -83.28761, 42.4376 ], [ -83.287614, 42.437722 ], [ -83.287665, 42.439313 ], [ -83.287671, 42.439499 ], [ -83.287717, 42.442103 ], [ -83.287751, 42.442368 ], [ -83.287761, 42.442448 ], [ -83.28777, 42.442524 ], [ -83.287791, 42.442604 ], [ -83.287796, 42.442629 ], [ -83.287803, 42.442683 ] ], [ [ -83.12139, 42.416687 ], [ -83.120855, 42.415903 ], [ -83.12031, 42.415103 ], [ -83.119765, 42.414304 ], [ -83.119224, 42.413511 ], [ -83.118684, 42.412719 ], [ -83.11816, 42.411926 ], [ -83.117661, 42.411171 ], [ -83.117495, 42.410926 ], [ -83.117146, 42.410391 ], [ -83.11682, 42.409899 ], [ -83.116486, 42.409394 ], [ -83.11571, 42.408221 ], [ -83.114011, 42.405795 ], [ -83.113309, 42.404673 ], [ -83.113273, 42.404616 ], [ -83.113233, 42.404554 ], [ -83.113192, 42.404493 ], [ -83.112156, 42.403121 ], [ -83.112089, 42.403031 ], [ -83.111572, 42.402288 ], [ -83.111118, 42.401635 ], [ -83.110671, 42.400971 ], [ -83.11021, 42.400291 ], [ -83.109836, 42.39974 ], [ -83.109737, 42.399597 ], [ -83.109366, 42.399049 ], [ -83.109284, 42.398929 ], [ -83.10925, 42.39888 ], [ -83.109212, 42.398863 ], [ -83.109119, 42.398749 ], [ -83.10905, 42.398617 ], [ -83.109048, 42.398585 ], [ -83.108912, 42.398386 ], [ -83.108886, 42.398348 ], [ -83.108706, 42.398085 ], [ -83.108563, 42.397876 ], [ -83.108551, 42.397849 ], [ -83.107962, 42.396969 ], [ -83.107762, 42.396672 ], [ -83.107134, 42.39574 ], [ -83.107015, 42.395462 ], [ -83.106881, 42.395007 ], [ -83.106628, 42.394644 ], [ -83.106471, 42.394365 ], [ -83.106342, 42.394116 ], [ -83.106284, 42.39399 ], [ -83.106173, 42.393751 ], [ -83.106101, 42.393577 ], [ -83.105906, 42.393101 ], [ -83.105462, 42.392489 ], [ -83.104891, 42.391693 ], [ -83.104415, 42.39103 ], [ -83.104337, 42.390932 ], [ -83.103719, 42.390142 ], [ -83.103553, 42.389931 ], [ -83.103335, 42.389644 ], [ -83.103164, 42.389393 ], [ -83.103009, 42.389152 ], [ -83.102943, 42.38905 ], [ -83.102593, 42.388551 ], [ -83.102524, 42.388452 ], [ -83.102278, 42.388084 ], [ -83.102085, 42.388276 ], [ -83.100588, 42.388814 ], [ -83.097727, 42.389843 ], [ -83.094678, 42.39094 ], [ -83.091773, 42.391985 ], [ -83.088665, 42.393102 ], [ -83.085657, 42.394228 ], [ -83.082691, 42.395356 ], [ -83.07997, 42.39639 ], [ -83.079728, 42.396482 ], [ -83.07824, 42.397049 ], [ -83.076168, 42.397837 ], [ -83.075782, 42.397984 ], [ -83.075201, 42.398204 ], [ -83.07377, 42.398786 ], [ -83.073648, 42.398641 ], [ -83.073294, 42.398221 ], [ -83.071192, 42.395605 ], [ -83.069272, 42.393232 ], [ -83.069134, 42.393056 ], [ -83.068955, 42.392844 ], [ -83.068813, 42.392669 ], [ -83.068295, 42.392045 ], [ -83.067276, 42.390788 ], [ -83.066452, 42.389775 ], [ -83.066401, 42.389792 ], [ -83.066153, 42.389875 ], [ -83.06424, 42.390589 ], [ -83.063836, 42.39074 ], [ -83.062487, 42.391243 ], [ -83.061937, 42.39041 ], [ -83.06058, 42.388413 ], [ -83.059914, 42.387431 ], [ -83.059659, 42.387058 ], [ -83.059268, 42.386485 ], [ -83.058156, 42.384838 ], [ -83.058058, 42.384693 ], [ -83.058012, 42.384644 ], [ -83.057739, 42.384248 ], [ -83.056446, 42.382318 ], [ -83.056152, 42.381902 ], [ -83.055994, 42.381641 ], [ -83.055746, 42.381245 ], [ -83.055683, 42.381145 ], [ -83.055008, 42.380066 ], [ -83.054911, 42.37988 ], [ -83.054747, 42.379595 ], [ -83.045195, 42.383052 ], [ -83.040676, 42.384687 ], [ -83.040494, 42.384763 ], [ -83.041867, 42.386688 ], [ -83.042257, 42.387236 ], [ -83.042519, 42.387603 ], [ -83.042613, 42.387736 ], [ -83.042719, 42.387886 ], [ -83.043393, 42.38883 ], [ -83.043852, 42.389474 ], [ -83.044356, 42.390181 ], [ -83.043204, 42.390198 ], [ -83.042302, 42.390214 ], [ -83.042304, 42.390571 ], [ -83.042321, 42.391283 ], [ -83.042336, 42.392041 ], [ -83.042349, 42.392594 ], [ -83.042375, 42.393127 ], [ -83.042372, 42.393859 ], [ -83.042381, 42.393923 ], [ -83.042408, 42.394631 ], [ -83.04241, 42.395098 ], [ -83.042417, 42.395192 ], [ -83.042429, 42.395928 ], [ -83.042448, 42.396664 ], [ -83.042468, 42.397427 ], [ -83.042468, 42.397474 ], [ -83.042469, 42.39752 ], [ -83.04247, 42.397639 ], [ -83.042476, 42.398297 ], [ -83.042481, 42.398766 ], [ -83.042485, 42.399273 ], [ -83.042494, 42.400186 ], [ -83.042497, 42.400503 ], [ -83.042503, 42.401102 ], [ -83.042504, 42.401278 ], [ -83.042506, 42.401453 ], [ -83.042534, 42.404443 ], [ -83.043922, 42.404443 ], [ -83.04499, 42.404448 ], [ -83.046435, 42.404456 ], [ -83.047257, 42.40446 ], [ -83.04993, 42.404429 ], [ -83.050195, 42.404429 ], [ -83.052634, 42.404427 ], [ -83.054023, 42.40444 ], [ -83.05422, 42.404733 ], [ -83.054662, 42.405394 ], [ -83.055102, 42.40605 ], [ -83.055574, 42.406754 ], [ -83.055642, 42.406855 ], [ -83.056032, 42.407434 ], [ -83.056473, 42.408094 ], [ -83.056917, 42.408752 ], [ -83.057071, 42.408981 ], [ -83.057988, 42.408644 ], [ -83.058914, 42.408304 ], [ -83.059797, 42.407982 ], [ -83.060333, 42.407784 ], [ -83.060696, 42.407651 ], [ -83.061221, 42.407462 ], [ -83.061573, 42.407329 ], [ -83.062085, 42.40714 ], [ -83.062448, 42.407008 ], [ -83.062927, 42.406834 ], [ -83.063325, 42.406688 ], [ -83.064284, 42.406334 ], [ -83.065864, 42.405753 ], [ -83.066756, 42.405425 ], [ -83.067627, 42.405105 ], [ -83.068785, 42.404678 ], [ -83.069218, 42.404518 ], [ -83.070194, 42.404161 ], [ -83.071173, 42.403799 ], [ -83.072137, 42.403446 ], [ -83.072477, 42.403296 ], [ -83.072743, 42.403177 ], [ -83.073115, 42.403012 ], [ -83.073457, 42.402908 ], [ -83.074015, 42.402705 ], [ -83.074296, 42.402602 ], [ -83.074576, 42.402498 ], [ -83.075128, 42.402297 ], [ -83.075168, 42.402282 ], [ -83.075382, 42.402206 ], [ -83.076177, 42.401924 ], [ -83.076301, 42.40189 ], [ -83.076477, 42.402111 ], [ -83.076697, 42.402377 ], [ -83.078068, 42.404041 ], [ -83.078806, 42.404937 ], [ -83.081012, 42.407612 ], [ -83.081149, 42.40778 ], [ -83.081404, 42.408096 ], [ -83.08148, 42.408189 ], [ -83.081548, 42.408272 ], [ -83.081615, 42.408356 ], [ -83.081729, 42.408502 ], [ -83.08176, 42.408542 ], [ -83.082288, 42.409251 ], [ -83.082668, 42.40973 ], [ -83.084157, 42.411607 ], [ -83.084623, 42.412184 ], [ -83.084815, 42.412437 ], [ -83.085509, 42.413184 ], [ -83.086886, 42.414934 ], [ -83.089216, 42.417893 ], [ -83.089333, 42.418042 ], [ -83.089417, 42.418161 ], [ -83.089602, 42.418154 ], [ -83.091471, 42.418137 ], [ -83.092438, 42.418121 ], [ -83.093017, 42.418106 ], [ -83.09343, 42.418106 ], [ -83.093925, 42.418091 ], [ -83.094295, 42.418091 ], [ -83.094828, 42.418023 ], [ -83.095412, 42.418023 ], [ -83.096402, 42.418008 ], [ -83.097397, 42.417974 ], [ -83.097642, 42.417965 ], [ -83.098416, 42.417938 ], [ -83.101078, 42.417847 ], [ -83.101812, 42.417828 ], [ -83.102989, 42.417803 ], [ -83.104547, 42.417763 ], [ -83.104989, 42.417757 ], [ -83.105293, 42.417749 ], [ -83.107952, 42.417724 ], [ -83.109609, 42.417698 ], [ -83.110794, 42.417677 ], [ -83.112654, 42.417645 ], [ -83.113659, 42.417627 ], [ -83.115589, 42.417597 ], [ -83.11644, 42.417579 ], [ -83.118932, 42.417538 ], [ -83.1208, 42.417508 ], [ -83.121932, 42.417482 ], [ -83.12139, 42.416687 ] ] ] } },
{ "type": "Feature", "properties": { "STATEFP": "13", "PLACEFP": "04000", "PLACENS": "02403126", "GEOID": "1304000", "GEOIDFQ": "1600000US1304000", "NAME": "Atlanta", "NAMELSAD": "Atlanta city", "LSAD": "25", "CLASSFP": "C1", "PCICBSA": "Y", "MTFCC": "G4110", "FUNCSTAT": "A", "ALAND": 350436270, "AWATER": 2794530, "INTPTLAT": "+33.7629088", "INTPTLON": "-084.4226745", "city": "Atlanta" }, "geometry": { "type": "MultiPolygon", "coordinates": [ [ [ [ -84.428427, 33.656609 ], [ -84.428421, 33.657431 ], [ -84.428419, 33.657485 ], [ -84.426914, 33.657479 ], [ -84.42687, 33.657608 ], [ -84.426854, 33.657649 ], [ -84.426889, 33.65896 ], [ -84.425816, 33.658945 ], [ -84.422882, 33.658903 ], [ -84.421382, 33.658878 ], [ -84.421032, 33.658872 ], [ -84.420593, 33.658864 ], [ -84.420671, 33.658633 ], [ -84.420723, 33.658531 ], [ -84.421042, 33.657903 ], [ -84.4211, 33.657784 ], [ -84.42146, 33.657223 ], [ -84.421217, 33.657053 ], [ -84.420639, 33.656648 ], [ -84.419622, 33.655943 ], [ -84.419201, 33.655684 ], [ -84.419017, 33.655571 ], [ -84.419012, 33.654685 ], [ -84.419004, 33.652629 ], [ -84.418992, 33.650173 ], [ -84.418982, 33.649539 ], [ -84.418978, 33.648775 ], [ -84.419198, 33.648777 ], [ -84.419316, 33.648775 ], [ -84.423076, 33.648772 ], [ -84.428414, 33.648767 ], [ -84.428415, 33.649537 ], [ -84.428421, 33.653408 ], [ -84.428425, 33.653589 ], [ -84.428425, 33.653911 ], [ -84.428424, 33.654963 ], [ -84.428425, 33.656026 ], [ -84.428427, 33.656409 ], [ -84.428427, 33.656609 ] ] ], [ [ [ -84.550853, 33.722595 ], [ -84.550853, 33.722914 ], [ -84.550852, 33.723244 ], [ -84.550851, 33.723578 ], [ -84.55085, 33.723845 ], [ -84.550849, 33.724126 ], [ -84.550848, 33.724418 ], [ -84.550848, 33.724522 ], [ -84.550847, 33.724815 ], [ -84.550846, 33.725109 ], [ -84.550845, 33.725413 ], [ -84.550844, 33.725705 ], [ -84.550843, 33.72602 ], [ -84.550842, 33.726459 ], [ -84.550841, 33.726846 ], [ -84.550834, 33.72805 ], [ -84.550836, 33.728375 ], [ -84.550126, 33.728375 ], [ -84.549238, 33.728374 ], [ -84.548586, 33.728373 ], [ -84.548334, 33.728373 ], [ -84.547704, 33.72837 ], [ -84.547445, 33.728369 ], [ -84.547124, 33.728368 ], [ -84.547026, 33.728368 ], [ -84.546283, 33.728365 ], [ -84.546063, 33.728364 ], [ -84.54596, 33.728364 ], [ -84.545676, 33.728363 ], [ -84.545296, 33.728361 ], [ -84.544993, 33.72836 ], [ -84.54494, 33.72836 ], [ -84.544729, 33.728359 ], [ -84.544504, 33.728358 ], [ -84.544106, 33.728357 ], [ -84.543586, 33.728355 ], [ -84.543127, 33.728353 ], [ -84.542073, 33.728349 ], [ -84.539844, 33.728341 ], [ -84.539891, 33.728431 ], [ -84.540149, 33.72897 ], [ -84.540221, 33.729172 ], [ -84.540375, 33.729706 ], [ -84.540835, 33.731491 ], [ -84.541101, 33.732519 ], [ -84.541135, 33.732749 ], [ -84.541146, 33.732991 ], [ -84.541145, 33.733014 ], [ -84.54113, 33.733233 ], [ -84.541092, 33.733454 ], [ -84.540477, 33.733486 ], [ -84.540018, 33.73354 ], [ -84.539624, 33.733613 ], [ -84.539545, 33.733631 ], [ -84.538813, 33.733801 ], [ -84.538288, 33.733933 ], [ -84.537762, 33.734091 ], [ -84.53728, 33.734259 ], [ -84.536772, 33.73446 ], [ -84.536255, 33.73467 ], [ -84.536137, 33.734702 ], [ -84.535959, 33.734724 ], [ -84.5357, 33.734724 ], [ -84.535456, 33.734692 ], [ -84.533741, 33.734294 ], [ -84.53309, 33.734143 ], [ -84.532741, 33.734074 ], [ -84.532302, 33.733988 ], [ -84.531863, 33.733902 ], [ -84.531664, 33.733866 ], [ -84.530292, 33.733615 ], [ -84.529921, 33.73354 ], [ -84.529734, 33.733482 ], [ -84.527981, 33.73272 ], [ -84.527948, 33.732706 ], [ -84.527746, 33.73447 ], [ -84.527456, 33.734333 ], [ -84.527653, 33.732578 ], [ -84.527073, 33.732326 ], [ -84.52684, 33.732219 ], [ -84.526857, 33.732145 ], [ -84.527148, 33.730112 ], [ -84.527258, 33.730114 ], [ -84.527258, 33.729929 ], [ -84.527257, 33.729731 ], [ -84.527256, 33.729199 ], [ -84.527256, 33.728965 ], [ -84.527256, 33.728809 ], [ -84.527255, 33.728244 ], [ -84.527254, 33.727948 ], [ -84.527254, 33.727613 ], [ -84.527253, 33.727168 ], [ -84.527252, 33.726675 ], [ -84.527251, 33.726241 ], [ -84.527241, 33.726179 ], [ -84.527137, 33.726178 ], [ -84.526763, 33.726151 ], [ -84.526383, 33.726099 ], [ -84.526042, 33.726029 ], [ -84.525991, 33.726016 ], [ -84.525495, 33.725889 ], [ -84.525276, 33.72586 ], [ -84.52518, 33.725859 ], [ -84.524165, 33.725848 ], [ -84.524194, 33.72423 ], [ -84.523701, 33.724232 ], [ -84.522995, 33.724233 ], [ -84.522992, 33.724383 ], [ -84.522967, 33.725836 ], [ -84.522864, 33.725835 ], [ -84.522804, 33.725834 ], [ -84.522808, 33.725739 ], [ -84.522834, 33.72416 ], [ -84.522869, 33.722088 ], [ -84.522081, 33.722091 ], [ -84.519112, 33.722103 ], [ -84.518859, 33.721496 ], [ -84.518796, 33.721345 ], [ -84.518957, 33.721276 ], [ -84.519136, 33.721199 ], [ -84.519253, 33.72114 ], [ -84.518676, 33.720627 ], [ -84.518077, 33.720919 ], [ -84.518447, 33.721496 ], [ -84.518247, 33.721582 ], [ -84.517931, 33.721778 ], [ -84.517813, 33.721877 ], [ -84.517657, 33.722007 ], [ -84.517557, 33.72211 ], [ -84.517209, 33.72211 ], [ -84.515822, 33.722088 ], [ -84.513986, 33.722064 ], [ -84.513861, 33.722063 ], [ -84.51385, 33.721616 ], [ -84.513863, 33.721245 ], [ -84.513904, 33.720621 ], [ -84.514005, 33.720209 ], [ -84.514083, 33.719894 ], [ -84.513746, 33.719868 ], [ -84.512802, 33.719784 ], [ -84.512774, 33.719781 ], [ -84.511885, 33.719702 ], [ -84.510796, 33.719603 ], [ -84.509871, 33.71952 ], [ -84.507881, 33.719345 ], [ -84.507929, 33.718976 ], [ -84.507957, 33.718755 ], [ -84.508067, 33.718006 ], [ -84.508212, 33.717024 ], [ -84.508301, 33.717036 ], [ -84.512473, 33.717245 ], [ -84.514744, 33.717358 ], [ -84.51484, 33.717027 ], [ -84.515097, 33.716049 ], [ -84.515328, 33.715313 ], [ -84.515527, 33.714905 ], [ -84.515651, 33.714696 ], [ -84.515762, 33.71451 ], [ -84.51624, 33.713905 ], [ -84.516272, 33.713865 ], [ -84.515438, 33.713845 ], [ -84.513306, 33.713803 ], [ -84.513019, 33.713796 ], [ -84.512296, 33.713781 ], [ -84.512379, 33.713179 ], [ -84.511997, 33.713175 ], [ -84.510865, 33.713176 ], [ -84.510399, 33.71316 ], [ -84.510239, 33.713139 ], [ -84.510088, 33.713119 ], [ -84.506059, 33.713014 ], [ -84.506013, 33.713013 ], [ -84.505979, 33.71514 ], [ -84.505946, 33.715408 ], [ -84.505903, 33.715768 ], [ -84.50594, 33.716311 ], [ -84.505442, 33.716752 ], [ -84.504914, 33.716419 ], [ -84.503982, 33.716309 ], [ -84.503615, 33.716904 ], [ -84.505116, 33.71758 ], [ -84.505399, 33.717086 ], [ -84.505954, 33.717021 ], [ -84.505953, 33.717107 ], [ -84.505943, 33.717703 ], [ -84.505938, 33.717978 ], [ -84.50593, 33.718528 ], [ -84.505925, 33.718794 ], [ -84.50592, 33.719077 ], [ -84.50592, 33.719122 ], [ -84.505911, 33.719627 ], [ -84.505903, 33.720129 ], [ -84.505898, 33.720451 ], [ -84.505893, 33.720726 ], [ -84.50588, 33.72155 ], [ -84.506054, 33.721551 ], [ -84.506047, 33.721959 ], [ -84.506045, 33.722058 ], [ -84.505866, 33.722349 ], [ -84.505747, 33.722541 ], [ -84.505736, 33.72293 ], [ -84.505738, 33.723104 ], [ -84.505725, 33.723104 ], [ -84.505197, 33.723079 ], [ -84.504561, 33.72305 ], [ -84.503474, 33.723031 ], [ -84.503204, 33.723026 ], [ -84.502793, 33.723013 ], [ -84.50256, 33.723024 ], [ -84.50203, 33.723023 ], [ -84.501841, 33.723027 ], [ -84.500819, 33.72302 ], [ -84.500768, 33.72302 ], [ -84.500458, 33.722988 ], [ -84.500391, 33.722971 ], [ -84.500137, 33.722908 ], [ -84.499195, 33.722575 ], [ -84.497765, 33.722069 ], [ -84.496437, 33.721599 ], [ -84.496376, 33.723514 ], [ -84.496341, 33.724992 ], [ -84.496359, 33.725025 ], [ -84.49636, 33.724979 ], [ -84.496361, 33.724963 ], [ -84.496431, 33.724885 ], [ -84.496486, 33.724853 ], [ -84.496624, 33.724911 ], [ -84.496645, 33.724915 ], [ -84.496664, 33.724912 ], [ -84.496724, 33.724886 ], [ -84.496764, 33.724878 ], [ -84.496778, 33.724931 ], [ -84.496809, 33.724954 ], [ -84.49688, 33.724881 ], [ -84.496896, 33.724883 ], [ -84.496936, 33.724933 ], [ -84.496996, 33.724953 ], [ -84.497017, 33.724934 ], [ -84.497049, 33.724888 ], [ -84.497064, 33.724884 ], [ -84.497092, 33.724898 ], [ -84.49716, 33.724932 ], [ -84.497212, 33.72495 ], [ -84.497272, 33.724964 ], [ -84.497319, 33.724953 ], [ -84.497334, 33.724942 ], [ -84.497372, 33.724893 ], [ -84.497419, 33.724866 ], [ -84.497453, 33.724881 ], [ -84.497474, 33.724889 ], [ -84.497499, 33.7249 ], [ -84.497525, 33.724906 ], [ -84.497568, 33.724893 ], [ -84.497612, 33.724907 ], [ -84.497666, 33.724932 ], [ -84.497699, 33.724939 ], [ -84.497853, 33.724912 ], [ -84.497915, 33.724926 ], [ -84.497949, 33.724939 ], [ -84.498001, 33.724979 ], [ -84.49804, 33.725009 ], [ -84.498167, 33.725067 ], [ -84.498201, 33.725071 ], [ -84.498257, 33.725043 ], [ -84.498388, 33.725 ], [ -84.499496, 33.724998 ], [ -84.499605, 33.724997 ], [ -84.500266, 33.724996 ], [ -84.500339, 33.724996 ], [ -84.500594, 33.724994 ], [ -84.500621, 33.724949 ], [ -84.500715, 33.724733 ], [ -84.500799, 33.724489 ], [ -84.500827, 33.72432 ], [ -84.500827, 33.724226 ], [ -84.500809, 33.724011 ], [ -84.500809, 33.723889 ], [ -84.500922, 33.7239 ], [ -84.501204, 33.723903 ], [ -84.500995, 33.724043 ], [ -84.501207, 33.724262 ], [ -84.501696, 33.723901 ], [ -84.501905, 33.723888 ], [ -84.50216, 33.723873 ], [ -84.502296, 33.724754 ], [ -84.502559, 33.726198 ], [ -84.502433, 33.728284 ], [ -84.502349, 33.729798 ], [ -84.502227, 33.731042 ], [ -84.50215, 33.731556 ], [ -84.50237, 33.731556 ], [ -84.502609, 33.731559 ], [ -84.505793, 33.731577 ], [ -84.505707, 33.736707 ], [ -84.505662, 33.73936 ], [ -84.505679, 33.739359 ], [ -84.505841, 33.739354 ], [ -84.50702, 33.739318 ], [ -84.507244, 33.73933 ], [ -84.507498, 33.739361 ], [ -84.507735, 33.739413 ], [ -84.507943, 33.73946 ], [ -84.508155, 33.739528 ], [ -84.50841, 33.739631 ], [ -84.508562, 33.739388 ], [ -84.508813, 33.738893 ], [ -84.508853, 33.738791 ], [ -84.509033, 33.738238 ], [ -84.509076, 33.738018 ], [ -84.509117, 33.737729 ], [ -84.509142, 33.73731 ], [ -84.509141, 33.737039 ], [ -84.509127, 33.736882 ], [ -84.509069, 33.736374 ], [ -84.508953, 33.735635 ], [ -84.508901, 33.735245 ], [ -84.508679, 33.733757 ], [ -84.508651, 33.733448 ], [ -84.508641, 33.733177 ], [ -84.508645, 33.733024 ], [ -84.508675, 33.732795 ], [ -84.508721, 33.732606 ], [ -84.508753, 33.732447 ], [ -84.508795, 33.732283 ], [ -84.508849, 33.732143 ], [ -84.508902, 33.732053 ], [ -84.509097, 33.731775 ], [ -84.509253, 33.731595 ], [ -84.509327, 33.731529 ], [ -84.509356, 33.731494 ], [ -84.509548, 33.731322 ], [ -84.509782, 33.731132 ], [ -84.509866, 33.731077 ], [ -84.509982, 33.731014 ], [ -84.510322, 33.730855 ], [ -84.51038, 33.730828 ], [ -84.510795, 33.730668 ], [ -84.511345, 33.730435 ], [ -84.512099, 33.730104 ], [ -84.512608, 33.729839 ], [ -84.512855, 33.729685 ], [ -84.513111, 33.729488 ], [ -84.513312, 33.7293 ], [ -84.513384, 33.729233 ], [ -84.513558, 33.729057 ], [ -84.51391, 33.728561 ], [ -84.514039, 33.728346 ], [ -84.514092, 33.728237 ], [ -84.51422, 33.727911 ], [ -84.514261, 33.72776 ], [ -84.514324, 33.727471 ], [ -84.514342, 33.727334 ], [ -84.514365, 33.727006 ], [ -84.514339, 33.726482 ], [ -84.514527, 33.726612 ], [ -84.514877, 33.726969 ], [ -84.514917, 33.727021 ], [ -84.51513, 33.727261 ], [ -84.515406, 33.727553 ], [ -84.515696, 33.727851 ], [ -84.516179, 33.728426 ], [ -84.516392, 33.728657 ], [ -84.5167, 33.729001 ], [ -84.517204, 33.72958 ], [ -84.517294, 33.72971 ], [ -84.517392, 33.729866 ], [ -84.517474, 33.730025 ], [ -84.517576, 33.730279 ], [ -84.517605, 33.730369 ], [ -84.517636, 33.730523 ], [ -84.517643, 33.7306 ], [ -84.517607, 33.731088 ], [ -84.517599, 33.731197 ], [ -84.517584, 33.73138 ], [ -84.517634, 33.731387 ], [ -84.517803, 33.731391 ], [ -84.517842, 33.731391 ], [ -84.517973, 33.731395 ], [ -84.521115, 33.731463 ], [ -84.521331, 33.729027 ], [ -84.521338, 33.728946 ], [ -84.521501, 33.729 ], [ -84.521512, 33.729004 ], [ -84.521405, 33.730056 ], [ -84.521955, 33.730053 ], [ -84.521953, 33.730066 ], [ -84.523689, 33.730048 ], [ -84.523727, 33.730046 ], [ -84.523547, 33.731307 ], [ -84.523852, 33.731485 ], [ -84.524083, 33.73034 ], [ -84.52411, 33.730265 ], [ -84.524499, 33.730574 ], [ -84.524481, 33.730657 ], [ -84.524216, 33.732295 ], [ -84.525799, 33.73337 ], [ -84.525414, 33.737711 ], [ -84.525562, 33.737759 ], [ -84.526407, 33.738098 ], [ -84.526993, 33.738334 ], [ -84.527005, 33.738335 ], [ -84.527696, 33.738358 ], [ -84.529656, 33.738423 ], [ -84.532265, 33.73851 ], [ -84.533157, 33.738539 ], [ -84.533727, 33.738547 ], [ -84.534118, 33.73854 ], [ -84.535563, 33.738532 ], [ -84.535549, 33.73904 ], [ -84.535423, 33.742125 ], [ -84.535332, 33.744455 ], [ -84.536032, 33.744465 ], [ -84.537462, 33.744484 ], [ -84.537523, 33.744485 ], [ -84.537451, 33.74636 ], [ -84.537529, 33.74636 ], [ -84.537953, 33.746386 ], [ -84.538174, 33.746432 ], [ -84.538288, 33.746487 ], [ -84.538375, 33.746528 ], [ -84.538494, 33.746621 ], [ -84.538792, 33.74694 ], [ -84.539056, 33.747169 ], [ -84.539694, 33.747471 ], [ -84.539849, 33.747591 ], [ -84.540174, 33.748017 ], [ -84.540344, 33.74824 ], [ -84.539595, 33.748903 ], [ -84.539575, 33.749247 ], [ -84.538847, 33.749239 ], [ -84.538808, 33.749235 ], [ -84.538088, 33.749219 ], [ -84.537638, 33.74965 ], [ -84.537478, 33.749803 ], [ -84.537167, 33.750109 ], [ -84.537138, 33.750138 ], [ -84.536115, 33.751143 ], [ -84.536042, 33.751197 ], [ -84.535925, 33.751239 ], [ -84.535672, 33.751271 ], [ -84.535536, 33.751267 ], [ -84.535034, 33.751252 ], [ -84.534965, 33.751258 ], [ -84.534926, 33.751949 ], [ -84.534934, 33.753064 ], [ -84.534937, 33.754541 ], [ -84.535007, 33.757207 ], [ -84.535008, 33.757839 ], [ -84.524897, 33.75773 ], [ -84.524815, 33.762581 ], [ -84.517606, 33.762514 ], [ -84.517524, 33.762514 ], [ -84.517373, 33.762512 ], [ -84.515294, 33.762479 ], [ -84.515271, 33.765011 ], [ -84.515266, 33.765169 ], [ -84.515217, 33.769349 ], [ -84.515173, 33.772177 ], [ -84.515165, 33.772633 ], [ -84.515171, 33.773013 ], [ -84.515044, 33.77312 ], [ -84.514535, 33.773593 ], [ -84.514453, 33.773678 ], [ -84.514239, 33.773906 ], [ -84.514155, 33.774007 ], [ -84.513731, 33.774522 ], [ -84.513416, 33.774956 ], [ -84.513123, 33.77543 ], [ -84.512583, 33.776428 ], [ -84.512034, 33.77737 ], [ -84.51142, 33.778482 ], [ -84.510939, 33.779254 ], [ -84.510513, 33.779844 ], [ -84.509996, 33.780455 ], [ -84.509398, 33.781067 ], [ -84.508626, 33.781802 ], [ -84.506892, 33.78345 ], [ -84.507991, 33.783405 ], [ -84.509049, 33.783392 ], [ -84.510762, 33.783408 ], [ -84.512204, 33.78344 ], [ -84.512328, 33.783436 ], [ -84.512328, 33.782769 ], [ -84.512672, 33.782862 ], [ -84.513128, 33.78332 ], [ -84.513483, 33.783436 ], [ -84.513678, 33.783438 ], [ -84.513977, 33.783418 ], [ -84.514744, 33.783312 ], [ -84.5152, 33.783251 ], [ -84.515211, 33.783942 ], [ -84.515195, 33.785844 ], [ -84.5154, 33.785872 ], [ -84.515864, 33.785967 ], [ -84.516017, 33.786282 ], [ -84.517348, 33.788983 ], [ -84.517472, 33.789231 ], [ -84.517311, 33.789308 ], [ -84.517148, 33.78941 ], [ -84.517049, 33.789471 ], [ -84.516909, 33.789537 ], [ -84.516821, 33.789557 ], [ -84.516734, 33.789581 ], [ -84.516611, 33.789635 ], [ -84.516519, 33.789688 ], [ -84.516473, 33.789713 ], [ -84.516434, 33.789738 ], [ -84.516326, 33.789806 ], [ -84.516219, 33.789873 ], [ -84.516111, 33.789941 ], [ -84.516048, 33.789984 ], [ -84.515972, 33.79004 ], [ -84.515852, 33.790104 ], [ -84.515643, 33.790236 ], [ -84.515379, 33.790402 ], [ -84.515296, 33.790462 ], [ -84.51523, 33.790496 ], [ -84.515156, 33.790535 ], [ -84.515088, 33.790586 ], [ -84.515013, 33.790627 ], [ -84.514878, 33.790701 ], [ -84.514805, 33.790741 ], [ -84.514702, 33.790797 ], [ -84.514604, 33.790852 ], [ -84.514532, 33.790891 ], [ -84.514494, 33.790924 ], [ -84.514407, 33.790965 ], [ -84.514356, 33.790988 ], [ -84.514277, 33.791031 ], [ -84.514163, 33.791093 ], [ -84.514088, 33.791134 ], [ -84.514032, 33.791177 ], [ -84.513921, 33.791226 ], [ -84.513853, 33.791264 ], [ -84.513762, 33.791314 ], [ -84.513691, 33.791353 ], [ -84.513647, 33.791377 ], [ -84.513619, 33.791398 ], [ -84.513491, 33.791475 ], [ -84.513399, 33.791525 ], [ -84.513274, 33.791595 ], [ -84.513156, 33.791647 ], [ -84.51306, 33.791716 ], [ -84.512976, 33.79177 ], [ -84.512834, 33.791835 ], [ -84.512696, 33.791903 ], [ -84.512618, 33.791966 ], [ -84.512488, 33.792025 ], [ -84.512377, 33.792074 ], [ -84.512255, 33.792146 ], [ -84.512159, 33.7922 ], [ -84.512021, 33.792283 ], [ -84.511947, 33.792325 ], [ -84.511809, 33.792388 ], [ -84.511714, 33.792447 ], [ -84.511639, 33.792488 ], [ -84.511518, 33.792547 ], [ -84.511397, 33.79265 ], [ -84.5113, 33.792711 ], [ -84.511215, 33.79276 ], [ -84.511133, 33.79281 ], [ -84.511049, 33.792851 ], [ -84.510903, 33.792968 ], [ -84.510799, 33.793012 ], [ -84.510742, 33.79306 ], [ -84.510713, 33.793112 ], [ -84.5106, 33.793232 ], [ -84.51043, 33.79328 ], [ -84.510269, 33.793375 ], [ -84.510224, 33.79342 ], [ -84.510115, 33.793489 ], [ -84.510042, 33.793544 ], [ -84.509891, 33.793636 ], [ -84.509801, 33.793683 ], [ -84.509674, 33.793759 ], [ -84.509552, 33.793817 ], [ -84.50949, 33.793912 ], [ -84.509405, 33.79398 ], [ -84.509312, 33.794067 ], [ -84.509244, 33.794108 ], [ -84.509117, 33.794228 ], [ -84.508981, 33.794357 ], [ -84.508878, 33.794456 ], [ -84.50887, 33.794463 ], [ -84.508856, 33.794463 ], [ -84.508838, 33.794492 ], [ -84.508811, 33.794517 ], [ -84.508739, 33.794593 ], [ -84.508648, 33.794671 ], [ -84.508605, 33.794712 ], [ -84.508548, 33.794766 ], [ -84.508511, 33.794801 ], [ -84.508489, 33.794832 ], [ -84.50846, 33.794905 ], [ -84.508326, 33.794993 ], [ -84.508268, 33.795031 ], [ -84.50811, 33.795122 ], [ -84.508051, 33.795189 ], [ -84.507982, 33.795235 ], [ -84.507902, 33.795377 ], [ -84.507797, 33.795476 ], [ -84.507775, 33.795496 ], [ -84.507722, 33.795547 ], [ -84.507681, 33.795587 ], [ -84.507635, 33.795629 ], [ -84.507497, 33.795725 ], [ -84.50737, 33.795848 ], [ -84.507243, 33.795972 ], [ -84.507117, 33.796095 ], [ -84.507004, 33.796233 ], [ -84.506968, 33.796259 ], [ -84.506873, 33.796349 ], [ -84.506744, 33.796471 ], [ -84.506593, 33.796614 ], [ -84.506489, 33.796718 ], [ -84.506366, 33.796843 ], [ -84.50629, 33.796908 ], [ -84.506214, 33.796972 ], [ -84.506138, 33.797036 ], [ -84.506061, 33.7971 ], [ -84.505983, 33.797163 ], [ -84.505905, 33.797225 ], [ -84.505826, 33.797288 ], [ -84.505747, 33.797349 ], [ -84.505668, 33.797411 ], [ -84.505587, 33.797471 ], [ -84.505507, 33.797532 ], [ -84.505426, 33.797592 ], [ -84.505344, 33.797651 ], [ -84.505262, 33.79771 ], [ -84.505179, 33.797769 ], [ -84.505096, 33.797827 ], [ -84.505013, 33.797884 ], [ -84.504929, 33.797941 ], [ -84.504844, 33.797998 ], [ -84.504759, 33.798054 ], [ -84.504674, 33.798109 ], [ -84.504588, 33.798165 ], [ -84.504553, 33.798187 ], [ -84.504505, 33.798222 ], [ -84.504424, 33.798281 ], [ -84.504343, 33.798341 ], [ -84.504332, 33.798348 ], [ -84.504256, 33.798397 ], [ -84.504177, 33.798415 ], [ -84.504088, 33.798468 ], [ -84.504001, 33.798522 ], [ -84.503914, 33.798578 ], [ -84.503846, 33.798623 ], [ -84.503779, 33.798669 ], [ -84.503712, 33.798716 ], [ -84.503646, 33.798764 ], [ -84.503565, 33.798825 ], [ -84.503501, 33.798874 ], [ -84.503422, 33.798936 ], [ -84.503345, 33.799 ], [ -84.503283, 33.799052 ], [ -84.503208, 33.799118 ], [ -84.503135, 33.799185 ], [ -84.503061, 33.799278 ], [ -84.502964, 33.799349 ], [ -84.502906, 33.799426 ], [ -84.502849, 33.799503 ], [ -84.502748, 33.799578 ], [ -84.502671, 33.799667 ], [ -84.502596, 33.799756 ], [ -84.502524, 33.799847 ], [ -84.502465, 33.799924 ], [ -84.50242, 33.799986 ], [ -84.502376, 33.800048 ], [ -84.502331, 33.800111 ], [ -84.502261, 33.800205 ], [ -84.502184, 33.800299 ], [ -84.502109, 33.800394 ], [ -84.502036, 33.800489 ], [ -84.501965, 33.800586 ], [ -84.501896, 33.800683 ], [ -84.501844, 33.800757 ], [ -84.501778, 33.800856 ], [ -84.501713, 33.800955 ], [ -84.501649, 33.801056 ], [ -84.501608, 33.801167 ], [ -84.501537, 33.801263 ], [ -84.501496, 33.801317 ], [ -84.501471, 33.801361 ], [ -84.501416, 33.801465 ], [ -84.501362, 33.801569 ], [ -84.501309, 33.801674 ], [ -84.501254, 33.80173 ], [ -84.501195, 33.801784 ], [ -84.501135, 33.801836 ], [ -84.501074, 33.801883 ], [ -84.501035, 33.801986 ], [ -84.500966, 33.80215 ], [ -84.50094, 33.802199 ], [ -84.500904, 33.802282 ], [ -84.500805, 33.802403 ], [ -84.500758, 33.802624 ], [ -84.500743, 33.802696 ], [ -84.500669, 33.802909 ], [ -84.500638, 33.802974 ], [ -84.500618, 33.803016 ], [ -84.500565, 33.803126 ], [ -84.500529, 33.803188 ], [ -84.500504, 33.803222 ], [ -84.500494, 33.803244 ], [ -84.500448, 33.803297 ], [ -84.50035, 33.80341 ], [ -84.500247, 33.803529 ], [ -84.500196, 33.803594 ], [ -84.500098, 33.8037 ], [ -84.500052, 33.80376 ], [ -84.500026, 33.803783 ], [ -84.499995, 33.803818 ], [ -84.499931, 33.803892 ], [ -84.499901, 33.8039 ], [ -84.499745, 33.804096 ], [ -84.499582, 33.804257 ], [ -84.499516, 33.804294 ], [ -84.499463, 33.804315 ], [ -84.499375, 33.804368 ], [ -84.499266, 33.804382 ], [ -84.499184, 33.804433 ], [ -84.499107, 33.804488 ], [ -84.499048, 33.804563 ], [ -84.498968, 33.804611 ], [ -84.498908, 33.804679 ], [ -84.498885, 33.804705 ], [ -84.49885, 33.804749 ], [ -84.4988, 33.804822 ], [ -84.498732, 33.804918 ], [ -84.49867, 33.804987 ], [ -84.498612, 33.805047 ], [ -84.498555, 33.805107 ], [ -84.498473, 33.805187 ], [ -84.498413, 33.805245 ], [ -84.498357, 33.805306 ], [ -84.498292, 33.805379 ], [ -84.497895, 33.80575 ], [ -84.49762, 33.806066 ], [ -84.497583, 33.806042 ], [ -84.497431, 33.806205 ], [ -84.497266, 33.806377 ], [ -84.49533, 33.808404 ], [ -84.495142, 33.808531 ], [ -84.495328, 33.808664 ], [ -84.495265, 33.808721 ], [ -84.49515, 33.808828 ], [ -84.494488, 33.809431 ], [ -84.493599, 33.810295 ], [ -84.492395, 33.811336 ], [ -84.491506, 33.812083 ], [ -84.491389, 33.81215 ], [ -84.490388, 33.812714 ], [ -84.489672, 33.813023 ], [ -84.489155, 33.813136 ], [ -84.488405, 33.8133 ], [ -84.488345, 33.813313 ], [ -84.488116, 33.813363 ], [ -84.487707, 33.813432 ], [ -84.486787, 33.813586 ], [ -84.486278, 33.813708 ], [ -84.486078, 33.813777 ], [ -84.485775, 33.813832 ], [ -84.485323, 33.81402 ], [ -84.484806, 33.814263 ], [ -84.484413, 33.814494 ], [ -84.484075, 33.814728 ], [ -84.484014, 33.814762 ], [ -84.483917, 33.814816 ], [ -84.483836, 33.814862 ], [ -84.483747, 33.814911 ], [ -84.483705, 33.814935 ], [ -84.483645, 33.814973 ], [ -84.483557, 33.815017 ], [ -84.483484, 33.815078 ], [ -84.483399, 33.815133 ], [ -84.483345, 33.815189 ], [ -84.483271, 33.815246 ], [ -84.483205, 33.815307 ], [ -84.483118, 33.815377 ], [ -84.483022, 33.81543 ], [ -84.482917, 33.815496 ], [ -84.482833, 33.815545 ], [ -84.482756, 33.815601 ], [ -84.482655, 33.815674 ], [ -84.48259, 33.815722 ], [ -84.482514, 33.815777 ], [ -84.48242, 33.815846 ], [ -84.482358, 33.81589 ], [ -84.482285, 33.815944 ], [ -84.482218, 33.815993 ], [ -84.482148, 33.816044 ], [ -84.48204, 33.816084 ], [ -84.482001, 33.816151 ], [ -84.48193, 33.816202 ], [ -84.481865, 33.81625 ], [ -84.481763, 33.816324 ], [ -84.481689, 33.816402 ], [ -84.481621, 33.816445 ], [ -84.481545, 33.816483 ], [ -84.481453, 33.816549 ], [ -84.481348, 33.816626 ], [ -84.48132, 33.816646 ], [ -84.481272, 33.816688 ], [ -84.481184, 33.816747 ], [ -84.48111, 33.816804 ], [ -84.481004, 33.816888 ], [ -84.480916, 33.816945 ], [ -84.480862, 33.81698 ], [ -84.480832, 33.817002 ], [ -84.480761, 33.817053 ], [ -84.48068, 33.817159 ], [ -84.480629, 33.817213 ], [ -84.48053, 33.817281 ], [ -84.480332, 33.817484 ], [ -84.480163, 33.81764 ], [ -84.480102, 33.81773 ], [ -84.480035, 33.817806 ], [ -84.479932, 33.81788 ], [ -84.479836, 33.817955 ], [ -84.479775, 33.818035 ], [ -84.479727, 33.818123 ], [ -84.47968, 33.818195 ], [ -84.479638, 33.818268 ], [ -84.479582, 33.818354 ], [ -84.479536, 33.818415 ], [ -84.479478, 33.81849 ], [ -84.47942, 33.818582 ], [ -84.479356, 33.818698 ], [ -84.479294, 33.818776 ], [ -84.479253, 33.818839 ], [ -84.479246, 33.818856 ], [ -84.478893, 33.81933 ], [ -84.478481, 33.819795 ], [ -84.477882, 33.820363 ], [ -84.476717, 33.821379 ], [ -84.47578, 33.822197 ], [ -84.474821, 33.823034 ], [ -84.473881, 33.823853 ], [ -84.473278, 33.82438 ], [ -84.472951, 33.824665 ], [ -84.471844, 33.825631 ], [ -84.471349, 33.826059 ], [ -84.470939, 33.82637 ], [ -84.47045, 33.826679 ], [ -84.469972, 33.826927 ], [ -84.469716, 33.827039 ], [ -84.469681, 33.827051 ], [ -84.469405, 33.827149 ], [ -84.468897, 33.827307 ], [ -84.46847, 33.827384 ], [ -84.46843, 33.827404 ], [ -84.468373, 33.827401 ], [ -84.468244, 33.827424 ], [ -84.467956, 33.827475 ], [ -84.46782, 33.8275 ], [ -84.467716, 33.827518 ], [ -84.467641, 33.827532 ], [ -84.467605, 33.827538 ], [ -84.467528, 33.827546 ], [ -84.467426, 33.827557 ], [ -84.467344, 33.827567 ], [ -84.467256, 33.827578 ], [ -84.467148, 33.827591 ], [ -84.467034, 33.827605 ], [ -84.466917, 33.827619 ], [ -84.466834, 33.827631 ], [ -84.466763, 33.82764 ], [ -84.466652, 33.82764 ], [ -84.466262, 33.827638 ], [ -84.466208, 33.827634 ], [ -84.466071, 33.827619 ], [ -84.465949, 33.82761 ], [ -84.46583, 33.827606 ], [ -84.465725, 33.8276 ], [ -84.465689, 33.827596 ], [ -84.465633, 33.827589 ], [ -84.465517, 33.827573 ], [ -84.46541, 33.827557 ], [ -84.465046, 33.82751 ], [ -84.464906, 33.827469 ], [ -84.46486, 33.827461 ], [ -84.464811, 33.827453 ], [ -84.464777, 33.827451 ], [ -84.464666, 33.827434 ], [ -84.464583, 33.827419 ], [ -84.464497, 33.827407 ], [ -84.464366, 33.827383 ], [ -84.464282, 33.827366 ], [ -84.4642, 33.82734 ], [ -84.464101, 33.8273 ], [ -84.464016, 33.827265 ], [ -84.463915, 33.827223 ], [ -84.463786, 33.827152 ], [ -84.463713, 33.827137 ], [ -84.463588, 33.827042 ], [ -84.46352, 33.826978 ], [ -84.463385, 33.827005 ], [ -84.463269, 33.82702 ], [ -84.463107, 33.826985 ], [ -84.46298, 33.826936 ], [ -84.462882, 33.826905 ], [ -84.462752, 33.826895 ], [ -84.462669, 33.82685 ], [ -84.462609, 33.826817 ], [ -84.462563, 33.826797 ], [ -84.462483, 33.826763 ], [ -84.46243, 33.826699 ], [ -84.462344, 33.826647 ], [ -84.462247, 33.826609 ], [ -84.462165, 33.826576 ], [ -84.462066, 33.826535 ], [ -84.461964, 33.826494 ], [ -84.461865, 33.826462 ], [ -84.461775, 33.826428 ], [ -84.461678, 33.82642 ], [ -84.461569, 33.826373 ], [ -84.461497, 33.826332 ], [ -84.461424, 33.826247 ], [ -84.461322, 33.826233 ], [ -84.461234, 33.826184 ], [ -84.461173, 33.826109 ], [ -84.461088, 33.826098 ], [ -84.460978, 33.826029 ], [ -84.460559, 33.825737 ], [ -84.460126, 33.825433 ], [ -84.459888, 33.825265 ], [ -84.459846, 33.825226 ], [ -84.459803, 33.825152 ], [ -84.45976, 33.82509 ], [ -84.45969, 33.825049 ], [ -84.459587, 33.824988 ], [ -84.459522, 33.824945 ], [ -84.45943, 33.824883 ], [ -84.459372, 33.824831 ], [ -84.459258, 33.824796 ], [ -84.459188, 33.824751 ], [ -84.459075, 33.824713 ], [ -84.458946, 33.824683 ], [ -84.458879, 33.824677 ], [ -84.458703, 33.824623 ], [ -84.458408, 33.824578 ], [ -84.458152, 33.824571 ], [ -84.458003, 33.824584 ], [ -84.457924, 33.824591 ], [ -84.457697, 33.824633 ], [ -84.457645, 33.824649 ], [ -84.457604, 33.824653 ], [ -84.45748, 33.824695 ], [ -84.457314, 33.824749 ], [ -84.457201, 33.824761 ], [ -84.457065, 33.824801 ], [ -84.456976, 33.824871 ], [ -84.456904, 33.824922 ], [ -84.456817, 33.824983 ], [ -84.456707, 33.825068 ], [ -84.456478, 33.825245 ], [ -84.456383, 33.825319 ], [ -84.456419, 33.825396 ], [ -84.45635, 33.825477 ], [ -84.456299, 33.825521 ], [ -84.456286, 33.825552 ], [ -84.456223, 33.825606 ], [ -84.456172, 33.825686 ], [ -84.456143, 33.825754 ], [ -84.456161, 33.825856 ], [ -84.45612, 33.8259 ], [ -84.456081, 33.825943 ], [ -84.456045, 33.82601 ], [ -84.45601, 33.826074 ], [ -84.455974, 33.826152 ], [ -84.455942, 33.826262 ], [ -84.455918, 33.82633 ], [ -84.455902, 33.826397 ], [ -84.455897, 33.826497 ], [ -84.455871, 33.826561 ], [ -84.45584, 33.826589 ], [ -84.455779, 33.826578 ], [ -84.455722, 33.826567 ], [ -84.45562, 33.82662 ], [ -84.455556, 33.826697 ], [ -84.455504, 33.826787 ], [ -84.455462, 33.826809 ], [ -84.455434, 33.826824 ], [ -84.455367, 33.826881 ], [ -84.455372, 33.826953 ], [ -84.455377, 33.827024 ], [ -84.455373, 33.827096 ], [ -84.455336, 33.827164 ], [ -84.455303, 33.827226 ], [ -84.455285, 33.827293 ], [ -84.455279, 33.827316 ], [ -84.455263, 33.827386 ], [ -84.455353, 33.827461 ], [ -84.45534, 33.827539 ], [ -84.455233, 33.827522 ], [ -84.455146, 33.827574 ], [ -84.455101, 33.827685 ], [ -84.455072, 33.827771 ], [ -84.455054, 33.82784 ], [ -84.455017, 33.827923 ], [ -84.455021, 33.827992 ], [ -84.455025, 33.828073 ], [ -84.455026, 33.828159 ], [ -84.455073, 33.828247 ], [ -84.455088, 33.828323 ], [ -84.455102, 33.828391 ], [ -84.455151, 33.828471 ], [ -84.45511, 33.828556 ], [ -84.455154, 33.828652 ], [ -84.455149, 33.828685 ], [ -84.455153, 33.828728 ], [ -84.455173, 33.828798 ], [ -84.455188, 33.828893 ], [ -84.455223, 33.828971 ], [ -84.455242, 33.829072 ], [ -84.455269, 33.829143 ], [ -84.455303, 33.829232 ], [ -84.455348, 33.829313 ], [ -84.455396, 33.829402 ], [ -84.455427, 33.829478 ], [ -84.455452, 33.82956 ], [ -84.455493, 33.829653 ], [ -84.455526, 33.829716 ], [ -84.45557, 33.829799 ], [ -84.455615, 33.829883 ], [ -84.455671, 33.829986 ], [ -84.455786, 33.830278 ], [ -84.455853, 33.830367 ], [ -84.455888, 33.83043 ], [ -84.45599, 33.830543 ], [ -84.456028, 33.83064 ], [ -84.456068, 33.830705 ], [ -84.456114, 33.830779 ], [ -84.456141, 33.830851 ], [ -84.456197, 33.830922 ], [ -84.456274, 33.831024 ], [ -84.456322, 33.831086 ], [ -84.456362, 33.831148 ], [ -84.456496, 33.831244 ], [ -84.456535, 33.831315 ], [ -84.456581, 33.831397 ], [ -84.456617, 33.831461 ], [ -84.456661, 33.83154 ], [ -84.456724, 33.831648 ], [ -84.45677, 33.831722 ], [ -84.456818, 33.831808 ], [ -84.456871, 33.831889 ], [ -84.456925, 33.831965 ], [ -84.457001, 33.832074 ], [ -84.457303, 33.832473 ], [ -84.457424, 33.832674 ], [ -84.45764, 33.833038 ], [ -84.457725, 33.833102 ], [ -84.457784, 33.833186 ], [ -84.457828, 33.833249 ], [ -84.457874, 33.833314 ], [ -84.457922, 33.833383 ], [ -84.457971, 33.833452 ], [ -84.458025, 33.83353 ], [ -84.458083, 33.833611 ], [ -84.458143, 33.833697 ], [ -84.458207, 33.833788 ], [ -84.458272, 33.83388 ], [ -84.458328, 33.83396 ], [ -84.458379, 33.834033 ], [ -84.4584, 33.834138 ], [ -84.458453, 33.834194 ], [ -84.458531, 33.834249 ], [ -84.458562, 33.834293 ], [ -84.458595, 33.83434 ], [ -84.458628, 33.834405 ], [ -84.458646, 33.834488 ], [ -84.458638, 33.834594 ], [ -84.458636, 33.834634 ], [ -84.458649, 33.834748 ], [ -84.458662, 33.834864 ], [ -84.458902, 33.835339 ], [ -84.459725, 33.836965 ], [ -84.460426, 33.838349 ], [ -84.460696, 33.839799 ], [ -84.4607, 33.840785 ], [ -84.460651, 33.841077 ], [ -84.460487, 33.842073 ], [ -84.460453, 33.842277 ], [ -84.459885, 33.843742 ], [ -84.459466, 33.844513 ], [ -84.459366, 33.844699 ], [ -84.459255, 33.844904 ], [ -84.459004, 33.845366 ], [ -84.458968, 33.845477 ], [ -84.45878, 33.846044 ], [ -84.458765, 33.846245 ], [ -84.458765, 33.846264 ], [ -84.458703, 33.847006 ], [ -84.458696, 33.84763 ], [ -84.458717, 33.848101 ], [ -84.458756, 33.848334 ], [ -84.458821, 33.848723 ], [ -84.458836, 33.848813 ], [ -84.458851, 33.848903 ], [ -84.458876, 33.848972 ], [ -84.458909, 33.84906 ], [ -84.458934, 33.849129 ], [ -84.458966, 33.849216 ], [ -84.458991, 33.849286 ], [ -84.459023, 33.849372 ], [ -84.459049, 33.849442 ], [ -84.459075, 33.849512 ], [ -84.459113, 33.849616 ], [ -84.460173, 33.851586 ], [ -84.460194, 33.851658 ], [ -84.460213, 33.85173 ], [ -84.460229, 33.851803 ], [ -84.460241, 33.851876 ], [ -84.460251, 33.85195 ], [ -84.460258, 33.852024 ], [ -84.460262, 33.852097 ], [ -84.460263, 33.852171 ], [ -84.46026, 33.852245 ], [ -84.460254, 33.852319 ], [ -84.460246, 33.852393 ], [ -84.460234, 33.852466 ], [ -84.46022, 33.852539 ], [ -84.460203, 33.852611 ], [ -84.460186, 33.852668 ], [ -84.460181, 33.852684 ], [ -84.460159, 33.852755 ], [ -84.460132, 33.852825 ], [ -84.460102, 33.852895 ], [ -84.46007, 33.852964 ], [ -84.460035, 33.853032 ], [ -84.460027, 33.853046 ], [ -84.459998, 33.853099 ], [ -84.459957, 33.853171 ], [ -84.45989, 33.853259 ], [ -84.459838, 33.85333 ], [ -84.459791, 33.853405 ], [ -84.45973, 33.853485 ], [ -84.459684, 33.853553 ], [ -84.459647, 33.853616 ], [ -84.459621, 33.853664 ], [ -84.459606, 33.85368 ], [ -84.459591, 33.853703 ], [ -84.459581, 33.853719 ], [ -84.459525, 33.853781 ], [ -84.459495, 33.853808 ], [ -84.459447, 33.853863 ], [ -84.459377, 33.853909 ], [ -84.459341, 33.853932 ], [ -84.459251, 33.853977 ], [ -84.459187, 33.85406 ], [ -84.459136, 33.854132 ], [ -84.459079, 33.854201 ], [ -84.459014, 33.854279 ], [ -84.45899, 33.854312 ], [ -84.45896, 33.854352 ], [ -84.458896, 33.854426 ], [ -84.458865, 33.854512 ], [ -84.458705, 33.854678 ], [ -84.458593, 33.854794 ], [ -84.458546, 33.854839 ], [ -84.458487, 33.854892 ], [ -84.458424, 33.854959 ], [ -84.45835, 33.855029 ], [ -84.458254, 33.85512 ], [ -84.45818, 33.855173 ], [ -84.458126, 33.855211 ], [ -84.458103, 33.855228 ], [ -84.458042, 33.855283 ], [ -84.45795, 33.855374 ], [ -84.457857, 33.855457 ], [ -84.45779, 33.85552 ], [ -84.457737, 33.855564 ], [ -84.457703, 33.855592 ], [ -84.457617, 33.855667 ], [ -84.457546, 33.855732 ], [ -84.457477, 33.855798 ], [ -84.457416, 33.855885 ], [ -84.456886, 33.856631 ], [ -84.455948, 33.857539 ], [ -84.455734, 33.85766 ], [ -84.455669, 33.857747 ], [ -84.455463, 33.857845 ], [ -84.455437, 33.857849 ], [ -84.455283, 33.85788 ], [ -84.455227, 33.857888 ], [ -84.455177, 33.857905 ], [ -84.455165, 33.857909 ], [ -84.455048, 33.857948 ], [ -84.454951, 33.858004 ], [ -84.454878, 33.858052 ], [ -84.454786, 33.858118 ], [ -84.454708, 33.858301 ], [ -84.454674, 33.858382 ], [ -84.454647, 33.858479 ], [ -84.454591, 33.858535 ], [ -84.454546, 33.858617 ], [ -84.454467, 33.858725 ], [ -84.454449, 33.858796 ], [ -84.454406, 33.858963 ], [ -84.454375, 33.859027 ], [ -84.454355, 33.859067 ], [ -84.45434, 33.859112 ], [ -84.454312, 33.8592 ], [ -84.454287, 33.859276 ], [ -84.454256, 33.859368 ], [ -84.454246, 33.859399 ], [ -84.454243, 33.85942 ], [ -84.454241, 33.859519 ], [ -84.454237, 33.859539 ], [ -84.454195, 33.859729 ], [ -84.454237, 33.859831 ], [ -84.454237, 33.859863 ], [ -84.45425, 33.859898 ], [ -84.454259, 33.859987 ], [ -84.454239, 33.860138 ], [ -84.454232, 33.86019 ], [ -84.454239, 33.860206 ], [ -84.454268, 33.860276 ], [ -84.454297, 33.860336 ], [ -84.454309, 33.860364 ], [ -84.454351, 33.860451 ], [ -84.454372, 33.860523 ], [ -84.454379, 33.860551 ], [ -84.454406, 33.860618 ], [ -84.454442, 33.860707 ], [ -84.454474, 33.860787 ], [ -84.454458, 33.860863 ], [ -84.454487, 33.860945 ], [ -84.454527, 33.861014 ], [ -84.454598, 33.861092 ], [ -84.454594, 33.861189 ], [ -84.454622, 33.861275 ], [ -84.454648, 33.861344 ], [ -84.454667, 33.861397 ], [ -84.454686, 33.861452 ], [ -84.454958, 33.861982 ], [ -84.454999, 33.862084 ], [ -84.45501, 33.86211 ], [ -84.45503, 33.862149 ], [ -84.455087, 33.862231 ], [ -84.455157, 33.8623 ], [ -84.45521, 33.862356 ], [ -84.455277, 33.862428 ], [ -84.455336, 33.862499 ], [ -84.4554, 33.862568 ], [ -84.455474, 33.862631 ], [ -84.455529, 33.862682 ], [ -84.455542, 33.862693 ], [ -84.455589, 33.862769 ], [ -84.45565, 33.862844 ], [ -84.455704, 33.862915 ], [ -84.455775, 33.86298 ], [ -84.455837, 33.863052 ], [ -84.455899, 33.863123 ], [ -84.455927, 33.863204 ], [ -84.45598, 33.863277 ], [ -84.456019, 33.863361 ], [ -84.456041, 33.863405 ], [ -84.456057, 33.86345 ], [ -84.456087, 33.863535 ], [ -84.45612, 33.863627 ], [ -84.45615, 33.863711 ], [ -84.456179, 33.863793 ], [ -84.456182, 33.86388 ], [ -84.456178, 33.863915 ], [ -84.456178, 33.863985 ], [ -84.456202, 33.864053 ], [ -84.456187, 33.864137 ], [ -84.456185, 33.864164 ], [ -84.456181, 33.864223 ], [ -84.456183, 33.86431 ], [ -84.456177, 33.864402 ], [ -84.456176, 33.864491 ], [ -84.45614, 33.86458 ], [ -84.456116, 33.864671 ], [ -84.456053, 33.864787 ], [ -84.456032, 33.864836 ], [ -84.455995, 33.864926 ], [ -84.45596, 33.86501 ], [ -84.455927, 33.865089 ], [ -84.455894, 33.86517 ], [ -84.455859, 33.865254 ], [ -84.455829, 33.865325 ], [ -84.455794, 33.86541 ], [ -84.455759, 33.865495 ], [ -84.455744, 33.865532 ], [ -84.455719, 33.865591 ], [ -84.455684, 33.865675 ], [ -84.455464, 33.866011 ], [ -84.455321, 33.866219 ], [ -84.45525, 33.866303 ], [ -84.455161, 33.866342 ], [ -84.45514, 33.866449 ], [ -84.455073, 33.866514 ], [ -84.455015, 33.866583 ], [ -84.454958, 33.866651 ], [ -84.454913, 33.866697 ], [ -84.454885, 33.866725 ], [ -84.454815, 33.866796 ], [ -84.454746, 33.866866 ], [ -84.454667, 33.866946 ], [ -84.454618, 33.86702 ], [ -84.454564, 33.8671 ], [ -84.454497, 33.86717 ], [ -84.454431, 33.867243 ], [ -84.454367, 33.867308 ], [ -84.454313, 33.867386 ], [ -84.453968, 33.867699 ], [ -84.453827, 33.867826 ], [ -84.453713, 33.867848 ], [ -84.453631, 33.8679 ], [ -84.453569, 33.867977 ], [ -84.453526, 33.868054 ], [ -84.453477, 33.868135 ], [ -84.453405, 33.868181 ], [ -84.453303, 33.868202 ], [ -84.45323, 33.86827 ], [ -84.453157, 33.868336 ], [ -84.45308, 33.868404 ], [ -84.452997, 33.868466 ], [ -84.452925, 33.868526 ], [ -84.452845, 33.868589 ], [ -84.452711, 33.868702 ], [ -84.45263, 33.868761 ], [ -84.452569, 33.86883 ], [ -84.452496, 33.868866 ], [ -84.452405, 33.868911 ], [ -84.452316, 33.868962 ], [ -84.452261, 33.869037 ], [ -84.452043, 33.869212 ], [ -84.45192, 33.869549 ], [ -84.451796, 33.869887 ], [ -84.451729, 33.870075 ], [ -84.451734, 33.870143 ], [ -84.451742, 33.870193 ], [ -84.451752, 33.870273 ], [ -84.45178, 33.87036 ], [ -84.451798, 33.870457 ], [ -84.451813, 33.87054 ], [ -84.451833, 33.870656 ], [ -84.451855, 33.870772 ], [ -84.451888, 33.870886 ], [ -84.451925, 33.871116 ], [ -84.451964, 33.871181 ], [ -84.451978, 33.87128 ], [ -84.451987, 33.871379 ], [ -84.45199, 33.87147 ], [ -84.45199, 33.871532 ], [ -84.45199, 33.871569 ], [ -84.451985, 33.871659 ], [ -84.451975, 33.871758 ], [ -84.451961, 33.871849 ], [ -84.451928, 33.872078 ], [ -84.451891, 33.872155 ], [ -84.451857, 33.872226 ], [ -84.451827, 33.872299 ], [ -84.451796, 33.872371 ], [ -84.45176, 33.872443 ], [ -84.451723, 33.872513 ], [ -84.451687, 33.872574 ], [ -84.451349, 33.872931 ], [ -84.451282, 33.873003 ], [ -84.451211, 33.873073 ], [ -84.451116, 33.873162 ], [ -84.450695, 33.873531 ], [ -84.450242, 33.873942 ], [ -84.449929, 33.874187 ], [ -84.449106, 33.87484 ], [ -84.448574, 33.875415 ], [ -84.448254, 33.875753 ], [ -84.448003, 33.87599 ], [ -84.448013, 33.876 ], [ -84.44747, 33.87655 ], [ -84.446534, 33.877167 ], [ -84.44536, 33.877799 ], [ -84.445234, 33.877874 ], [ -84.444294, 33.87843 ], [ -84.443811, 33.878532 ], [ -84.443797, 33.878542 ], [ -84.443528, 33.878535 ], [ -84.443472, 33.878533 ], [ -84.443344, 33.878529 ], [ -84.442692, 33.878525 ], [ -84.442402, 33.878522 ], [ -84.441374, 33.878524 ], [ -84.440335, 33.878519 ], [ -84.44035, 33.878585 ], [ -84.44025, 33.878785 ], [ -84.440164, 33.879014 ], [ -84.439847, 33.879106 ], [ -84.440023, 33.879268 ], [ -84.439404, 33.87989 ], [ -84.439338, 33.879908 ], [ -84.439251, 33.879935 ], [ -84.438887, 33.879884 ], [ -84.438741, 33.879768 ], [ -84.438788, 33.879436 ], [ -84.438696, 33.879377 ], [ -84.438558, 33.87946 ], [ -84.438179, 33.87934 ], [ -84.438018, 33.879252 ], [ -84.437913, 33.879371 ], [ -84.437599, 33.879481 ], [ -84.437133, 33.879427 ], [ -84.437234, 33.879686 ], [ -84.437099, 33.879947 ], [ -84.436746, 33.880104 ], [ -84.436346, 33.88018 ], [ -84.436157, 33.880384 ], [ -84.43617, 33.87912 ], [ -84.436015, 33.878957 ], [ -84.435574, 33.87849 ], [ -84.434885, 33.878488 ], [ -84.433535, 33.878484 ], [ -84.43336, 33.878484 ], [ -84.432907, 33.878812 ], [ -84.432251, 33.878481 ], [ -84.431203, 33.878478 ], [ -84.429931, 33.878474 ], [ -84.429835, 33.878742 ], [ -84.429438, 33.879875 ], [ -84.429232, 33.881187 ], [ -84.429079, 33.881211 ], [ -84.428936, 33.881216 ], [ -84.428759, 33.881199 ], [ -84.428605, 33.881162 ], [ -84.428444, 33.881098 ], [ -84.428312, 33.881021 ], [ -84.428173, 33.880906 ], [ -84.427697, 33.88041 ], [ -84.427928, 33.878903 ], [ -84.427963, 33.878644 ], [ -84.427357, 33.878697 ], [ -84.426997, 33.878679 ], [ -84.426997, 33.878458 ], [ -84.426319, 33.878455 ], [ -84.425362, 33.87845 ], [ -84.424966, 33.878448 ], [ -84.424881, 33.878447 ], [ -84.424701, 33.878903 ], [ -84.424599, 33.87916 ], [ -84.424499, 33.87913 ], [ -84.423271, 33.878779 ], [ -84.423268, 33.878753 ], [ -84.423083, 33.878698 ], [ -84.423221, 33.878435 ], [ -84.420831, 33.878418 ], [ -84.418601, 33.878402 ], [ -84.417777, 33.878431 ], [ -84.417665, 33.878406 ], [ -84.417553, 33.878381 ], [ -84.416478, 33.878375 ], [ -84.415972, 33.878374 ], [ -84.41488, 33.878363 ], [ -84.414178, 33.878359 ], [ -84.413639, 33.878353 ], [ -84.41171, 33.878338 ], [ -84.411627, 33.878337 ], [ -84.411236, 33.878333 ], [ -84.410871, 33.878334 ], [ -84.410734, 33.87833 ], [ -84.40964, 33.878321 ], [ -84.408556, 33.878312 ], [ -84.407979, 33.878308 ], [ -84.407199, 33.878302 ], [ -84.406962, 33.878304 ], [ -84.40696, 33.878409 ], [ -84.40696, 33.879195 ], [ -84.406967, 33.88029 ], [ -84.406951, 33.880456 ], [ -84.406969, 33.880588 ], [ -84.406971, 33.880849 ], [ -84.407027, 33.882303 ], [ -84.407022, 33.882368 ], [ -84.406979, 33.882379 ], [ -84.405789, 33.882353 ], [ -84.405493, 33.882346 ], [ -84.40515, 33.882338 ], [ -84.405142, 33.883163 ], [ -84.405126, 33.88466 ], [ -84.405122, 33.885241 ], [ -84.405034, 33.885224 ], [ -84.405021, 33.885221 ], [ -84.404883, 33.885207 ], [ -84.404784, 33.885208 ], [ -84.404683, 33.885219 ], [ -84.404558, 33.885255 ], [ -84.404455, 33.885299 ], [ -84.404353, 33.885358 ], [ -84.404284, 33.885409 ], [ -84.40416, 33.885519 ], [ -84.40393, 33.885743 ], [ -84.403683, 33.886004 ], [ -84.403502, 33.886227 ], [ -84.403309, 33.886425 ], [ -84.403196, 33.886517 ], [ -84.40305, 33.886621 ], [ -84.40303, 33.886631 ], [ -84.402949, 33.886672 ], [ -84.402755, 33.886731 ], [ -84.40259, 33.886758 ], [ -84.401837, 33.886763 ], [ -84.401818, 33.886728 ], [ -84.401516, 33.885918 ], [ -84.401138, 33.88592 ], [ -84.401138, 33.885474 ], [ -84.401136, 33.884121 ], [ -84.401135, 33.883285 ], [ -84.401135, 33.883164 ], [ -84.401134, 33.882561 ], [ -84.401133, 33.882296 ], [ -84.401036, 33.882296 ], [ -84.401035, 33.881898 ], [ -84.400498, 33.881377 ], [ -84.400443, 33.881304 ], [ -84.400342, 33.881293 ], [ -84.400253, 33.881286 ], [ -84.400148, 33.881286 ], [ -84.399424, 33.881303 ], [ -84.399281, 33.881306 ], [ -84.3992, 33.881308 ], [ -84.399175, 33.879471 ], [ -84.397225, 33.87946 ], [ -84.397232, 33.878845 ], [ -84.397238, 33.878394 ], [ -84.397243, 33.8783 ], [ -84.397247, 33.878219 ], [ -84.396126, 33.878216 ], [ -84.394029, 33.87821 ], [ -84.389187, 33.878155 ], [ -84.388692, 33.878149 ], [ -84.388693, 33.878302 ], [ -84.388695, 33.87871 ], [ -84.388694, 33.878893 ], [ -84.388728, 33.878894 ], [ -84.388877, 33.878876 ], [ -84.389022, 33.878841 ], [ -84.3891, 33.878811 ], [ -84.389179, 33.87893 ], [ -84.389544, 33.879481 ], [ -84.389672, 33.879672 ], [ -84.389885, 33.879722 ], [ -84.390185, 33.879793 ], [ -84.390559, 33.880396 ], [ -84.390699, 33.88034 ], [ -84.390858, 33.880279 ], [ -84.391002, 33.880402 ], [ -84.39103, 33.880451 ], [ -84.391252, 33.88084 ], [ -84.391013, 33.88094 ], [ -84.390356, 33.88122 ], [ -84.390762, 33.881763 ], [ -84.391077, 33.882183 ], [ -84.39122, 33.882374 ], [ -84.391284, 33.882422 ], [ -84.391465, 33.882558 ], [ -84.391883, 33.88287 ], [ -84.392253, 33.883147 ], [ -84.392647, 33.883442 ], [ -84.392842, 33.883661 ], [ -84.393326, 33.884203 ], [ -84.393601, 33.8845 ], [ -84.39393, 33.884855 ], [ -84.394645, 33.88536 ], [ -84.39484, 33.885587 ], [ -84.395127, 33.885922 ], [ -84.395482, 33.886336 ], [ -84.394815, 33.886779 ], [ -84.394753, 33.886823 ], [ -84.394701, 33.886756 ], [ -84.394619, 33.886672 ], [ -84.394356, 33.886459 ], [ -84.393843, 33.886117 ], [ -84.39359, 33.885948 ], [ -84.393454, 33.885827 ], [ -84.393259, 33.885741 ], [ -84.39309, 33.885683 ], [ -84.392879, 33.885629 ], [ -84.392699, 33.885597 ], [ -84.392547, 33.885584 ], [ -84.392443, 33.885575 ], [ -84.39227, 33.885569 ], [ -84.392261, 33.884995 ], [ -84.39226, 33.884902 ], [ -84.391922, 33.884764 ], [ -84.391803, 33.884685 ], [ -84.391497, 33.884501 ], [ -84.390759, 33.884046 ], [ -84.390691, 33.884004 ], [ -84.390689, 33.883949 ], [ -84.390552, 33.883854 ], [ -84.390529, 33.883865 ], [ -84.390366, 33.883752 ], [ -84.390226, 33.883664 ], [ -84.390215, 33.883657 ], [ -84.389992, 33.88352 ], [ -84.389854, 33.883355 ], [ -84.389768, 33.883248 ], [ -84.38962, 33.883075 ], [ -84.389499, 33.882982 ], [ -84.389401, 33.883008 ], [ -84.389373, 33.883013 ], [ -84.389332, 33.88302 ], [ -84.3893, 33.883025 ], [ -84.389205, 33.883052 ], [ -84.389182, 33.88303 ], [ -84.389081, 33.882927 ], [ -84.389071, 33.882879 ], [ -84.38906, 33.882827 ], [ -84.389166, 33.88282 ], [ -84.38919, 33.882819 ], [ -84.389218, 33.882816 ], [ -84.38935, 33.882803 ], [ -84.388844, 33.882124 ], [ -84.388449, 33.881828 ], [ -84.388394, 33.881786 ], [ -84.387758, 33.88131 ], [ -84.387405, 33.881046 ], [ -84.3873, 33.880976 ], [ -84.387347, 33.878876 ], [ -84.387366, 33.878306 ], [ -84.387371, 33.878133 ], [ -84.387237, 33.878134 ], [ -84.386051, 33.878132 ], [ -84.38523, 33.878132 ], [ -84.384997, 33.878131 ], [ -84.384161, 33.878129 ], [ -84.383101, 33.878112 ], [ -84.382973, 33.878128 ], [ -84.382566, 33.878135 ], [ -84.382481, 33.878137 ], [ -84.382388, 33.878135 ], [ -84.382232, 33.878131 ], [ -84.382167, 33.878132 ], [ -84.382068, 33.878132 ], [ -84.381134, 33.878136 ], [ -84.380261, 33.87814 ], [ -84.379787, 33.878149 ], [ -84.378189, 33.878149 ], [ -84.377174, 33.87815 ], [ -84.377002, 33.878146 ], [ -84.376748, 33.87813 ], [ -84.376276, 33.878099 ], [ -84.375963, 33.878091 ], [ -84.375637, 33.878095 ], [ -84.37408, 33.878085 ], [ -84.373638, 33.878091 ], [ -84.373528, 33.878133 ], [ -84.372634, 33.878082 ], [ -84.372047, 33.878079 ], [ -84.370168, 33.878061 ], [ -84.370038, 33.878063 ], [ -84.369916, 33.878058 ], [ -84.369577, 33.878059 ], [ -84.368485, 33.878025 ], [ -84.368493, 33.877943 ], [ -84.368257, 33.87793 ], [ -84.368179, 33.877917 ], [ -84.368133, 33.877907 ], [ -84.367984, 33.877911 ], [ -84.367975, 33.878047 ], [ -84.367763, 33.878058 ], [ -84.367759, 33.878356 ], [ -84.367758, 33.878496 ], [ -84.367752, 33.879028 ], [ -84.367751, 33.879098 ], [ -84.367751, 33.879109 ], [ -84.367709, 33.879109 ], [ -84.367686, 33.87911 ], [ -84.367661, 33.879111 ], [ -84.367512, 33.879137 ], [ -84.367469, 33.879198 ], [ -84.367412, 33.879268 ], [ -84.367276, 33.87941 ], [ -84.367206, 33.879466 ], [ -84.367116, 33.879504 ], [ -84.367042, 33.879519 ], [ -84.366967, 33.879538 ], [ -84.366803, 33.879573 ], [ -84.366737, 33.879603 ], [ -84.36665, 33.87973 ], [ -84.366601, 33.879813 ], [ -84.36654, 33.879891 ], [ -84.366517, 33.879919 ], [ -84.366492, 33.879945 ], [ -84.366446, 33.879987 ], [ -84.366401, 33.880013 ], [ -84.366312, 33.880034 ], [ -84.366124, 33.880032 ], [ -84.366018, 33.880024 ], [ -84.365927, 33.880016 ], [ -84.365737, 33.880047 ], [ -84.36511, 33.880066 ], [ -84.364856, 33.880072 ], [ -84.364744, 33.880076 ], [ -84.364268, 33.880085 ], [ -84.364205, 33.880087 ], [ -84.364095, 33.880089 ], [ -84.362812, 33.878693 ], [ -84.363078, 33.878366 ], [ -84.363043, 33.878327 ], [ -84.362926, 33.878232 ], [ -84.362929, 33.878162 ], [ -84.362869, 33.878081 ], [ -84.362701, 33.877982 ], [ -84.362695, 33.877876 ], [ -84.362643, 33.877793 ], [ -84.362571, 33.877708 ], [ -84.362502, 33.877574 ], [ -84.362489, 33.877546 ], [ -84.362446, 33.877441 ], [ -84.362319, 33.877259 ], [ -84.36206, 33.87693 ], [ -84.361754, 33.876946 ], [ -84.361381, 33.876965 ], [ -84.360781, 33.876993 ], [ -84.360091, 33.877025 ], [ -84.359844, 33.877036 ], [ -84.359832, 33.877602 ], [ -84.359832, 33.878042 ], [ -84.35792, 33.878012 ], [ -84.358106, 33.878339 ], [ -84.35817, 33.878479 ], [ -84.357987, 33.878472 ], [ -84.357808, 33.878467 ], [ -84.357429, 33.878458 ], [ -84.356674, 33.878441 ], [ -84.3563, 33.878432 ], [ -84.355676, 33.878418 ], [ -84.355515, 33.878415 ], [ -84.355859, 33.878942 ], [ -84.35533, 33.878937 ], [ -84.355319, 33.880284 ], [ -84.355317, 33.880474 ], [ -84.354662, 33.881075 ], [ -84.354043, 33.881645 ], [ -84.353896, 33.881961 ], [ -84.35178, 33.881991 ], [ -84.35049, 33.882008 ], [ -84.350352, 33.88201 ], [ -84.349874, 33.881983 ], [ -84.349221, 33.881944 ], [ -84.348733, 33.882071 ], [ -84.348279, 33.882189 ], [ -84.348212, 33.882154 ], [ -84.348142, 33.882117 ], [ -84.348124, 33.882108 ], [ -84.34809, 33.882037 ], [ -84.348091, 33.88191 ], [ -84.348098, 33.881362 ], [ -84.348114, 33.880129 ], [ -84.348138, 33.879316 ], [ -84.348167, 33.877873 ], [ -84.348227, 33.876127 ], [ -84.348238, 33.875586 ], [ -84.348239, 33.874858 ], [ -84.348239, 33.873624 ], [ -84.348237, 33.873505 ], [ -84.348237, 33.873258 ], [ -84.348234, 33.872509 ], [ -84.348236, 33.872421 ], [ -84.348233, 33.869481 ], [ -84.348232, 33.869464 ], [ -84.348178, 33.869458 ], [ -84.34792, 33.869432 ], [ -84.347942, 33.869197 ], [ -84.347952, 33.868951 ], [ -84.348218, 33.868703 ], [ -84.348213, 33.86831 ], [ -84.348205, 33.867792 ], [ -84.348194, 33.867129 ], [ -84.348189, 33.866782 ], [ -84.348185, 33.866588 ], [ -84.348177, 33.866041 ], [ -84.348173, 33.86592 ], [ -84.348163, 33.865203 ], [ -84.348162, 33.865099 ], [ -84.348155, 33.864674 ], [ -84.348117, 33.862288 ], [ -84.348121, 33.862082 ], [ -84.348188, 33.859834 ], [ -84.348207, 33.859131 ], [ -84.348249, 33.857652 ], [ -84.348254, 33.857505 ], [ -84.348255, 33.857451 ], [ -84.348264, 33.854909 ], [ -84.348263, 33.85475 ], [ -84.348261, 33.854341 ], [ -84.348261, 33.854249 ], [ -84.34826, 33.854063 ], [ -84.348259, 33.853979 ], [ -84.348256, 33.853404 ], [ -84.348251, 33.852604 ], [ -84.348251, 33.852546 ], [ -84.348238, 33.850477 ], [ -84.348238, 33.850161 ], [ -84.34823, 33.848928 ], [ -84.348227, 33.848547 ], [ -84.348164, 33.846784 ], [ -84.348147, 33.846283 ], [ -84.348141, 33.845968 ], [ -84.348135, 33.845741 ], [ -84.348128, 33.845403 ], [ -84.348126, 33.84536 ], [ -84.348126, 33.845329 ], [ -84.348125, 33.845238 ], [ -84.348121, 33.845161 ], [ -84.348122, 33.845104 ], [ -84.348125, 33.844385 ], [ -84.348125, 33.844291 ], [ -84.348155, 33.843941 ], [ -84.34819, 33.843522 ], [ -84.34827, 33.842585 ], [ -84.348319, 33.84216 ], [ -84.348339, 33.841967 ], [ -84.348415, 33.841428 ], [ -84.348455, 33.841205 ], [ -84.348469, 33.84109 ], [ -84.348505, 33.840741 ], [ -84.348494, 33.840303 ], [ -84.34849, 33.840043 ], [ -84.348483, 33.839777 ], [ -84.34846, 33.839732 ], [ -84.348325, 33.839775 ], [ -84.348262, 33.839788 ], [ -84.348227, 33.839796 ], [ -84.348217, 33.839747 ], [ -84.348186, 33.83958 ], [ -84.348103, 33.839137 ], [ -84.348341, 33.83908 ], [ -84.34846, 33.839452 ], [ -84.348454, 33.839137 ], [ -84.348453, 33.839068 ], [ -84.348461, 33.838836 ], [ -84.34838, 33.83777 ], [ -84.34835, 33.837383 ], [ -84.348364, 33.837272 ], [ -84.348384, 33.837108 ], [ -84.348384, 33.83692 ], [ -84.34843, 33.834794 ], [ -84.348434, 33.833982 ], [ -84.348496, 33.8317 ], [ -84.348504, 33.831381 ], [ -84.348511, 33.830968 ], [ -84.348501, 33.830706 ], [ -84.348508, 33.830504 ], [ -84.348524, 33.830075 ], [ -84.348549, 33.829246 ], [ -84.348558, 33.828834 ], [ -84.348561, 33.828561 ], [ -84.348563, 33.828518 ], [ -84.34856, 33.828384 ], [ -84.348551, 33.827797 ], [ -84.348544, 33.82759 ], [ -84.348541, 33.827454 ], [ -84.348534, 33.827129 ], [ -84.34852, 33.826305 ], [ -84.348516, 33.826264 ], [ -84.348499, 33.825453 ], [ -84.348498, 33.825396 ], [ -84.348493, 33.825277 ], [ -84.34849, 33.825124 ], [ -84.348486, 33.82489 ], [ -84.348484, 33.824788 ], [ -84.348472, 33.824041 ], [ -84.348468, 33.823711 ], [ -84.348454, 33.822904 ], [ -84.348433, 33.822447 ], [ -84.348465, 33.821065 ], [ -84.348471, 33.820392 ], [ -84.348471, 33.82038 ], [ -84.348476, 33.820257 ], [ -84.348578, 33.817488 ], [ -84.348578, 33.817419 ], [ -84.348577, 33.817298 ], [ -84.34856, 33.814768 ], [ -84.348553, 33.812998 ], [ -84.348553, 33.812673 ], [ -84.348557, 33.811565 ], [ -84.348564, 33.810861 ], [ -84.348564, 33.810827 ], [ -84.348568, 33.810351 ], [ -84.348571, 33.809969 ], [ -84.348572, 33.809814 ], [ -84.348578, 33.809173 ], [ -84.348586, 33.808369 ], [ -84.348594, 33.807323 ], [ -84.348596, 33.807106 ], [ -84.348602, 33.806475 ], [ -84.348602, 33.806426 ], [ -84.348602, 33.806382 ], [ -84.348612, 33.805259 ], [ -84.348195, 33.80526 ], [ -84.348135, 33.805258 ], [ -84.348102, 33.805231 ], [ -84.34806, 33.805207 ], [ -84.34806, 33.805125 ], [ -84.34806, 33.805091 ], [ -84.34806, 33.80505 ], [ -84.347954, 33.805047 ], [ -84.347879, 33.805048 ], [ -84.347875, 33.80507 ], [ -84.347876, 33.805093 ], [ -84.347881, 33.805115 ], [ -84.347891, 33.805136 ], [ -84.347905, 33.805155 ], [ -84.347922, 33.805173 ], [ -84.347945, 33.805189 ], [ -84.34797, 33.8052 ], [ -84.347981, 33.805205 ], [ -84.347996, 33.805209 ], [ -84.347996, 33.80523 ], [ -84.347995, 33.805259 ], [ -84.347756, 33.805571 ], [ -84.347993, 33.806035 ], [ -84.347905, 33.806013 ], [ -84.347499, 33.805251 ], [ -84.347244, 33.805247 ], [ -84.347246, 33.80506 ], [ -84.347477, 33.805056 ], [ -84.347479, 33.804839 ], [ -84.347481, 33.804677 ], [ -84.347115, 33.804676 ], [ -84.346996, 33.804636 ], [ -84.346411, 33.804621 ], [ -84.345727, 33.804609 ], [ -84.344811, 33.804593 ], [ -84.344504, 33.80459 ], [ -84.344452, 33.804588 ], [ -84.34439, 33.804587 ], [ -84.344253, 33.804584 ], [ -84.343997, 33.804582 ], [ -84.343787, 33.804581 ], [ -84.343749, 33.804581 ], [ -84.342661, 33.804614 ], [ -84.342496, 33.804619 ], [ -84.341514, 33.804606 ], [ -84.34112, 33.804589 ], [ -84.34093, 33.804584 ], [ -84.3407, 33.804577 ], [ -84.340684, 33.804576 ], [ -84.340579, 33.804572 ], [ -84.340457, 33.804569 ], [ -84.339801, 33.804558 ], [ -84.339103, 33.804553 ], [ -84.338726, 33.804552 ], [ -84.338417, 33.804555 ], [ -84.338262, 33.804553 ], [ -84.338001, 33.804555 ], [ -84.337925, 33.804589 ], [ -84.337733, 33.804487 ], [ -84.337885, 33.804198 ], [ -84.338018, 33.803897 ], [ -84.338075, 33.803599 ], [ -84.33809, 33.803447 ], [ -84.338119, 33.803161 ], [ -84.3381, 33.802943 ], [ -84.337914, 33.802982 ], [ -84.336233, 33.803322 ], [ -84.336184, 33.803367 ], [ -84.336163, 33.803386 ], [ -84.335959, 33.803436 ], [ -84.335887, 33.803455 ], [ -84.33568, 33.803439 ], [ -84.335603, 33.803423 ], [ -84.335523, 33.803407 ], [ -84.335327, 33.80343 ], [ -84.335196, 33.803469 ], [ -84.335081, 33.803532 ], [ -84.335035, 33.80355 ], [ -84.334987, 33.803562 ], [ -84.334938, 33.803568 ], [ -84.334888, 33.803569 ], [ -84.334838, 33.803565 ], [ -84.33479, 33.803555 ], [ -84.334623, 33.80351 ], [ -84.334573, 33.803496 ], [ -84.334522, 33.803489 ], [ -84.334469, 33.803488 ], [ -84.334397, 33.803497 ], [ -84.334187, 33.803595 ], [ -84.334021, 33.80367 ], [ -84.333896, 33.803726 ], [ -84.333796, 33.80387 ], [ -84.334107, 33.804268 ], [ -84.334359, 33.804523 ], [ -84.334638, 33.804751 ], [ -84.334937, 33.804954 ], [ -84.335108, 33.805079 ], [ -84.334705, 33.805399 ], [ -84.334395, 33.805683 ], [ -84.334274, 33.805844 ], [ -84.334163, 33.806033 ], [ -84.334059, 33.80641 ], [ -84.33387, 33.806721 ], [ -84.333643, 33.806922 ], [ -84.333539, 33.807001 ], [ -84.333416, 33.80708 ], [ -84.333317, 33.807145 ], [ -84.333112, 33.80722 ], [ -84.332815, 33.807262 ], [ -84.332419, 33.807271 ], [ -84.332169, 33.807255 ], [ -84.331834, 33.807236 ], [ -84.331406, 33.807258 ], [ -84.330928, 33.807327 ], [ -84.330598, 33.807425 ], [ -84.330389, 33.80754 ], [ -84.330263, 33.807665 ], [ -84.330194, 33.807857 ], [ -84.330209, 33.808056 ], [ -84.330272, 33.808234 ], [ -84.330418, 33.808466 ], [ -84.330642, 33.808649 ], [ -84.330976, 33.80893 ], [ -84.331098, 33.809096 ], [ -84.331182, 33.809278 ], [ -84.331188, 33.809428 ], [ -84.331158, 33.809619 ], [ -84.331047, 33.809811 ], [ -84.330814, 33.809991 ], [ -84.330558, 33.810078 ], [ -84.330375, 33.810111 ], [ -84.330095, 33.81011 ], [ -84.329889, 33.810114 ], [ -84.329742, 33.809922 ], [ -84.32967, 33.809828 ], [ -84.329671, 33.809504 ], [ -84.329672, 33.809316 ], [ -84.329673, 33.809108 ], [ -84.329674, 33.808861 ], [ -84.329676, 33.808491 ], [ -84.329563, 33.808301 ], [ -84.329545, 33.808276 ], [ -84.329377, 33.808001 ], [ -84.329319, 33.807904 ], [ -84.329221, 33.807744 ], [ -84.329064, 33.807486 ], [ -84.328885, 33.807192 ], [ -84.328796, 33.807045 ], [ -84.328617, 33.806751 ], [ -84.328448, 33.806474 ], [ -84.328453, 33.806356 ], [ -84.328482, 33.805659 ], [ -84.328499, 33.805207 ], [ -84.32851, 33.804935 ], [ -84.32853, 33.804554 ], [ -84.328542, 33.804516 ], [ -84.328535, 33.804414 ], [ -84.328546, 33.804163 ], [ -84.328067, 33.803824 ], [ -84.327757, 33.8036 ], [ -84.327649, 33.803522 ], [ -84.327612, 33.803521 ], [ -84.327551, 33.803518 ], [ -84.327448, 33.803513 ], [ -84.327353, 33.803507 ], [ -84.327262, 33.803503 ], [ -84.327085, 33.803494 ], [ -84.326703, 33.803475 ], [ -84.326165, 33.803449 ], [ -84.325365, 33.803409 ], [ -84.325037, 33.803393 ], [ -84.325161, 33.803791 ], [ -84.325214, 33.803964 ], [ -84.325235, 33.804031 ], [ -84.325303, 33.804252 ], [ -84.325322, 33.804312 ], [ -84.325377, 33.804491 ], [ -84.325355, 33.804779 ], [ -84.325332, 33.805091 ], [ -84.32531, 33.805379 ], [ -84.325275, 33.805847 ], [ -84.324265, 33.805811 ], [ -84.324028, 33.805778 ], [ -84.32313, 33.805652 ], [ -84.322837, 33.805611 ], [ -84.322047, 33.805501 ], [ -84.322062, 33.805458 ], [ -84.322095, 33.805364 ], [ -84.322125, 33.805267 ], [ -84.32215, 33.805168 ], [ -84.322169, 33.805069 ], [ -84.322215, 33.804794 ], [ -84.322234, 33.804694 ], [ -84.322262, 33.804595 ], [ -84.322297, 33.804498 ], [ -84.322339, 33.804403 ], [ -84.322389, 33.804311 ], [ -84.322413, 33.804269 ], [ -84.322424, 33.804251 ], [ -84.322495, 33.804133 ], [ -84.322528, 33.804075 ], [ -84.322568, 33.804004 ], [ -84.32258, 33.803983 ], [ -84.322686, 33.8038 ], [ -84.322775, 33.803649 ], [ -84.322826, 33.803549 ], [ -84.322873, 33.803448 ], [ -84.322914, 33.803346 ], [ -84.322946, 33.803259 ], [ -84.322976, 33.803139 ], [ -84.322993, 33.803036 ], [ -84.323004, 33.802915 ], [ -84.32301, 33.802752 ], [ -84.323012, 33.802169 ], [ -84.323008, 33.802085 ], [ -84.323012, 33.801811 ], [ -84.322999, 33.801536 ], [ -84.322985, 33.80123 ], [ -84.322952, 33.801229 ], [ -84.322924, 33.8006 ], [ -84.322913, 33.800359 ], [ -84.322902, 33.800129 ], [ -84.32289, 33.799857 ], [ -84.322913, 33.799856 ], [ -84.323011, 33.799852 ], [ -84.323601, 33.799939 ], [ -84.32368, 33.79996 ], [ -84.323679, 33.799799 ], [ -84.32366, 33.799786 ], [ -84.324369, 33.799267 ], [ -84.324456, 33.799321 ], [ -84.324642, 33.799433 ], [ -84.3249, 33.799587 ], [ -84.325236, 33.799787 ], [ -84.325431, 33.799904 ], [ -84.325798, 33.800136 ], [ -84.326329, 33.800479 ], [ -84.326417, 33.800533 ], [ -84.326509, 33.800582 ], [ -84.326604, 33.800626 ], [ -84.326703, 33.800666 ], [ -84.326804, 33.800701 ], [ -84.326894, 33.800728 ], [ -84.326907, 33.800732 ], [ -84.327012, 33.800757 ], [ -84.327067, 33.800768 ], [ -84.327176, 33.800787 ], [ -84.327287, 33.800802 ], [ -84.327429, 33.800811 ], [ -84.327572, 33.800813 ], [ -84.327714, 33.800808 ], [ -84.327722, 33.800723 ], [ -84.32773, 33.800642 ], [ -84.327888, 33.800214 ], [ -84.327534, 33.800062 ], [ -84.327423, 33.800019 ], [ -84.327262, 33.800404 ], [ -84.327224, 33.800563 ], [ -84.326745, 33.800395 ], [ -84.326315, 33.800106 ], [ -84.325025, 33.799287 ], [ -84.324455, 33.798921 ], [ -84.324372, 33.798868 ], [ -84.324039, 33.798527 ], [ -84.323955, 33.798498 ], [ -84.323917, 33.798515 ], [ -84.323897, 33.798522 ], [ -84.323784, 33.798559 ], [ -84.323527, 33.798687 ], [ -84.323328, 33.798799 ], [ -84.32329, 33.798764 ], [ -84.323167, 33.798643 ], [ -84.323256, 33.798591 ], [ -84.323338, 33.798488 ], [ -84.323256, 33.798399 ], [ -84.323063, 33.798545 ], [ -84.322965, 33.798618 ], [ -84.322931, 33.798588 ], [ -84.322557, 33.798955 ], [ -84.322546, 33.798966 ], [ -84.3225, 33.799014 ], [ -84.322472, 33.798968 ], [ -84.322391, 33.798878 ], [ -84.322309, 33.798782 ], [ -84.322212, 33.79871 ], [ -84.321905, 33.798554 ], [ -84.321783, 33.7985 ], [ -84.321576, 33.798405 ], [ -84.32143, 33.798353 ], [ -84.321338, 33.798323 ], [ -84.321327, 33.798319 ], [ -84.321083, 33.798247 ], [ -84.321155, 33.798167 ], [ -84.32128, 33.798028 ], [ -84.321227, 33.798014 ], [ -84.321145, 33.797949 ], [ -84.321112, 33.797923 ], [ -84.321102, 33.797915 ], [ -84.321066, 33.79788 ], [ -84.321036, 33.797842 ], [ -84.320436, 33.79776 ], [ -84.320366, 33.797759 ], [ -84.320363, 33.798266 ], [ -84.320365, 33.798325 ], [ -84.320432, 33.798308 ], [ -84.320573, 33.798299 ], [ -84.320796, 33.798281 ], [ -84.320924, 33.798266 ], [ -84.321038, 33.798252 ], [ -84.321038, 33.798342 ], [ -84.321039, 33.798632 ], [ -84.32104, 33.799101 ], [ -84.321041, 33.799528 ], [ -84.321042, 33.800225 ], [ -84.321043, 33.800559 ], [ -84.321048, 33.801276 ], [ -84.321048, 33.801346 ], [ -84.321049, 33.801474 ], [ -84.322686, 33.801538 ], [ -84.322691, 33.801656 ], [ -84.32273, 33.802446 ], [ -84.322715, 33.802934 ], [ -84.322703, 33.803161 ], [ -84.322654, 33.803343 ], [ -84.322585, 33.803455 ], [ -84.322523, 33.80356 ], [ -84.322428, 33.8037 ], [ -84.322266, 33.803968 ], [ -84.322225, 33.804032 ], [ -84.322188, 33.804095 ], [ -84.322095, 33.804298 ], [ -84.322048, 33.804438 ], [ -84.322015, 33.804551 ], [ -84.321988, 33.804655 ], [ -84.321968, 33.804762 ], [ -84.321917, 33.805042 ], [ -84.321899, 33.805135 ], [ -84.321878, 33.805223 ], [ -84.321857, 33.805288 ], [ -84.321795, 33.805443 ], [ -84.321785, 33.80547 ], [ -84.32178, 33.805483 ], [ -84.319514, 33.805288 ], [ -84.319487, 33.805285 ], [ -84.319219, 33.805255 ], [ -84.318906, 33.805221 ], [ -84.318825, 33.805212 ], [ -84.318498, 33.805177 ], [ -84.318381, 33.805164 ], [ -84.318164, 33.80514 ], [ -84.318053, 33.805128 ], [ -84.318033, 33.804248 ], [ -84.317777, 33.804256 ], [ -84.317457, 33.804248 ], [ -84.317434, 33.804248 ], [ -84.316806, 33.804248 ], [ -84.316069, 33.804247 ], [ -84.315792, 33.804247 ], [ -84.315736, 33.804246 ], [ -84.315621, 33.803442 ], [ -84.313836, 33.803437 ], [ -84.313702, 33.803437 ], [ -84.311636, 33.803444 ], [ -84.311636, 33.803337 ], [ -84.311636, 33.803217 ], [ -84.313469, 33.803208 ], [ -84.313413, 33.800545 ], [ -84.312833, 33.800401 ], [ -84.312413, 33.800237 ], [ -84.311994, 33.800127 ], [ -84.311366, 33.800021 ], [ -84.311308, 33.800011 ], [ -84.311264, 33.800031 ], [ -84.311105, 33.800103 ], [ -84.310868, 33.800092 ], [ -84.310766, 33.800088 ], [ -84.310465, 33.800194 ], [ -84.310186, 33.800293 ], [ -84.310024, 33.800368 ], [ -84.309876, 33.800437 ], [ -84.309129, 33.800843 ], [ -84.3091, 33.800805 ], [ -84.309077, 33.800775 ], [ -84.309039, 33.800726 ], [ -84.308558, 33.800105 ], [ -84.308462, 33.799994 ], [ -84.308124, 33.799592 ], [ -84.307619, 33.799085 ], [ -84.307265, 33.798742 ], [ -84.306611, 33.798118 ], [ -84.306653, 33.797867 ], [ -84.306691, 33.797659 ], [ -84.306734, 33.797453 ], [ -84.306769, 33.797308 ], [ -84.30681, 33.797164 ], [ -84.306856, 33.797022 ], [ -84.306889, 33.796929 ], [ -84.306926, 33.796837 ], [ -84.306967, 33.796746 ], [ -84.30701, 33.79666 ], [ -84.307039, 33.796602 ], [ -84.307072, 33.796546 ], [ -84.307173, 33.796386 ], [ -84.307231, 33.796299 ], [ -84.307281, 33.796229 ], [ -84.30735, 33.796148 ], [ -84.307454, 33.796037 ], [ -84.307531, 33.795957 ], [ -84.30761, 33.795882 ], [ -84.307694, 33.795809 ], [ -84.30778, 33.795741 ], [ -84.307868, 33.795674 ], [ -84.307965, 33.795605 ], [ -84.308066, 33.795541 ], [ -84.308171, 33.79548 ], [ -84.308279, 33.795421 ], [ -84.308398, 33.795363 ], [ -84.30852, 33.795309 ], [ -84.308648, 33.79526 ], [ -84.308777, 33.795214 ], [ -84.308907, 33.795173 ], [ -84.30904, 33.79514 ], [ -84.309204, 33.795104 ], [ -84.309368, 33.79507 ], [ -84.309546, 33.795039 ], [ -84.309718, 33.795013 ], [ -84.30979, 33.795004 ], [ -84.309857, 33.794995 ], [ -84.309983, 33.794987 ], [ -84.310058, 33.794984 ], [ -84.310161, 33.794979 ], [ -84.310264, 33.794975 ], [ -84.310589, 33.794966 ], [ -84.310886, 33.79496 ], [ -84.311229, 33.794953 ], [ -84.311562, 33.794945 ], [ -84.311909, 33.794939 ], [ -84.312264, 33.79493 ], [ -84.312469, 33.794925 ], [ -84.312703, 33.794921 ], [ -84.312767, 33.79492 ], [ -84.313097, 33.794912 ], [ -84.313399, 33.794908 ], [ -84.313694, 33.794911 ], [ -84.31401, 33.794923 ], [ -84.314161, 33.794931 ], [ -84.314313, 33.794941 ], [ -84.314461, 33.794952 ], [ -84.31461, 33.794967 ], [ -84.314979, 33.795009 ], [ -84.315363, 33.795064 ], [ -84.315568, 33.795099 ], [ -84.315808, 33.795139 ], [ -84.316304, 33.795223 ], [ -84.316357, 33.795204 ], [ -84.316535, 33.79514 ], [ -84.316618, 33.79511 ], [ -84.316995, 33.794895 ], [ -84.316896, 33.79471 ], [ -84.316905, 33.794547 ], [ -84.316995, 33.794324 ], [ -84.317372, 33.793765 ], [ -84.317543, 33.793498 ], [ -84.317211, 33.793297 ], [ -84.31668, 33.793004 ], [ -84.315997, 33.792525 ], [ -84.315688, 33.792349 ], [ -84.315449, 33.792242 ], [ -84.315128, 33.792134 ], [ -84.314766, 33.79205 ], [ -84.314463, 33.792043 ], [ -84.315139, 33.791779 ], [ -84.316, 33.791426 ], [ -84.316433, 33.79119 ], [ -84.317434, 33.790499 ], [ -84.317463, 33.790629 ], [ -84.317585, 33.791253 ], [ -84.317297, 33.791337 ], [ -84.317203, 33.791364 ], [ -84.31711, 33.791391 ], [ -84.316832, 33.791625 ], [ -84.316753, 33.791654 ], [ -84.316782, 33.791688 ], [ -84.316929, 33.791835 ], [ -84.317118, 33.791957 ], [ -84.317456, 33.792134 ], [ -84.317638, 33.792234 ], [ -84.317764, 33.792303 ], [ -84.317793, 33.792309 ], [ -84.317827, 33.792316 ], [ -84.317841, 33.792173 ], [ -84.317887, 33.791738 ], [ -84.317966, 33.791721 ], [ -84.318129, 33.791686 ], [ -84.31835, 33.791639 ], [ -84.318541, 33.791599 ], [ -84.318576, 33.791591 ], [ -84.318576, 33.790882 ], [ -84.318209, 33.790957 ], [ -84.317803, 33.791045 ], [ -84.31768, 33.790336 ], [ -84.318243, 33.78997 ], [ -84.318747, 33.789702 ], [ -84.319579, 33.789298 ], [ -84.320235, 33.789042 ], [ -84.32092, 33.788828 ], [ -84.320946, 33.788811 ], [ -84.321186, 33.788741 ], [ -84.322145, 33.788508 ], [ -84.323489, 33.788259 ], [ -84.323712, 33.788238 ], [ -84.324198, 33.788232 ], [ -84.32448, 33.788238 ], [ -84.324685, 33.788239 ], [ -84.325266, 33.78828 ], [ -84.325443, 33.788313 ], [ -84.325509, 33.788337 ], [ -84.325565, 33.788352 ], [ -84.325606, 33.788365 ], [ -84.325811, 33.788515 ], [ -84.325954, 33.788548 ], [ -84.326054, 33.788562 ], [ -84.326119, 33.788571 ], [ -84.3262, 33.788586 ], [ -84.326242, 33.788598 ], [ -84.326418, 33.788672 ], [ -84.326532, 33.788753 ], [ -84.326658, 33.788844 ], [ -84.326956, 33.789106 ], [ -84.327399, 33.789521 ], [ -84.327546, 33.789677 ], [ -84.327673, 33.789831 ], [ -84.327902, 33.790383 ], [ -84.328003, 33.790461 ], [ -84.32805, 33.790498 ], [ -84.328071, 33.790513 ], [ -84.328295, 33.79064 ], [ -84.32848, 33.790724 ], [ -84.328743, 33.790785 ], [ -84.328833, 33.79093 ], [ -84.328919, 33.791101 ], [ -84.329044, 33.791298 ], [ -84.328967, 33.791268 ], [ -84.328647, 33.79136 ], [ -84.328535, 33.791392 ], [ -84.328437, 33.79142 ], [ -84.328422, 33.791462 ], [ -84.328419, 33.791581 ], [ -84.328427, 33.79164 ], [ -84.328433, 33.791684 ], [ -84.328438, 33.791718 ], [ -84.328466, 33.791819 ], [ -84.328495, 33.791916 ], [ -84.328509, 33.791963 ], [ -84.328528, 33.792029 ], [ -84.328536, 33.792106 ], [ -84.328539, 33.792128 ], [ -84.328543, 33.792169 ], [ -84.328536, 33.792312 ], [ -84.328535, 33.792458 ], [ -84.328536, 33.792495 ], [ -84.328552, 33.792642 ], [ -84.32856, 33.792714 ], [ -84.328586, 33.792854 ], [ -84.328608, 33.79293 ], [ -84.328645, 33.793032 ], [ -84.328703, 33.793189 ], [ -84.32876, 33.793299 ], [ -84.328816, 33.79338 ], [ -84.328895, 33.793464 ], [ -84.328938, 33.793522 ], [ -84.328972, 33.79355 ], [ -84.32905, 33.79361 ], [ -84.329112, 33.793658 ], [ -84.329192, 33.793715 ], [ -84.32924, 33.793745 ], [ -84.329331, 33.793773 ], [ -84.329399, 33.793788 ], [ -84.329485, 33.793809 ], [ -84.329541, 33.793822 ], [ -84.329596, 33.79384 ], [ -84.329649, 33.793862 ], [ -84.329698, 33.793888 ], [ -84.329867, 33.793931 ], [ -84.329808, 33.793818 ], [ -84.32988, 33.793808 ], [ -84.330716, 33.793694 ], [ -84.330765, 33.793913 ], [ -84.330779, 33.794116 ], [ -84.33076, 33.794395 ], [ -84.330747, 33.794817 ], [ -84.330768, 33.79513 ], [ -84.330804, 33.795266 ], [ -84.330862, 33.795352 ], [ -84.330962, 33.795405 ], [ -84.331113, 33.795417 ], [ -84.331185, 33.795413 ], [ -84.331038, 33.796056 ], [ -84.330731, 33.796058 ], [ -84.334688, 33.799764 ], [ -84.334813, 33.799859 ], [ -84.334866, 33.799899 ], [ -84.335032, 33.800053 ], [ -84.335285, 33.800288 ], [ -84.335558, 33.800541 ], [ -84.336028, 33.800976 ], [ -84.336101, 33.801044 ], [ -84.336138, 33.801078 ], [ -84.336171, 33.801108 ], [ -84.336226, 33.801166 ], [ -84.336192, 33.801216 ], [ -84.336139, 33.801244 ], [ -84.336072, 33.801279 ], [ -84.335964, 33.801376 ], [ -84.335936, 33.801517 ], [ -84.335914, 33.801629 ], [ -84.335988, 33.801919 ], [ -84.336053, 33.802079 ], [ -84.337379, 33.801601 ], [ -84.337517, 33.801555 ], [ -84.337746, 33.801921 ], [ -84.337788, 33.802019 ], [ -84.337815, 33.802064 ], [ -84.337909, 33.802265 ], [ -84.338075, 33.802215 ], [ -84.338456, 33.802084 ], [ -84.338501, 33.801541 ], [ -84.33841, 33.801375 ], [ -84.338326, 33.80122 ], [ -84.338506, 33.801152 ], [ -84.338496, 33.80101 ], [ -84.338504, 33.800918 ], [ -84.338516, 33.800687 ], [ -84.338421, 33.800495 ], [ -84.338766, 33.800047 ], [ -84.338846, 33.799942 ], [ -84.338958, 33.799799 ], [ -84.338993, 33.799757 ], [ -84.339014, 33.799728 ], [ -84.339579, 33.799006 ], [ -84.340539, 33.797782 ], [ -84.341547, 33.796486 ], [ -84.341772, 33.796204 ], [ -84.341847, 33.796109 ], [ -84.341642, 33.796108 ], [ -84.341376, 33.796106 ], [ -84.340915, 33.796106 ], [ -84.341131, 33.795649 ], [ -84.341257, 33.79556 ], [ -84.341326, 33.795512 ], [ -84.341333, 33.795133 ], [ -84.341374, 33.79512 ], [ -84.341389, 33.795086 ], [ -84.341407, 33.795049 ], [ -84.341397, 33.795041 ], [ -84.341331, 33.794992 ], [ -84.341259, 33.794939 ], [ -84.341242, 33.794926 ], [ -84.341161, 33.794866 ], [ -84.341063, 33.794793 ], [ -84.341054, 33.794787 ], [ -84.340946, 33.794706 ], [ -84.341295, 33.794379 ], [ -84.341356, 33.794322 ], [ -84.341216, 33.794221 ], [ -84.341155, 33.794276 ], [ -84.340803, 33.794601 ], [ -84.340657, 33.794492 ], [ -84.340618, 33.794463 ], [ -84.340484, 33.794364 ], [ -84.34082, 33.794037 ], [ -84.340852, 33.794005 ], [ -84.340881, 33.793981 ], [ -84.340613, 33.793788 ], [ -84.34057, 33.793761 ], [ -84.340512, 33.79368 ], [ -84.340493, 33.793626 ], [ -84.340388, 33.793629 ], [ -84.340163, 33.793633 ], [ -84.340015, 33.793636 ], [ -84.339867, 33.793639 ], [ -84.339718, 33.793641 ], [ -84.339502, 33.793645 ], [ -84.339279, 33.793649 ], [ -84.339275, 33.793462 ], [ -84.339275, 33.793443 ], [ -84.339273, 33.793339 ], [ -84.339269, 33.793072 ], [ -84.339281, 33.792968 ], [ -84.339334, 33.793012 ], [ -84.339473, 33.793081 ], [ -84.339657, 33.793137 ], [ -84.339834, 33.793155 ], [ -84.340047, 33.793138 ], [ -84.340403, 33.793072 ], [ -84.340452, 33.793065 ], [ -84.340829, 33.793012 ], [ -84.341182, 33.793074 ], [ -84.341501, 33.793217 ], [ -84.342947, 33.794269 ], [ -84.343548, 33.794614 ], [ -84.343906, 33.794811 ], [ -84.343928, 33.794823 ], [ -84.343922, 33.794922 ], [ -84.343912, 33.79513 ], [ -84.343912, 33.795175 ], [ -84.343911, 33.795234 ], [ -84.34391, 33.795411 ], [ -84.343909, 33.795648 ], [ -84.343908, 33.795885 ], [ -84.343908, 33.796119 ], [ -84.344425, 33.796125 ], [ -84.344621, 33.796126 ], [ -84.344842, 33.79613 ], [ -84.34498, 33.796115 ], [ -84.344999, 33.796092 ], [ -84.345096, 33.795973 ], [ -84.345073, 33.795627 ], [ -84.345067, 33.795407 ], [ -84.34508, 33.795321 ], [ -84.345156, 33.794864 ], [ -84.345047, 33.794795 ], [ -84.34505, 33.794759 ], [ -84.345067, 33.794576 ], [ -84.345112, 33.794552 ], [ -84.3451, 33.794494 ], [ -84.34514, 33.794023 ], [ -84.345187, 33.793479 ], [ -84.345202, 33.793299 ], [ -84.345233, 33.792943 ], [ -84.345267, 33.792572 ], [ -84.345304, 33.792072 ], [ -84.344897, 33.792081 ], [ -84.344949, 33.791328 ], [ -84.344907, 33.791321 ], [ -84.344481, 33.791245 ], [ -84.3441, 33.791178 ], [ -84.344022, 33.79116 ], [ -84.344034, 33.791117 ], [ -84.344036, 33.790561 ], [ -84.34374, 33.790563 ], [ -84.34374, 33.790638 ], [ -84.343744, 33.790809 ], [ -84.343749, 33.790995 ], [ -84.343424, 33.790977 ], [ -84.343405, 33.791147 ], [ -84.343093, 33.791119 ], [ -84.342364, 33.791054 ], [ -84.342202, 33.790451 ], [ -84.342278, 33.790332 ], [ -84.342291, 33.789966 ], [ -84.342917, 33.789967 ], [ -84.343904, 33.789968 ], [ -84.345096, 33.789969 ], [ -84.345607, 33.78997 ], [ -84.346062, 33.78997 ], [ -84.346065, 33.789839 ], [ -84.346602, 33.789845 ], [ -84.346658, 33.789845 ], [ -84.346862, 33.789844 ], [ -84.346876, 33.790401 ], [ -84.346878, 33.790461 ], [ -84.346922, 33.790454 ], [ -84.347082, 33.790426 ], [ -84.34708, 33.790354 ], [ -84.347066, 33.789843 ], [ -84.347079, 33.789843 ], [ -84.346988, 33.789716 ], [ -84.347367, 33.789333 ], [ -84.347407, 33.789356 ], [ -84.347441, 33.789372 ], [ -84.34748, 33.789388 ], [ -84.347521, 33.789401 ], [ -84.347544, 33.789407 ], [ -84.347713, 33.789449 ], [ -84.347733, 33.789452 ], [ -84.347669, 33.78984 ], [ -84.347964, 33.78984 ], [ -84.348234, 33.78984 ], [ -84.348427, 33.789841 ], [ -84.348802, 33.789842 ], [ -84.348802, 33.789644 ], [ -84.348426, 33.789391 ], [ -84.348239, 33.789268 ], [ -84.348172, 33.789224 ], [ -84.348293, 33.789091 ], [ -84.348425, 33.788946 ], [ -84.348555, 33.78885 ], [ -84.348746, 33.788759 ], [ -84.348811, 33.788745 ], [ -84.34881, 33.788217 ], [ -84.348613, 33.788217 ], [ -84.348619, 33.787566 ], [ -84.348815, 33.787566 ], [ -84.348851, 33.784863 ], [ -84.348517, 33.78486 ], [ -84.348125, 33.784859 ], [ -84.34813, 33.784784 ], [ -84.348132, 33.784691 ], [ -84.348137, 33.784529 ], [ -84.34855, 33.78453 ], [ -84.348676, 33.78453 ], [ -84.348856, 33.784531 ], [ -84.348858, 33.784399 ], [ -84.348564, 33.784382 ], [ -84.348142, 33.784357 ], [ -84.348146, 33.78426 ], [ -84.34814, 33.784193 ], [ -84.34858, 33.784219 ], [ -84.348857, 33.784235 ], [ -84.348864, 33.783834 ], [ -84.348879, 33.782963 ], [ -84.348656, 33.782966 ], [ -84.348252, 33.782972 ], [ -84.348144, 33.782973 ], [ -84.348141, 33.783045 ], [ -84.348053, 33.783041 ], [ -84.348052, 33.783061 ], [ -84.34757, 33.783053 ], [ -84.34741, 33.783052 ], [ -84.347294, 33.783052 ], [ -84.347247, 33.78305 ], [ -84.34725, 33.783015 ], [ -84.347254, 33.782973 ], [ -84.347258, 33.782929 ], [ -84.347262, 33.782884 ], [ -84.347275, 33.782747 ], [ -84.3473, 33.78247 ], [ -84.347312, 33.782332 ], [ -84.347325, 33.782195 ], [ -84.347337, 33.782058 ], [ -84.347338, 33.782043 ], [ -84.347339, 33.78192 ], [ -84.347341, 33.781874 ], [ -84.347347, 33.781783 ], [ -84.347355, 33.781646 ], [ -84.347363, 33.781513 ], [ -84.347371, 33.781371 ], [ -84.347379, 33.781234 ], [ -84.347388, 33.781096 ], [ -84.347396, 33.780959 ], [ -84.347404, 33.780822 ], [ -84.347413, 33.780669 ], [ -84.347422, 33.780518 ], [ -84.34743, 33.780381 ], [ -84.347439, 33.780238 ], [ -84.346485, 33.779844 ], [ -84.345987, 33.779638 ], [ -84.345803, 33.77956 ], [ -84.345505, 33.779447 ], [ -84.34519, 33.779328 ], [ -84.34507, 33.779324 ], [ -84.344966, 33.779326 ], [ -84.344841, 33.779493 ], [ -84.344524, 33.779366 ], [ -84.344388, 33.779304 ], [ -84.34223, 33.779281 ], [ -84.341996, 33.779281 ], [ -84.341164, 33.779275 ], [ -84.34152, 33.779561 ], [ -84.341588, 33.779607 ], [ -84.341496, 33.779671 ], [ -84.341114, 33.779891 ], [ -84.341054, 33.779929 ], [ -84.340979, 33.779874 ], [ -84.34026, 33.779269 ], [ -84.339264, 33.779264 ], [ -84.339033, 33.779262 ], [ -84.338666, 33.779259 ], [ -84.338431, 33.779076 ], [ -84.338115, 33.77883 ], [ -84.337693, 33.778501 ], [ -84.337641, 33.778467 ], [ -84.337504, 33.778584 ], [ -84.337411, 33.778663 ], [ -84.33739, 33.778686 ], [ -84.337786, 33.778946 ], [ -84.338174, 33.779204 ], [ -84.338262, 33.779268 ], [ -84.336945, 33.779261 ], [ -84.334532, 33.779255 ], [ -84.334153, 33.779245 ], [ -84.333884, 33.779251 ], [ -84.333738, 33.779251 ], [ -84.333186, 33.779263 ], [ -84.332756, 33.77927 ], [ -84.332779, 33.779197 ], [ -84.333041, 33.778915 ], [ -84.333274, 33.778595 ], [ -84.333105, 33.778509 ], [ -84.33225, 33.778071 ], [ -84.33184, 33.779249 ], [ -84.330064, 33.779253 ], [ -84.330063, 33.778172 ], [ -84.330029, 33.774893 ], [ -84.330018, 33.773851 ], [ -84.330014, 33.773633 ], [ -84.330014, 33.773512 ], [ -84.330013, 33.773448 ], [ -84.330009, 33.772491 ], [ -84.330063, 33.772525 ], [ -84.330372, 33.772722 ], [ -84.330405, 33.772745 ], [ -84.330433, 33.772712 ], [ -84.331416, 33.771648 ], [ -84.331247, 33.771648 ], [ -84.33065, 33.771644 ], [ -84.330447, 33.771641 ], [ -84.328839, 33.77163 ], [ -84.328862, 33.77155 ], [ -84.329045, 33.771 ], [ -84.329026, 33.770553 ], [ -84.328609, 33.770557 ], [ -84.328427, 33.771459 ], [ -84.328437, 33.768924 ], [ -84.328426, 33.768331 ], [ -84.328427, 33.768098 ], [ -84.328429, 33.767869 ], [ -84.32831, 33.767885 ], [ -84.326791, 33.767884 ], [ -84.32679, 33.768412 ], [ -84.326783, 33.769172 ], [ -84.326775, 33.769667 ], [ -84.326346, 33.76966 ], [ -84.325533, 33.769653 ], [ -84.324699, 33.769634 ], [ -84.323914, 33.769627 ], [ -84.32308, 33.769627 ], [ -84.322969, 33.769627 ], [ -84.32297, 33.769241 ], [ -84.322972, 33.768614 ], [ -84.322972, 33.768528 ], [ -84.322974, 33.767759 ], [ -84.322038, 33.767767 ], [ -84.321267, 33.767769 ], [ -84.32104, 33.76777 ], [ -84.321023, 33.76777 ], [ -84.321016, 33.767576 ], [ -84.319964, 33.767562 ], [ -84.31979, 33.767558 ], [ -84.319075, 33.766129 ], [ -84.319049, 33.766129 ], [ -84.318957, 33.766129 ], [ -84.318902, 33.766129 ], [ -84.318429, 33.766129 ], [ -84.316994, 33.766133 ], [ -84.316995, 33.765909 ], [ -84.316996, 33.76562 ], [ -84.316988, 33.765021 ], [ -84.316985, 33.764822 ], [ -84.316946, 33.764823 ], [ -84.316665, 33.764824 ], [ -84.316523, 33.764824 ], [ -84.316562, 33.764809 ], [ -84.316549, 33.764793 ], [ -84.316441, 33.764658 ], [ -84.316421, 33.764635 ], [ -84.316336, 33.764528 ], [ -84.316299, 33.764483 ], [ -84.316268, 33.764444 ], [ -84.316217, 33.76438 ], [ -84.315875, 33.764509 ], [ -84.315577, 33.764595 ], [ -84.314723, 33.764769 ], [ -84.313853, 33.764852 ], [ -84.312526, 33.764923 ], [ -84.312492, 33.764925 ], [ -84.312442, 33.764927 ], [ -84.312438, 33.764613 ], [ -84.312432, 33.764476 ], [ -84.312423, 33.764333 ], [ -84.312392, 33.763831 ], [ -84.312422, 33.761105 ], [ -84.312329, 33.756884 ], [ -84.312452, 33.756881 ], [ -84.312461, 33.755352 ], [ -84.312461, 33.75528 ], [ -84.311958, 33.755279 ], [ -84.311936, 33.755279 ], [ -84.311819, 33.755278 ], [ -84.310748, 33.755275 ], [ -84.310438, 33.755275 ], [ -84.310385, 33.754994 ], [ -84.310338, 33.754854 ], [ -84.310255, 33.754706 ], [ -84.31, 33.754343 ], [ -84.309828, 33.754145 ], [ -84.31042, 33.753732 ], [ -84.310704, 33.753522 ], [ -84.311258, 33.753029 ], [ -84.311346, 33.752962 ], [ -84.311627, 33.752701 ], [ -84.311764, 33.752567 ], [ -84.312003, 33.75235 ], [ -84.312485, 33.751793 ], [ -84.31252, 33.751752 ], [ -84.312316, 33.751755 ], [ -84.311226, 33.751773 ], [ -84.311226, 33.751785 ], [ -84.311225, 33.75188 ], [ -84.311219, 33.752425 ], [ -84.30976, 33.752392 ], [ -84.308212, 33.752393 ], [ -84.306676, 33.752406 ], [ -84.305215, 33.752388 ], [ -84.304671, 33.752381 ], [ -84.304527, 33.75256 ], [ -84.304011, 33.753552 ], [ -84.30251, 33.753553 ], [ -84.302473, 33.754756 ], [ -84.301401, 33.754674 ], [ -84.300318, 33.754577 ], [ -84.300287, 33.754575 ], [ -84.299578, 33.754512 ], [ -84.298869, 33.754452 ], [ -84.298757, 33.754445 ], [ -84.29868, 33.754439 ], [ -84.298645, 33.754436 ], [ -84.298102, 33.75439 ], [ -84.297559, 33.754347 ], [ -84.297516, 33.754342 ], [ -84.297421, 33.754332 ], [ -84.297283, 33.75432 ], [ -84.297201, 33.754309 ], [ -84.297119, 33.754294 ], [ -84.297039, 33.754273 ], [ -84.29696, 33.754247 ], [ -84.296883, 33.754217 ], [ -84.296808, 33.754182 ], [ -84.296713, 33.75413 ], [ -84.296622, 33.754073 ], [ -84.296534, 33.754009 ], [ -84.29643, 33.753919 ], [ -84.296322, 33.753833 ], [ -84.296269, 33.753788 ], [ -84.296212, 33.753748 ], [ -84.296152, 33.753713 ], [ -84.296103, 33.753681 ], [ -84.296052, 33.753654 ], [ -84.295992, 33.753638 ], [ -84.295862, 33.7536 ], [ -84.295634, 33.753565 ], [ -84.294534, 33.753511 ], [ -84.294391, 33.753508 ], [ -84.293592, 33.753461 ], [ -84.29323, 33.753442 ], [ -84.291933, 33.753346 ], [ -84.2911, 33.753213 ], [ -84.290813, 33.753167 ], [ -84.290697, 33.75315 ], [ -84.290649, 33.753143 ], [ -84.290657, 33.753066 ], [ -84.290793, 33.752381 ], [ -84.290845, 33.752385 ], [ -84.290886, 33.751676 ], [ -84.290887, 33.751662 ], [ -84.290888, 33.75161 ], [ -84.290889, 33.751592 ], [ -84.290891, 33.751525 ], [ -84.290897, 33.751003 ], [ -84.290926, 33.751003 ], [ -84.290933, 33.750664 ], [ -84.29093, 33.75059 ], [ -84.29093, 33.750574 ], [ -84.290928, 33.750523 ], [ -84.29094, 33.750131 ], [ -84.290946, 33.749909 ], [ -84.290948, 33.749842 ], [ -84.290948, 33.749782 ], [ -84.290972, 33.749446 ], [ -84.290962, 33.748846 ], [ -84.290953, 33.748806 ], [ -84.290954, 33.748638 ], [ -84.290927, 33.748652 ], [ -84.290927, 33.748626 ], [ -84.29093, 33.748265 ], [ -84.290866, 33.747933 ], [ -84.290862, 33.747883 ], [ -84.290824, 33.747289 ], [ -84.290811, 33.747089 ], [ -84.290807, 33.747064 ], [ -84.290664, 33.747065 ], [ -84.290632, 33.747012 ], [ -84.290405, 33.746523 ], [ -84.29013, 33.745925 ], [ -84.290081, 33.745821 ], [ -84.290019, 33.74568 ], [ -84.289939, 33.745515 ], [ -84.289914, 33.745499 ], [ -84.289835, 33.745311 ], [ -84.289809, 33.745251 ], [ -84.289787, 33.745196 ], [ -84.289767, 33.74515 ], [ -84.28956, 33.744704 ], [ -84.289671, 33.744737 ], [ -84.289758, 33.74475 ], [ -84.28989, 33.74476 ], [ -84.290185, 33.744766 ], [ -84.29077, 33.744769 ], [ -84.290974, 33.744758 ], [ -84.290504, 33.74384 ], [ -84.290086, 33.743006 ], [ -84.289698, 33.742152 ], [ -84.289934, 33.742082 ], [ -84.290166, 33.742013 ], [ -84.290167, 33.741951 ], [ -84.290241, 33.741927 ], [ -84.290175, 33.741785 ], [ -84.290196, 33.741291 ], [ -84.289974, 33.741357 ], [ -84.289886, 33.741169 ], [ -84.289875, 33.741146 ], [ -84.289824, 33.741037 ], [ -84.29019, 33.740921 ], [ -84.290212, 33.740915 ], [ -84.290219, 33.740792 ], [ -84.290254, 33.74064 ], [ -84.290142, 33.740399 ], [ -84.290245, 33.740372 ], [ -84.290263, 33.739862 ], [ -84.290268, 33.739709 ], [ -84.289874, 33.739841 ], [ -84.289814, 33.739715 ], [ -84.290273, 33.739556 ], [ -84.290297, 33.738942 ], [ -84.290296, 33.738866 ], [ -84.290486, 33.738872 ], [ -84.291139, 33.738892 ], [ -84.292632, 33.738958 ], [ -84.293196, 33.738963 ], [ -84.293433, 33.738985 ], [ -84.293824, 33.739021 ], [ -84.294366, 33.739129 ], [ -84.294927, 33.739311 ], [ -84.295306, 33.739447 ], [ -84.29533, 33.739456 ], [ -84.295356, 33.739343 ], [ -84.295411, 33.73905 ], [ -84.295449, 33.738886 ], [ -84.295455, 33.738525 ], [ -84.29611, 33.738544 ], [ -84.297759, 33.738592 ], [ -84.297805, 33.738593 ], [ -84.297843, 33.738594 ], [ -84.297854, 33.738316 ], [ -84.297813, 33.738316 ], [ -84.297768, 33.738316 ], [ -84.297111, 33.738299 ], [ -84.296782, 33.73829 ], [ -84.296787, 33.738147 ], [ -84.296793, 33.737949 ], [ -84.296799, 33.73779 ], [ -84.296806, 33.737555 ], [ -84.297102, 33.737564 ], [ -84.297111, 33.737294 ], [ -84.296815, 33.737286 ], [ -84.296825, 33.737039 ], [ -84.297889, 33.737059 ], [ -84.298796, 33.737091 ], [ -84.298792, 33.737135 ], [ -84.298784, 33.737389 ], [ -84.298775, 33.737682 ], [ -84.298546, 33.737676 ], [ -84.298449, 33.737673 ], [ -84.29844, 33.737948 ], [ -84.298436, 33.738086 ], [ -84.29843, 33.738218 ], [ -84.298757, 33.738233 ], [ -84.298745, 33.738602 ], [ -84.299356, 33.738617 ], [ -84.300486, 33.738646 ], [ -84.300496, 33.738462 ], [ -84.300504, 33.73833 ], [ -84.300512, 33.738023 ], [ -84.29991, 33.73801 ], [ -84.299918, 33.737867 ], [ -84.300516, 33.73788 ], [ -84.300529, 33.737436 ], [ -84.30053, 33.73738 ], [ -84.301572, 33.737407 ], [ -84.302444, 33.73743 ], [ -84.302465, 33.737431 ], [ -84.305503, 33.737536 ], [ -84.305503, 33.737546 ], [ -84.305496, 33.738188 ], [ -84.305492, 33.7386 ], [ -84.305492, 33.738678 ], [ -84.30549, 33.738882 ], [ -84.305533, 33.738882 ], [ -84.305548, 33.738882 ], [ -84.305735, 33.738885 ], [ -84.305816, 33.738885 ], [ -84.305817, 33.73886 ], [ -84.305818, 33.738828 ], [ -84.305823, 33.738379 ], [ -84.305985, 33.738382 ], [ -84.305984, 33.738444 ], [ -84.305984, 33.73852 ], [ -84.305983, 33.738657 ], [ -84.305981, 33.738823 ], [ -84.30598, 33.738863 ], [ -84.305979, 33.738886 ], [ -84.306031, 33.738887 ], [ -84.306028, 33.739122 ], [ -84.306026, 33.739346 ], [ -84.306594, 33.73936 ], [ -84.306671, 33.739361 ], [ -84.306671, 33.738893 ], [ -84.306671, 33.738678 ], [ -84.307164, 33.738689 ], [ -84.307159, 33.738905 ], [ -84.306837, 33.738897 ], [ -84.306833, 33.739364 ], [ -84.307655, 33.73938 ], [ -84.307658, 33.738977 ], [ -84.307659, 33.738917 ], [ -84.307827, 33.738922 ], [ -84.308057, 33.738928 ], [ -84.308384, 33.738933 ], [ -84.30838, 33.739133 ], [ -84.308378, 33.739396 ], [ -84.308807, 33.739406 ], [ -84.308806, 33.739364 ], [ -84.308807, 33.739137 ], [ -84.30881, 33.739024 ], [ -84.30881, 33.739008 ], [ -84.308811, 33.738941 ], [ -84.308976, 33.738944 ], [ -84.308974, 33.739013 ], [ -84.308972, 33.739094 ], [ -84.308971, 33.739139 ], [ -84.30897, 33.739364 ], [ -84.308973, 33.73941 ], [ -84.309562, 33.739425 ], [ -84.309666, 33.739427 ], [ -84.310449, 33.739447 ], [ -84.311149, 33.739468 ], [ -84.311185, 33.739469 ], [ -84.31241, 33.739505 ], [ -84.313442, 33.739536 ], [ -84.313654, 33.739542 ], [ -84.313721, 33.739544 ], [ -84.313955, 33.739551 ], [ -84.313943, 33.739231 ], [ -84.313901, 33.738215 ], [ -84.31368, 33.738215 ], [ -84.312469, 33.738226 ], [ -84.312555, 33.738135 ], [ -84.312834, 33.737719 ], [ -84.313497, 33.736679 ], [ -84.313754, 33.736782 ], [ -84.314889, 33.737242 ], [ -84.315338, 33.737424 ], [ -84.315317, 33.738019 ], [ -84.315317, 33.738094 ], [ -84.315319, 33.738362 ], [ -84.315324, 33.739075 ], [ -84.315324, 33.739123 ], [ -84.315339, 33.739621 ], [ -84.318239, 33.739734 ], [ -84.31829, 33.739736 ], [ -84.320562, 33.739571 ], [ -84.320561, 33.739985 ], [ -84.320909, 33.739835 ], [ -84.321096, 33.739777 ], [ -84.32132, 33.739719 ], [ -84.321322, 33.739689 ], [ -84.321327, 33.739091 ], [ -84.322088, 33.739055 ], [ -84.322088, 33.739695 ], [ -84.32238, 33.739703 ], [ -84.323, 33.739719 ], [ -84.323008, 33.739865 ], [ -84.322993, 33.740303 ], [ -84.322969, 33.741042 ], [ -84.322903, 33.741042 ], [ -84.322702, 33.741044 ], [ -84.322502, 33.741046 ], [ -84.322301, 33.741048 ], [ -84.322081, 33.741049 ], [ -84.321626, 33.741209 ], [ -84.321247, 33.741342 ], [ -84.320813, 33.741495 ], [ -84.320476, 33.741613 ], [ -84.32047, 33.741772 ], [ -84.320455, 33.742165 ], [ -84.320446, 33.742393 ], [ -84.32044, 33.74253 ], [ -84.320435, 33.742668 ], [ -84.320429, 33.742805 ], [ -84.320425, 33.742923 ], [ -84.320419, 33.743088 ], [ -84.320412, 33.743252 ], [ -84.320402, 33.7435 ], [ -84.320392, 33.743747 ], [ -84.320382, 33.743994 ], [ -84.320373, 33.744219 ], [ -84.320367, 33.744369 ], [ -84.320354, 33.744698 ], [ -84.320348, 33.744891 ], [ -84.320344, 33.745029 ], [ -84.320329, 33.745475 ], [ -84.320325, 33.745614 ], [ -84.319674, 33.744715 ], [ -84.319477, 33.744727 ], [ -84.319372, 33.744733 ], [ -84.31703, 33.74477 ], [ -84.317024, 33.744917 ], [ -84.316953, 33.746581 ], [ -84.3172, 33.746581 ], [ -84.318183, 33.746585 ], [ -84.318202, 33.746585 ], [ -84.318587, 33.746579 ], [ -84.318893, 33.74658 ], [ -84.319247, 33.746581 ], [ -84.319979, 33.746584 ], [ -84.319974, 33.746684 ], [ -84.319971, 33.746751 ], [ -84.319946, 33.747331 ], [ -84.320023, 33.747332 ], [ -84.320092, 33.747333 ], [ -84.320447, 33.747335 ], [ -84.320848, 33.747339 ], [ -84.321774, 33.747344 ], [ -84.321825, 33.747344 ], [ -84.321861, 33.746935 ], [ -84.321382, 33.746922 ], [ -84.321385, 33.745475 ], [ -84.322285, 33.745489 ], [ -84.322237, 33.747346 ], [ -84.322865, 33.74735 ], [ -84.323302, 33.747357 ], [ -84.324316, 33.747365 ], [ -84.32525, 33.747374 ], [ -84.326296, 33.747393 ], [ -84.327253, 33.747409 ], [ -84.32857, 33.747417 ], [ -84.328693, 33.745787 ], [ -84.328716, 33.745529 ], [ -84.328746, 33.744894 ], [ -84.328744, 33.744742 ], [ -84.328739, 33.7447 ], [ -84.328724, 33.744649 ], [ -84.328333, 33.743563 ], [ -84.327998, 33.742235 ], [ -84.327912, 33.74191 ], [ -84.327805, 33.741564 ], [ -84.327335, 33.740702 ], [ -84.327192, 33.740426 ], [ -84.32713, 33.74027 ], [ -84.327112, 33.740191 ], [ -84.327104, 33.740121 ], [ -84.327104, 33.739955 ], [ -84.32717, 33.739954 ], [ -84.327623, 33.739945 ], [ -84.327796, 33.739949 ], [ -84.328391, 33.739966 ], [ -84.328771, 33.739977 ], [ -84.329376, 33.739994 ], [ -84.329347, 33.739953 ], [ -84.329259, 33.739867 ], [ -84.329297, 33.739859 ], [ -84.329392, 33.739831 ], [ -84.329357, 33.739756 ], [ -84.329329, 33.739709 ], [ -84.329302, 33.739654 ], [ -84.329274, 33.739618 ], [ -84.329107, 33.739487 ], [ -84.328967, 33.739381 ], [ -84.328846, 33.73928 ], [ -84.32878, 33.739218 ], [ -84.328655, 33.739071 ], [ -84.328631, 33.739035 ], [ -84.328778, 33.738971 ], [ -84.32889, 33.73891 ], [ -84.329162, 33.738762 ], [ -84.329057, 33.738575 ], [ -84.328951, 33.738388 ], [ -84.328846, 33.738202 ], [ -84.328741, 33.738015 ], [ -84.328635, 33.737828 ], [ -84.328603, 33.737772 ], [ -84.328939, 33.737778 ], [ -84.329257, 33.737783 ], [ -84.329298, 33.737784 ], [ -84.329306, 33.735347 ], [ -84.329227, 33.735344 ], [ -84.329239, 33.735626 ], [ -84.328998, 33.735622 ], [ -84.328994, 33.735888 ], [ -84.325761, 33.736623 ], [ -84.325168, 33.73601 ], [ -84.324737, 33.735564 ], [ -84.324679, 33.735463 ], [ -84.324683, 33.735118 ], [ -84.324686, 33.73497 ], [ -84.324413, 33.734971 ], [ -84.324303, 33.734926 ], [ -84.324156, 33.734763 ], [ -84.32408, 33.734617 ], [ -84.324057, 33.73454 ], [ -84.323991, 33.734453 ], [ -84.323931, 33.734377 ], [ -84.32381, 33.73417 ], [ -84.323706, 33.733992 ], [ -84.323343, 33.733373 ], [ -84.323142, 33.732837 ], [ -84.32299, 33.732433 ], [ -84.322992, 33.732296 ], [ -84.323822, 33.732154 ], [ -84.323779, 33.732371 ], [ -84.32384, 33.732536 ], [ -84.32397, 33.732755 ], [ -84.324197, 33.733072 ], [ -84.324389, 33.733324 ], [ -84.324502, 33.733425 ], [ -84.324656, 33.733325 ], [ -84.324844, 33.733199 ], [ -84.324952, 33.733127 ], [ -84.324904, 33.733035 ], [ -84.32507, 33.7329 ], [ -84.325329, 33.732688 ], [ -84.325375, 33.732667 ], [ -84.326032, 33.732331 ], [ -84.325997, 33.732269 ], [ -84.326577, 33.732223 ], [ -84.326588, 33.732685 ], [ -84.327433, 33.73267 ], [ -84.327619, 33.732659 ], [ -84.327618, 33.733497 ], [ -84.32821, 33.733484 ], [ -84.328213, 33.733293 ], [ -84.329114, 33.733293 ], [ -84.329304, 33.733293 ], [ -84.329295, 33.73316 ], [ -84.329291, 33.732912 ], [ -84.329284, 33.732479 ], [ -84.329297, 33.732364 ], [ -84.329311, 33.73172 ], [ -84.32933, 33.731218 ], [ -84.329337, 33.73103 ], [ -84.329345, 33.730865 ], [ -84.32935, 33.730705 ], [ -84.329273, 33.730701 ], [ -84.329251, 33.730703 ], [ -84.329096, 33.73069 ], [ -84.32901, 33.730674 ], [ -84.328899, 33.730642 ], [ -84.32883, 33.730624 ], [ -84.328405, 33.730458 ], [ -84.328264, 33.730396 ], [ -84.326872, 33.729836 ], [ -84.326768, 33.729786 ], [ -84.326095, 33.729532 ], [ -84.325554, 33.729197 ], [ -84.324623, 33.728595 ], [ -84.324218, 33.728337 ], [ -84.323996, 33.72822 ], [ -84.323724, 33.728079 ], [ -84.323535, 33.727979 ], [ -84.323514, 33.727966 ], [ -84.323284, 33.727821 ], [ -84.322775, 33.727501 ], [ -84.321434, 33.726659 ], [ -84.321395, 33.726697 ], [ -84.321166, 33.726555 ], [ -84.320855, 33.726307 ], [ -84.32082, 33.72628 ], [ -84.320899, 33.726236 ], [ -84.320978, 33.726192 ], [ -84.321076, 33.726137 ], [ -84.321199, 33.726069 ], [ -84.321309, 33.726007 ], [ -84.32152, 33.72589 ], [ -84.322031, 33.725606 ], [ -84.323652, 33.724703 ], [ -84.323932, 33.724582 ], [ -84.324175, 33.72447 ], [ -84.324237, 33.724445 ], [ -84.324317, 33.724409 ], [ -84.324468, 33.724344 ], [ -84.324657, 33.724263 ], [ -84.324738, 33.724225 ], [ -84.325954, 33.723631 ], [ -84.326489, 33.723298 ], [ -84.326957, 33.72298 ], [ -84.327244, 33.722771 ], [ -84.327617, 33.722311 ], [ -84.3275, 33.722231 ], [ -84.32768, 33.722232 ], [ -84.327712, 33.722191 ], [ -84.328119, 33.721658 ], [ -84.328373, 33.721336 ], [ -84.328426, 33.72126 ], [ -84.328504, 33.721121 ], [ -84.328694, 33.720641 ], [ -84.329055, 33.719687 ], [ -84.329222, 33.71928 ], [ -84.329277, 33.719186 ], [ -84.3293, 33.718827 ], [ -84.329286, 33.71844 ], [ -84.329862, 33.71844 ], [ -84.329926, 33.71844 ], [ -84.32993, 33.718533 ], [ -84.329934, 33.718611 ], [ -84.330602, 33.718627 ], [ -84.33062, 33.718711 ], [ -84.330709, 33.719144 ], [ -84.33076, 33.719287 ], [ -84.331008, 33.719622 ], [ -84.331288, 33.719998 ], [ -84.331482, 33.72026 ], [ -84.331711, 33.720569 ], [ -84.3318, 33.720631 ], [ -84.331899, 33.720707 ], [ -84.332099, 33.721296 ], [ -84.332205, 33.721555 ], [ -84.332237, 33.721603 ], [ -84.332276, 33.721654 ], [ -84.332427, 33.722074 ], [ -84.332631, 33.722659 ], [ -84.332728, 33.722946 ], [ -84.332741, 33.722997 ], [ -84.332741, 33.723028 ], [ -84.332863, 33.723607 ], [ -84.332879, 33.72365 ], [ -84.332996, 33.72396 ], [ -84.333005, 33.72405 ], [ -84.333008, 33.724124 ], [ -84.333014, 33.724198 ], [ -84.333022, 33.724271 ], [ -84.333032, 33.724356 ], [ -84.333044, 33.72443 ], [ -84.33306, 33.724515 ], [ -84.333076, 33.724587 ], [ -84.333093, 33.72466 ], [ -84.333115, 33.724739 ], [ -84.333138, 33.724815 ], [ -84.333165, 33.724898 ], [ -84.333197, 33.724987 ], [ -84.333232, 33.725076 ], [ -84.333306, 33.725379 ], [ -84.333344, 33.725532 ], [ -84.33335, 33.725543 ], [ -84.333409, 33.725795 ], [ -84.333484, 33.725795 ], [ -84.333596, 33.725794 ], [ -84.333589, 33.725746 ], [ -84.334311, 33.725721 ], [ -84.33431, 33.725981 ], [ -84.335121, 33.725967 ], [ -84.335122, 33.725891 ], [ -84.335737, 33.725878 ], [ -84.335841, 33.725885 ], [ -84.33592, 33.725807 ], [ -84.336143, 33.72582 ], [ -84.336354, 33.725825 ], [ -84.336524, 33.725828 ], [ -84.336515, 33.725893 ], [ -84.336512, 33.72648 ], [ -84.336662, 33.726484 ], [ -84.336773, 33.72677 ], [ -84.33678, 33.726828 ], [ -84.336784, 33.726991 ], [ -84.336737, 33.727166 ], [ -84.336701, 33.727165 ], [ -84.336698, 33.727236 ], [ -84.336501, 33.727315 ], [ -84.336156, 33.727407 ], [ -84.335903, 33.727402 ], [ -84.335595, 33.727325 ], [ -84.335209, 33.727344 ], [ -84.335346, 33.727927 ], [ -84.335189, 33.727985 ], [ -84.335055, 33.727719 ], [ -84.334939, 33.727443 ], [ -84.33435, 33.727446 ], [ -84.334216, 33.727456 ], [ -84.334327, 33.727652 ], [ -84.334439, 33.72785 ], [ -84.334577, 33.728094 ], [ -84.334646, 33.728216 ], [ -84.33468, 33.728202 ], [ -84.334958, 33.728084 ], [ -84.335122, 33.72857 ], [ -84.334921, 33.728678 ], [ -84.334857, 33.728712 ], [ -84.334897, 33.728752 ], [ -84.335248, 33.729028 ], [ -84.335644, 33.729339 ], [ -84.335883, 33.729514 ], [ -84.336001, 33.729601 ], [ -84.336124, 33.72969 ], [ -84.336235, 33.729771 ], [ -84.336349, 33.729855 ], [ -84.336608, 33.730044 ], [ -84.336608, 33.72996 ], [ -84.337094, 33.730034 ], [ -84.337143, 33.730018 ], [ -84.337263, 33.729978 ], [ -84.338052, 33.730452 ], [ -84.33793, 33.730934 ], [ -84.337776, 33.730838 ], [ -84.337678, 33.730967 ], [ -84.337825, 33.731076 ], [ -84.338316, 33.731469 ], [ -84.338492, 33.731614 ], [ -84.33853, 33.731667 ], [ -84.338599, 33.731598 ], [ -84.338621, 33.731576 ], [ -84.338777, 33.731421 ], [ -84.339061, 33.731403 ], [ -84.339144, 33.731416 ], [ -84.3392, 33.731412 ], [ -84.33918, 33.731885 ], [ -84.338995, 33.731882 ], [ -84.338933, 33.731953 ], [ -84.338951, 33.73197 ], [ -84.33931, 33.732294 ], [ -84.339795, 33.732735 ], [ -84.339976, 33.7329 ], [ -84.340047, 33.732964 ], [ -84.340065, 33.732978 ], [ -84.340062, 33.732885 ], [ -84.340075, 33.732526 ], [ -84.340082, 33.732407 ], [ -84.341921, 33.73242 ], [ -84.341917, 33.731954 ], [ -84.341904, 33.731898 ], [ -84.342129, 33.731899 ], [ -84.342134, 33.732422 ], [ -84.34234, 33.732424 ], [ -84.342346, 33.7319 ], [ -84.342281, 33.7319 ], [ -84.34229, 33.731366 ], [ -84.342651, 33.73137 ], [ -84.342651, 33.731904 ], [ -84.342771, 33.731906 ], [ -84.342782, 33.732428 ], [ -84.342985, 33.73243 ], [ -84.343585, 33.732434 ], [ -84.34475, 33.732442 ], [ -84.344756, 33.732037 ], [ -84.344758, 33.731931 ], [ -84.344154, 33.731923 ], [ -84.344154, 33.731909 ], [ -84.344167, 33.731203 ], [ -84.344804, 33.731212 ], [ -84.345414, 33.731219 ], [ -84.345414, 33.73137 ], [ -84.345274, 33.731381 ], [ -84.3454, 33.731761 ], [ -84.345416, 33.73182 ], [ -84.345424, 33.73185 ], [ -84.345564, 33.731834 ], [ -84.345571, 33.732446 ], [ -84.345873, 33.732448 ], [ -84.3461, 33.732452 ], [ -84.34719, 33.732459 ], [ -84.348042, 33.732465 ], [ -84.348598, 33.73247 ], [ -84.348609, 33.729935 ], [ -84.348614, 33.729061 ], [ -84.348624, 33.728288 ], [ -84.347346, 33.728268 ], [ -84.34682, 33.728595 ], [ -84.346762, 33.728463 ], [ -84.346733, 33.728346 ], [ -84.346591, 33.728344 ], [ -84.346546, 33.728343 ], [ -84.34607, 33.728337 ], [ -84.345919, 33.728332 ], [ -84.345913, 33.728117 ], [ -84.34593, 33.727656 ], [ -84.345932, 33.727606 ], [ -84.34637, 33.727625 ], [ -84.346729, 33.727637 ], [ -84.346729, 33.727559 ], [ -84.346744, 33.727498 ], [ -84.346773, 33.727283 ], [ -84.346772, 33.727243 ], [ -84.346775, 33.727134 ], [ -84.346807, 33.726984 ], [ -84.346879, 33.726848 ], [ -84.346959, 33.726883 ], [ -84.347456, 33.727103 ], [ -84.347817, 33.727104 ], [ -84.347501, 33.726369 ], [ -84.347478, 33.726314 ], [ -84.347556, 33.72631 ], [ -84.347867, 33.726307 ], [ -84.348218, 33.726312 ], [ -84.348661, 33.726334 ], [ -84.348706, 33.723828 ], [ -84.348726, 33.722177 ], [ -84.349022, 33.722184 ], [ -84.349232, 33.722187 ], [ -84.349438, 33.722239 ], [ -84.349438, 33.722212 ], [ -84.34944, 33.721808 ], [ -84.349458, 33.720893 ], [ -84.349459, 33.720717 ], [ -84.349466, 33.71942 ], [ -84.349476, 33.71835 ], [ -84.34948, 33.71765 ], [ -84.349495, 33.716137 ], [ -84.349496, 33.71603 ], [ -84.349497, 33.715941 ], [ -84.349498, 33.715877 ], [ -84.3495, 33.715683 ], [ -84.349501, 33.715543 ], [ -84.349501, 33.715533 ], [ -84.346998, 33.715725 ], [ -84.346902, 33.715735 ], [ -84.346124, 33.715812 ], [ -84.345551, 33.715795 ], [ -84.345115, 33.715793 ], [ -84.344502, 33.71579 ], [ -84.344513, 33.715269 ], [ -84.344495, 33.714991 ], [ -84.344412, 33.714833 ], [ -84.344274, 33.714647 ], [ -84.344199, 33.71442 ], [ -84.344206, 33.714257 ], [ -84.344264, 33.714084 ], [ -84.344441, 33.713717 ], [ -84.344481, 33.713616 ], [ -84.344481, 33.713462 ], [ -84.34447, 33.71335 ], [ -84.344501, 33.713229 ], [ -84.344507, 33.713205 ], [ -84.344522, 33.7131 ], [ -84.344621, 33.712906 ], [ -84.344802, 33.712674 ], [ -84.344862, 33.712625 ], [ -84.344883, 33.712564 ], [ -84.3449, 33.712518 ], [ -84.345176, 33.712515 ], [ -84.346589, 33.712496 ], [ -84.34659, 33.713183 ], [ -84.34812, 33.713191 ], [ -84.348156, 33.714015 ], [ -84.349508, 33.714028 ], [ -84.349511, 33.709266 ], [ -84.349513, 33.708327 ], [ -84.3495, 33.704697 ], [ -84.3495, 33.704406 ], [ -84.3495, 33.70412 ], [ -84.349502, 33.703469 ], [ -84.349477, 33.701271 ], [ -84.34948, 33.700848 ], [ -84.349487, 33.700619 ], [ -84.349484, 33.700583 ], [ -84.349489, 33.699821 ], [ -84.349508, 33.69903 ], [ -84.349516, 33.698721 ], [ -84.349523, 33.69851 ], [ -84.349546, 33.698159 ], [ -84.34961, 33.697197 ], [ -84.349581, 33.695513 ], [ -84.349578, 33.695307 ], [ -84.349554, 33.694908 ], [ -84.349573, 33.69265 ], [ -84.349576, 33.692212 ], [ -84.349597, 33.690138 ], [ -84.349598, 33.689808 ], [ -84.349607, 33.688716 ], [ -84.349641, 33.684729 ], [ -84.349664, 33.683651 ], [ -84.34967, 33.682956 ], [ -84.349693, 33.680334 ], [ -84.349731, 33.676011 ], [ -84.349746, 33.67432 ], [ -84.349821, 33.665793 ], [ -84.349836, 33.664017 ], [ -84.349838, 33.66383 ], [ -84.349844, 33.663092 ], [ -84.349863, 33.661604 ], [ -84.349881, 33.659002 ], [ -84.349884, 33.658663 ], [ -84.349889, 33.657918 ], [ -84.349904, 33.656222 ], [ -84.349903, 33.655324 ], [ -84.349889, 33.652725 ], [ -84.349875, 33.648949 ], [ -84.349874, 33.648363 ], [ -84.349873, 33.647993 ], [ -84.349875, 33.647944 ], [ -84.350148, 33.647946 ], [ -84.353965, 33.647999 ], [ -84.354056, 33.648 ], [ -84.354102, 33.648002 ], [ -84.356145, 33.64803 ], [ -84.359098, 33.648071 ], [ -84.359861, 33.648082 ], [ -84.360263, 33.648079 ], [ -84.365328, 33.648122 ], [ -84.365401, 33.648123 ], [ -84.365415, 33.648124 ], [ -84.365448, 33.648125 ], [ -84.369774, 33.64818 ], [ -84.369812, 33.648184 ], [ -84.369988, 33.648183 ], [ -84.370001, 33.648183 ], [ -84.370178, 33.648184 ], [ -84.370216, 33.648184 ], [ -84.370238, 33.648184 ], [ -84.371363, 33.648202 ], [ -84.371799, 33.648204 ], [ -84.379988, 33.64832 ], [ -84.38004, 33.64832 ], [ -84.382302, 33.648334 ], [ -84.382326, 33.648334 ], [ -84.386892, 33.648334 ], [ -84.387131, 33.648334 ], [ -84.387701, 33.648335 ], [ -84.387717, 33.648334 ], [ -84.388167, 33.648335 ], [ -84.38852, 33.648334 ], [ -84.388534, 33.648334 ], [ -84.388672, 33.648331 ], [ -84.388781, 33.648327 ], [ -84.390271, 33.648328 ], [ -84.391144, 33.648328 ], [ -84.391252, 33.648327 ], [ -84.39129, 33.648322 ], [ -84.391466, 33.648322 ], [ -84.391638, 33.648324 ], [ -84.394742, 33.648297 ], [ -84.394789, 33.648299 ], [ -84.395813, 33.648294 ], [ -84.397173, 33.648288 ], [ -84.397401, 33.648287 ], [ -84.397656, 33.648286 ], [ -84.397687, 33.648285 ], [ -84.397871, 33.648285 ], [ -84.399026, 33.648279 ], [ -84.39929, 33.648278 ], [ -84.399309, 33.649759 ], [ -84.399313, 33.650149 ], [ -84.399382, 33.650237 ], [ -84.399398, 33.65027 ], [ -84.399487, 33.650445 ], [ -84.399564, 33.650711 ], [ -84.399556, 33.651853 ], [ -84.399574, 33.651925 ], [ -84.399697, 33.652194 ], [ -84.399721, 33.652342 ], [ -84.399711, 33.653053 ], [ -84.399697, 33.653109 ], [ -84.399592, 33.653338 ], [ -84.399326, 33.653262 ], [ -84.399322, 33.653436 ], [ -84.399316, 33.653703 ], [ -84.397239, 33.653258 ], [ -84.397041, 33.653205 ], [ -84.396724, 33.65398 ], [ -84.396667, 33.65409 ], [ -84.396519, 33.654214 ], [ -84.396177, 33.654369 ], [ -84.396073, 33.654438 ], [ -84.395992, 33.654509 ], [ -84.395528, 33.655151 ], [ -84.395453, 33.655404 ], [ -84.395318, 33.656121 ], [ -84.395145, 33.657104 ], [ -84.395093, 33.657677 ], [ -84.39503, 33.658603 ], [ -84.394954, 33.659341 ], [ -84.394981, 33.659721 ], [ -84.394989, 33.659826 ], [ -84.39518, 33.66118 ], [ -84.395236, 33.661488 ], [ -84.395398, 33.662077 ], [ -84.39569, 33.663051 ], [ -84.396361, 33.664734 ], [ -84.396826, 33.665939 ], [ -84.397151, 33.666783 ], [ -84.397319, 33.667148 ], [ -84.3975, 33.667656 ], [ -84.397512, 33.667707 ], [ -84.397718, 33.668259 ], [ -84.397752, 33.668352 ], [ -84.397832, 33.668688 ], [ -84.397873, 33.668911 ], [ -84.397887, 33.668991 ], [ -84.397891, 33.669293 ], [ -84.397938, 33.669876 ], [ -84.397915, 33.67062 ], [ -84.39798, 33.671189 ], [ -84.397956, 33.671965 ], [ -84.397933, 33.672902 ], [ -84.397933, 33.672928 ], [ -84.399389, 33.672937 ], [ -84.399559, 33.672938 ], [ -84.400656, 33.672953 ], [ -84.403451, 33.672989 ], [ -84.405388, 33.673013 ], [ -84.406966, 33.673032 ], [ -84.408496, 33.673051 ], [ -84.412109, 33.673083 ], [ -84.413149, 33.673092 ], [ -84.41411, 33.6731 ], [ -84.41427, 33.673101 ], [ -84.416568, 33.673098 ], [ -84.418086, 33.673106 ], [ -84.418114, 33.676919 ], [ -84.418115, 33.676987 ], [ -84.417495, 33.676981 ], [ -84.417046, 33.676977 ], [ -84.417038, 33.677252 ], [ -84.417032, 33.677419 ], [ -84.417027, 33.677571 ], [ -84.415524, 33.677518 ], [ -84.415461, 33.677671 ], [ -84.415325, 33.678055 ], [ -84.415177, 33.678501 ], [ -84.41512, 33.678773 ], [ -84.415049, 33.67941 ], [ -84.41505, 33.679723 ], [ -84.415059, 33.679819 ], [ -84.41507, 33.679934 ], [ -84.415155, 33.680324 ], [ -84.415177, 33.680523 ], [ -84.415129, 33.681344 ], [ -84.415952, 33.681357 ], [ -84.41669, 33.681368 ], [ -84.416938, 33.681371 ], [ -84.416898, 33.682385 ], [ -84.416888, 33.682632 ], [ -84.416888, 33.682819 ], [ -84.416887, 33.683533 ], [ -84.416886, 33.683733 ], [ -84.416886, 33.68421 ], [ -84.416883, 33.68539 ], [ -84.416882, 33.686538 ], [ -84.41685, 33.689274 ], [ -84.416933, 33.689273 ], [ -84.416852, 33.691893 ], [ -84.416843, 33.692181 ], [ -84.415546, 33.692173 ], [ -84.415545, 33.692221 ], [ -84.415538, 33.692655 ], [ -84.41552, 33.693655 ], [ -84.415507, 33.6944 ], [ -84.415496, 33.694469 ], [ -84.415479, 33.694546 ], [ -84.415427, 33.694685 ], [ -84.415414, 33.694706 ], [ -84.415411, 33.694851 ], [ -84.415409, 33.6953 ], [ -84.415312, 33.69717 ], [ -84.415419, 33.697189 ], [ -84.415534, 33.69721 ], [ -84.41593, 33.69724 ], [ -84.416045, 33.697241 ], [ -84.417089, 33.69724 ], [ -84.417233, 33.697228 ], [ -84.41771, 33.697235 ], [ -84.418328, 33.697244 ], [ -84.418839, 33.697269 ], [ -84.41969, 33.697282 ], [ -84.419942, 33.6973 ], [ -84.420156, 33.697289 ], [ -84.423194, 33.697331 ], [ -84.424329, 33.697332 ], [ -84.42529, 33.697351 ], [ -84.425404, 33.697342 ], [ -84.425699, 33.697337 ], [ -84.425899, 33.697345 ], [ -84.426034, 33.69735 ], [ -84.426115, 33.697359 ], [ -84.427201, 33.697369 ], [ -84.427366, 33.697371 ], [ -84.42754, 33.697373 ], [ -84.428, 33.697378 ], [ -84.428777, 33.697398 ], [ -84.42888, 33.6974 ], [ -84.428899, 33.697401 ], [ -84.428916, 33.697401 ], [ -84.428983, 33.697403 ], [ -84.429042, 33.697404 ], [ -84.429083, 33.697405 ], [ -84.429361, 33.697412 ], [ -84.429613, 33.697418 ], [ -84.429585, 33.697541 ], [ -84.429485, 33.697989 ], [ -84.42946, 33.698138 ], [ -84.429404, 33.698594 ], [ -84.42938, 33.698816 ], [ -84.429326, 33.69934 ], [ -84.429299, 33.69971 ], [ -84.430612, 33.699715 ], [ -84.430932, 33.699716 ], [ -84.434917, 33.699731 ], [ -84.437839, 33.699741 ], [ -84.437839, 33.699917 ], [ -84.437838, 33.700934 ], [ -84.437898, 33.700935 ], [ -84.443121, 33.700993 ], [ -84.44311, 33.701843 ], [ -84.443119, 33.7021 ], [ -84.443135, 33.702541 ], [ -84.443128, 33.702601 ], [ -84.443126, 33.702725 ], [ -84.443125, 33.703407 ], [ -84.443117, 33.703908 ], [ -84.443103, 33.704342 ], [ -84.443103, 33.70438 ], [ -84.443085, 33.704725 ], [ -84.443078, 33.704872 ], [ -84.44307, 33.705019 ], [ -84.443061, 33.705649 ], [ -84.443547, 33.705646 ], [ -84.443849, 33.705645 ], [ -84.44393, 33.705645 ], [ -84.446193, 33.70568 ], [ -84.446295, 33.705682 ], [ -84.446377, 33.70568 ], [ -84.446459, 33.705681 ], [ -84.447016, 33.705678 ], [ -84.447948, 33.705673 ], [ -84.448014, 33.705677 ], [ -84.449693, 33.705678 ], [ -84.449672, 33.702412 ], [ -84.449672, 33.702348 ], [ -84.449667, 33.701657 ], [ -84.44966, 33.700518 ], [ -84.44966, 33.700484 ], [ -84.449661, 33.700399 ], [ -84.449675, 33.698744 ], [ -84.449677, 33.698508 ], [ -84.449681, 33.698442 ], [ -84.449689, 33.69829 ], [ -84.450134, 33.698384 ], [ -84.452491, 33.698907 ], [ -84.453193, 33.699077 ], [ -84.453428, 33.699126 ], [ -84.45401, 33.699248 ], [ -84.454625, 33.699352 ], [ -84.455028, 33.699395 ], [ -84.455535, 33.699411 ], [ -84.456022, 33.699416 ], [ -84.456489, 33.699385 ], [ -84.456888, 33.699348 ], [ -84.457342, 33.699271 ], [ -84.457584, 33.699224 ], [ -84.458053, 33.699114 ], [ -84.458503, 33.69898 ], [ -84.458879, 33.698846 ], [ -84.45897, 33.698801 ], [ -84.459412, 33.698614 ], [ -84.459948, 33.698362 ], [ -84.460351, 33.698175 ], [ -84.461045, 33.697874 ], [ -84.461376, 33.697739 ], [ -84.461519, 33.697741 ], [ -84.461762, 33.697744 ], [ -84.461887, 33.697748 ], [ -84.463002, 33.697784 ], [ -84.463183, 33.697738 ], [ -84.463366, 33.69769 ], [ -84.464574, 33.697716 ], [ -84.465032, 33.697849 ], [ -84.465904, 33.697877 ], [ -84.466166, 33.697886 ], [ -84.466496, 33.69788 ], [ -84.466565, 33.697902 ], [ -84.466762, 33.697946 ], [ -84.467069, 33.698004 ], [ -84.467663, 33.698079 ], [ -84.46793, 33.698096 ], [ -84.468218, 33.698096 ], [ -84.468362, 33.69809 ], [ -84.468582, 33.69808 ], [ -84.469098, 33.698045 ], [ -84.470307, 33.697973 ], [ -84.472202, 33.697885 ], [ -84.472601, 33.697861 ], [ -84.473253, 33.697821 ], [ -84.474854, 33.697765 ], [ -84.476449, 33.697756 ], [ -84.476512, 33.697756 ], [ -84.476988, 33.69776 ], [ -84.477001, 33.697085 ], [ -84.477044, 33.694833 ], [ -84.477055, 33.694275 ], [ -84.477077, 33.693116 ], [ -84.478535, 33.693155 ], [ -84.479686, 33.693185 ], [ -84.480183, 33.693164 ], [ -84.481859, 33.693208 ], [ -84.482434, 33.693223 ], [ -84.482484, 33.691 ], [ -84.482978, 33.691013 ], [ -84.483027, 33.691016 ], [ -84.483108, 33.691021 ], [ -84.483788, 33.690963 ], [ -84.484012, 33.690935 ], [ -84.484205, 33.690915 ], [ -84.485681, 33.690755 ], [ -84.486337, 33.690684 ], [ -84.486351, 33.689987 ], [ -84.486357, 33.689559 ], [ -84.486394, 33.686813 ], [ -84.486403, 33.686157 ], [ -84.486412, 33.685518 ], [ -84.486425, 33.68454 ], [ -84.486469, 33.68132 ], [ -84.486491, 33.680068 ], [ -84.48651, 33.678984 ], [ -84.486528, 33.677923 ], [ -84.486566, 33.674393 ], [ -84.486607, 33.674393 ], [ -84.487561, 33.674418 ], [ -84.487562, 33.674314 ], [ -84.487566, 33.673877 ], [ -84.491153, 33.673944 ], [ -84.491896, 33.673947 ], [ -84.491929, 33.672768 ], [ -84.492006, 33.670039 ], [ -84.492019, 33.669616 ], [ -84.492024, 33.66944 ], [ -84.492103, 33.666629 ], [ -84.492117, 33.666113 ], [ -84.492151, 33.666068 ], [ -84.492151, 33.666112 ], [ -84.497319, 33.666094 ], [ -84.497434, 33.666096 ], [ -84.497552, 33.666098 ], [ -84.497798, 33.666103 ], [ -84.498034, 33.666108 ], [ -84.498178, 33.66611 ], [ -84.500548, 33.666156 ], [ -84.50531, 33.666247 ], [ -84.506476, 33.666269 ], [ -84.506476, 33.666244 ], [ -84.50648, 33.665109 ], [ -84.506495, 33.661049 ], [ -84.506493, 33.660993 ], [ -84.506497, 33.659918 ], [ -84.506498, 33.659426 ], [ -84.506505, 33.657375 ], [ -84.506514, 33.656876 ], [ -84.506486, 33.655836 ], [ -84.506486, 33.655125 ], [ -84.506486, 33.654162 ], [ -84.506655, 33.654157 ], [ -84.506901, 33.654163 ], [ -84.507194, 33.654179 ], [ -84.507535, 33.654221 ], [ -84.50798, 33.654303 ], [ -84.508729, 33.654492 ], [ -84.509308, 33.654636 ], [ -84.509993, 33.654794 ], [ -84.510255, 33.654855 ], [ -84.511402, 33.655121 ], [ -84.512913, 33.655472 ], [ -84.514393, 33.655835 ], [ -84.515591, 33.656124 ], [ -84.515917, 33.656209 ], [ -84.516197, 33.656267 ], [ -84.516313, 33.656291 ], [ -84.51632, 33.656192 ], [ -84.516324, 33.656115 ], [ -84.516351, 33.655592 ], [ -84.516491, 33.655599 ], [ -84.516709, 33.655589 ], [ -84.516941, 33.655654 ], [ -84.517028, 33.655687 ], [ -84.517145, 33.655732 ], [ -84.517287, 33.655741 ], [ -84.517411, 33.655759 ], [ -84.517525, 33.655775 ], [ -84.517723, 33.655788 ], [ -84.517963, 33.655804 ], [ -84.518124, 33.655812 ], [ -84.518227, 33.655803 ], [ -84.518528, 33.655807 ], [ -84.51875, 33.655825 ], [ -84.518909, 33.655849 ], [ -84.519144, 33.65581 ], [ -84.519177, 33.655798 ], [ -84.51924, 33.655776 ], [ -84.519416, 33.655714 ], [ -84.519839, 33.655684 ], [ -84.519899, 33.655697 ], [ -84.520107, 33.655662 ], [ -84.520313, 33.655687 ], [ -84.52056, 33.655731 ], [ -84.520747, 33.655755 ], [ -84.52097, 33.655711 ], [ -84.521142, 33.655697 ], [ -84.52129, 33.655729 ], [ -84.52141, 33.655757 ], [ -84.52161, 33.655788 ], [ -84.521616, 33.655835 ], [ -84.521651, 33.65615 ], [ -84.521669, 33.656304 ], [ -84.521726, 33.656704 ], [ -84.521756, 33.656919 ], [ -84.521944, 33.656919 ], [ -84.523571, 33.656919 ], [ -84.5259, 33.65692 ], [ -84.525878, 33.658496 ], [ -84.525872, 33.658909 ], [ -84.525927, 33.658922 ], [ -84.526109, 33.658964 ], [ -84.526618, 33.659034 ], [ -84.527098, 33.659067 ], [ -84.527236, 33.659076 ], [ -84.52822, 33.659121 ], [ -84.528507, 33.659142 ], [ -84.528609, 33.65916 ], [ -84.528663, 33.659161 ], [ -84.528678, 33.659161 ], [ -84.528695, 33.659779 ], [ -84.528595, 33.66021 ], [ -84.529282, 33.660312 ], [ -84.529227, 33.660596 ], [ -84.529106, 33.661452 ], [ -84.529061, 33.661666 ], [ -84.528933, 33.662037 ], [ -84.528751, 33.66238 ], [ -84.528666, 33.662509 ], [ -84.528573, 33.66262 ], [ -84.528108, 33.663058 ], [ -84.527944, 33.663177 ], [ -84.52758, 33.663405 ], [ -84.527207, 33.663616 ], [ -84.526619, 33.663886 ], [ -84.526303, 33.664009 ], [ -84.526106, 33.664077 ], [ -84.525924, 33.664123 ], [ -84.525797, 33.664143 ], [ -84.525865, 33.672409 ], [ -84.525862, 33.673115 ], [ -84.529852, 33.673153 ], [ -84.530791, 33.673156 ], [ -84.532013, 33.673161 ], [ -84.535503, 33.673209 ], [ -84.535649, 33.67321 ], [ -84.535657, 33.673444 ], [ -84.535589, 33.675962 ], [ -84.535565, 33.677028 ], [ -84.535556, 33.677489 ], [ -84.535798, 33.677547 ], [ -84.535757, 33.677722 ], [ -84.535737, 33.677898 ], [ -84.535723, 33.678244 ], [ -84.535634, 33.680635 ], [ -84.537502, 33.680681 ], [ -84.537639, 33.6807 ], [ -84.537767, 33.680741 ], [ -84.537959, 33.68061 ], [ -84.538225, 33.680646 ], [ -84.53862, 33.680678 ], [ -84.539539, 33.680707 ], [ -84.540582, 33.680717 ], [ -84.54145, 33.680703 ], [ -84.541897, 33.680696 ], [ -84.542349, 33.680705 ], [ -84.543427, 33.680736 ], [ -84.544674, 33.680748 ], [ -84.54556, 33.680764 ], [ -84.545546, 33.681109 ], [ -84.545501, 33.682439 ], [ -84.545445, 33.683976 ], [ -84.545364, 33.685467 ], [ -84.545348, 33.685835 ], [ -84.545311, 33.686705 ], [ -84.545233, 33.688582 ], [ -84.545243, 33.689218 ], [ -84.545219, 33.689677 ], [ -84.545197, 33.689823 ], [ -84.545389, 33.689827 ], [ -84.545265, 33.693626 ], [ -84.547454, 33.693692 ], [ -84.547343, 33.697608 ], [ -84.546622, 33.697587 ], [ -84.545139, 33.697546 ], [ -84.545134, 33.697848 ], [ -84.545122, 33.698675 ], [ -84.545165, 33.698794 ], [ -84.545537, 33.699821 ], [ -84.545628, 33.700035 ], [ -84.545136, 33.700185 ], [ -84.545103, 33.701441 ], [ -84.545099, 33.701641 ], [ -84.545294, 33.701471 ], [ -84.545634, 33.701174 ], [ -84.545965, 33.700903 ], [ -84.546146, 33.700844 ], [ -84.546329, 33.701037 ], [ -84.546428, 33.701142 ], [ -84.545935, 33.701718 ], [ -84.545692, 33.702004 ], [ -84.545141, 33.702706 ], [ -84.545131, 33.705601 ], [ -84.545129, 33.706049 ], [ -84.544984, 33.706046 ], [ -84.544743, 33.706041 ], [ -84.54491, 33.706801 ], [ -84.544983, 33.707134 ], [ -84.545452, 33.709282 ], [ -84.545104, 33.709304 ], [ -84.544976, 33.70927 ], [ -84.544861, 33.709239 ], [ -84.544807, 33.709237 ], [ -84.544379, 33.709219 ], [ -84.544125, 33.709403 ], [ -84.543861, 33.709416 ], [ -84.543036, 33.709456 ], [ -84.542982, 33.709454 ], [ -84.542823, 33.709454 ], [ -84.542703, 33.709398 ], [ -84.542596, 33.70938 ], [ -84.542441, 33.709312 ], [ -84.542107, 33.709307 ], [ -84.542026, 33.709305 ], [ -84.541862, 33.70936 ], [ -84.541457, 33.709412 ], [ -84.541418, 33.709418 ], [ -84.541396, 33.709417 ], [ -84.541171, 33.709403 ], [ -84.541171, 33.709359 ], [ -84.541173, 33.709194 ], [ -84.541173, 33.708953 ], [ -84.540376, 33.708949 ], [ -84.539559, 33.708946 ], [ -84.538726, 33.70894 ], [ -84.53834, 33.70894 ], [ -84.537034, 33.708933 ], [ -84.536732, 33.708932 ], [ -84.536112, 33.708924 ], [ -84.536227, 33.708601 ], [ -84.536298, 33.70787 ], [ -84.536357, 33.707324 ], [ -84.536423, 33.706677 ], [ -84.536473, 33.706084 ], [ -84.536494, 33.706 ], [ -84.535279, 33.705986 ], [ -84.53522, 33.709448 ], [ -84.535152, 33.709471 ], [ -84.535219, 33.709503 ], [ -84.535216, 33.709721 ], [ -84.535209, 33.710151 ], [ -84.535208, 33.710217 ], [ -84.535206, 33.710317 ], [ -84.535202, 33.710512 ], [ -84.535131, 33.712301 ], [ -84.535237, 33.712736 ], [ -84.535408, 33.713461 ], [ -84.5357, 33.713505 ], [ -84.535825, 33.713525 ], [ -84.535838, 33.713551 ], [ -84.535961, 33.71355 ], [ -84.536054, 33.71392 ], [ -84.536195, 33.714515 ], [ -84.536205, 33.714584 ], [ -84.536422, 33.715408 ], [ -84.536459, 33.71555 ], [ -84.536518, 33.715633 ], [ -84.53576, 33.715673 ], [ -84.535579, 33.715682 ], [ -84.535873, 33.71646 ], [ -84.535886, 33.716495 ], [ -84.535803, 33.716507 ], [ -84.535748, 33.716552 ], [ -84.535779, 33.716974 ], [ -84.535378, 33.717297 ], [ -84.535554, 33.717651 ], [ -84.53562, 33.717598 ], [ -84.535815, 33.717441 ], [ -84.535852, 33.71798 ], [ -84.535926, 33.71901 ], [ -84.536091, 33.721256 ], [ -84.536161, 33.722215 ], [ -84.536162, 33.722586 ], [ -84.536163, 33.723464 ], [ -84.536169, 33.724648 ], [ -84.536248, 33.724956 ], [ -84.536402, 33.725551 ], [ -84.536514, 33.725974 ], [ -84.536665, 33.726049 ], [ -84.53691, 33.72617 ], [ -84.53698, 33.726205 ], [ -84.537227, 33.726327 ], [ -84.537269, 33.726349 ], [ -84.536904, 33.726739 ], [ -84.536828, 33.726799 ], [ -84.537095, 33.726965 ], [ -84.537467, 33.727199 ], [ -84.537597, 33.727251 ], [ -84.537737, 33.727282 ], [ -84.537869, 33.727289 ], [ -84.539243, 33.727243 ], [ -84.539208, 33.727177 ], [ -84.539093, 33.726953 ], [ -84.538974, 33.72667 ], [ -84.53888, 33.726381 ], [ -84.538808, 33.726083 ], [ -84.538756, 33.725744 ], [ -84.538742, 33.725432 ], [ -84.538766, 33.725097 ], [ -84.538821, 33.724824 ], [ -84.538936, 33.724115 ], [ -84.539165, 33.722845 ], [ -84.539275, 33.722223 ], [ -84.539391, 33.722221 ], [ -84.539549, 33.722222 ], [ -84.543486, 33.722231 ], [ -84.543427, 33.721286 ], [ -84.543416, 33.720753 ], [ -84.543415, 33.72069 ], [ -84.543407, 33.720217 ], [ -84.543438, 33.720218 ], [ -84.544192, 33.720212 ], [ -84.544518, 33.720209 ], [ -84.544983, 33.720206 ], [ -84.545411, 33.720202 ], [ -84.54576, 33.7202 ], [ -84.545902, 33.720199 ], [ -84.545904, 33.720149 ], [ -84.545906, 33.720139 ], [ -84.546254, 33.720156 ], [ -84.546914, 33.720169 ], [ -84.547132, 33.720173 ], [ -84.547381, 33.720178 ], [ -84.547811, 33.720191 ], [ -84.548273, 33.720199 ], [ -84.548376, 33.720201 ], [ -84.548431, 33.720202 ], [ -84.548498, 33.720203 ], [ -84.548551, 33.720204 ], [ -84.549124, 33.720212 ], [ -84.549478, 33.720218 ], [ -84.549915, 33.720224 ], [ -84.550046, 33.720226 ], [ -84.550093, 33.720227 ], [ -84.550596, 33.720227 ], [ -84.550624, 33.72045 ], [ -84.550665, 33.720795 ], [ -84.550697, 33.721072 ], [ -84.550731, 33.721364 ], [ -84.550766, 33.721667 ], [ -84.550802, 33.721974 ], [ -84.550838, 33.722279 ], [ -84.550854, 33.722415 ], [ -84.550853, 33.722595 ] ], [ [ -84.320266, 33.798286 ], [ -84.320268, 33.797752 ], [ -84.320053, 33.79775 ], [ -84.32, 33.797739 ], [ -84.319888, 33.797716 ], [ -84.319856, 33.797716 ], [ -84.319521, 33.79772 ], [ -84.319472, 33.79772 ], [ -84.319355, 33.797454 ], [ -84.31928, 33.797401 ], [ -84.319144, 33.797539 ], [ -84.318813, 33.797875 ], [ -84.318482, 33.798211 ], [ -84.318227, 33.79847 ], [ -84.318236, 33.798596 ], [ -84.318451, 33.798771 ], [ -84.318335, 33.798943 ], [ -84.318353, 33.799149 ], [ -84.318386, 33.799201 ], [ -84.318705, 33.799062 ], [ -84.318676, 33.799033 ], [ -84.318552, 33.7989 ], [ -84.318807, 33.798725 ], [ -84.319139, 33.798497 ], [ -84.319469, 33.798271 ], [ -84.31947, 33.797995 ], [ -84.31952, 33.797995 ], [ -84.3198, 33.797992 ], [ -84.319887, 33.797994 ], [ -84.319988, 33.797997 ], [ -84.319967, 33.798449 ], [ -84.319981, 33.79844 ], [ -84.320271, 33.798344 ], [ -84.320266, 33.798286 ] ], [ [ -84.34806, 33.80505 ], [ -84.348205, 33.805055 ], [ -84.348614, 33.805057 ], [ -84.348615, 33.804976 ], [ -84.348615, 33.804958 ], [ -84.348618, 33.804703 ], [ -84.348618, 33.804688 ], [ -84.348618, 33.804626 ], [ -84.348065, 33.804624 ], [ -84.348066, 33.80468 ], [ -84.348062, 33.804931 ], [ -84.34806, 33.80505 ] ] ] ] } }
]
}
